segment,timestamp,t_in_measured_c,t_in_pred_one_step_c
train,2018-08-01 06:05:00,21.0,21.056208549574666
train,2018-08-01 06:10:00,21.0,21.047289787709058
train,2018-08-01 06:15:00,21.000000000000007,21.050502859590942
train,2018-08-01 06:20:00,21.0,21.047336981215146
train,2018-08-01 06:25:00,21.0,21.04037002583016
train,2018-08-01 06:30:00,21.0,21.031323431620546
train,2018-08-01 06:35:00,21.0,21.021412270472453
train,2018-08-01 06:40:00,21.000000000000004,21.012066805521048
train,2018-08-01 06:45:00,21.0,21.004195953047695
train,2018-08-01 06:50:00,21.0,20.998130447539886
train,2018-08-01 06:55:00,21.0,20.993661250702456
train,2018-08-01 07:00:00,21.0,20.990311821356833
train,2018-08-01 07:05:00,21.0,20.987822997769573
train,2018-08-01 07:10:00,21.0,20.985765292846807
train,2018-08-01 07:15:00,21.0,20.983880862362565
train,2018-08-01 07:20:00,21.000000000000004,20.981483886993676
train,2018-08-01 07:25:00,21.000000000000004,20.97920550107335
train,2018-08-01 07:30:00,21.0,20.9770493656674
train,2018-08-01 07:35:00,21.000000000000007,20.974884557639367
train,2018-08-01 07:40:00,21.0,20.972760859613107
train,2018-08-01 07:45:00,21.0,20.970686847878266
train,2018-08-01 07:50:00,21.0,20.968654508978407
train,2018-08-01 07:55:00,21.0,20.966655976291786
train,2018-08-01 08:00:00,21.0,20.964685690531727
train,2018-08-01 08:05:00,21.0,20.962743910714398
train,2018-08-01 08:10:00,21.0,20.960836112778928
train,2018-08-01 08:15:00,21.0,20.958966482634757
train,2018-08-01 08:20:00,21.000000000000004,20.957164683455343
train,2018-08-01 08:25:00,21.0,20.955390777127977
train,2018-08-01 08:30:00,21.0,20.953621420336333
train,2018-08-01 08:35:00,21.0,20.952297783596755
train,2018-08-01 08:40:00,21.0,20.950995450952675
train,2018-08-01 08:45:00,21.0,20.949669008301104
train,2018-08-01 08:50:00,21.0,20.94831669287678
train,2018-08-01 08:55:00,21.0,20.94693749435702
train,2018-08-01 09:00:00,21.000000000000004,20.945538789527564
train,2018-08-01 09:05:00,21.000000000000004,20.944128784483045
train,2018-08-01 09:10:00,21.000000000000004,20.94271669232533
train,2018-08-01 09:15:00,21.0,20.94131083475937
train,2018-08-01 09:20:00,21.00051883494952,20.939946651599715
train,2018-08-01 09:25:00,21.00360202904455,20.938804414549413
train,2018-08-01 09:30:00,21.010145185463333,20.938103534681186
train,2018-08-01 09:35:00,21.02018640862822,20.938112844276155
train,2018-08-01 09:40:00,21.033329998963342,20.93905144205794
train,2018-08-01 09:45:00,21.0491372758079,20.941067502121324
train,2018-08-01 09:50:00,21.067259168133656,20.944248062623593
train,2018-08-01 09:55:00,21.08740130583276,20.948635319853476
train,2018-08-01 10:00:00,21.10937252469149,20.954245849117275
train,2018-08-01 10:05:00,21.13228295557794,20.960830570426563
train,2018-08-01 10:10:00,21.156085750164547,20.968436310645817
train,2018-08-01 10:15:00,21.18087208259514,20.97707763011592
train,2018-08-01 10:20:00,21.20676253537308,20.986791544532586
train,2018-08-01 10:25:00,21.23363318522735,20.99764005430933
train,2018-08-01 10:30:00,21.26123531107661,21.009691814267793
train,2018-08-01 10:35:00,21.289550713305545,21.02301427830124
train,2018-08-01 10:40:00,21.318558962501527,21.037682467921183
train,2018-08-01 10:45:00,21.34812766998452,21.05377210540541
train,2018-08-01 10:50:00,21.37813742627629,21.071334329480308
train,2018-08-01 10:55:00,21.408466674468496,21.090389395747792
train,2018-08-01 11:00:00,21.43905866099789,21.110920862576066
train,2018-08-01 11:05:00,21.47041935880826,21.133508392769947
train,2018-08-01 11:10:00,21.502633268705896,21.157727655321615
train,2018-08-01 11:15:00,21.53560925394577,21.183241462631837
train,2018-08-01 11:20:00,21.56924151014778,21.209768629724877
train,2018-08-01 11:25:00,21.603460216117124,21.237078558999343
train,2018-08-01 11:30:00,21.6382261041094,21.26498599858898
train,2018-08-01 11:35:00,21.67357766494964,21.293349585847942
train,2018-08-01 11:40:00,21.709524942629088,21.322038853951412
train,2018-08-01 11:45:00,21.746232496758573,21.350966084182453
train,2018-08-01 11:50:00,21.783994233250613,21.380085636246267
train,2018-08-01 11:55:00,21.82266039676705,21.409387892993553
train,2018-08-01 12:00:00,21.86201395466174,21.43888543932124
train,2018-08-01 12:05:00,21.90143992259124,21.467894409500612
train,2018-08-01 12:10:00,21.94058272400156,21.496711946709517
train,2018-08-01 12:15:00,21.9793517367606,21.52553636809107
train,2018-08-01 12:20:00,22.01774843424753,21.554508605105664
train,2018-08-01 12:25:00,22.05587357060332,21.58373472034476
train,2018-08-01 12:30:00,22.093956153879688,21.61330075568699
train,2018-08-01 12:35:00,22.1319434855359,21.64328823885746
train,2018-08-01 12:40:00,22.169597847932668,21.6738258677047
train,2018-08-01 12:45:00,22.20674120242716,21.705117676720352
train,2018-08-01 12:50:00,22.243341686253324,21.73742325798749
train,2018-08-01 12:55:00,22.27935036797641,21.771144838296852
train,2018-08-01 13:00:00,22.31481514951328,21.807056663750117
train,2018-08-01 13:05:00,22.349846914105708,21.847037072739532
train,2018-08-01 13:10:00,22.3843000402338,21.898337887453465
train,2018-08-01 13:15:00,22.4181219522537,21.971954404756396
train,2018-08-01 13:20:00,22.45130013672158,22.04306111471475
train,2018-08-01 13:25:00,22.4837752056204,22.097755657640196
train,2018-08-01 13:30:00,22.51537165901431,22.13834920116582
train,2018-08-01 13:35:00,22.54591540118294,22.170195440253057
train,2018-08-01 13:40:00,22.57498172665232,22.19709782949161
train,2018-08-01 13:45:00,22.6022436384695,22.221142929152695
train,2018-08-01 13:50:00,22.62772972742908,22.24336777941769
train,2018-08-01 13:55:00,22.651373949191616,22.264145872075208
train,2018-08-01 14:00:00,22.67321343293529,22.283557185347217
train,2018-08-01 14:05:00,22.69380394234297,22.302714130235824
train,2018-08-01 14:10:00,22.713441672428992,22.321421351408702
train,2018-08-01 14:15:00,22.732159279205067,22.33940065752751
train,2018-08-01 14:20:00,22.749925622302527,22.356437018085003
train,2018-08-01 14:25:00,22.766797515241905,22.37247451890432
train,2018-08-01 14:30:00,22.78289890048752,22.38763020111654
train,2018-08-01 14:35:00,22.798979848660256,22.402214010270214
train,2018-08-01 14:40:00,22.81505893317028,22.416344875705814
train,2018-08-01 14:45:00,22.83111844944656,22.430214268201706
train,2018-08-01 14:50:00,22.847417176964843,22.44399311517975
train,2018-08-01 14:55:00,22.863870544903243,22.457739168302965
train,2018-08-01 15:00:00,22.88044334624924,22.471519981709108
train,2018-08-01 15:05:00,22.89732635010869,22.485386225714283
train,2018-08-01 15:10:00,22.914606951365343,22.499356461434864
train,2018-08-01 15:15:00,22.932438788701464,22.51346314077592
train,2018-08-01 15:20:00,22.951178226974395,22.5277375776011
train,2018-08-01 15:25:00,22.9708545403157,22.542218621115
train,2018-08-01 15:30:00,22.99147918377022,22.556940879265916
train,2018-08-01 15:35:00,23.013230541482564,22.571973464683005
train,2018-08-01 15:40:00,23.035443662523605,22.58727446735557
train,2018-08-01 15:45:00,23.05751445702934,22.60283436047339
train,2018-08-01 15:50:00,23.10300657409692,22.620308759343125
train,2018-08-01 15:55:00,23.162873203494605,22.63882013322157
train,2018-08-01 16:00:00,23.22607833223036,22.65880633851164
train,2018-08-01 16:05:00,23.29809710856493,22.68095620058121
train,2018-08-01 16:10:00,23.37287204599773,22.704823752236432
train,2018-08-01 16:15:00,23.44486112756552,22.730507084492938
train,2018-08-01 16:20:00,23.491050348094525,22.756406564424548
train,2018-08-01 16:25:00,23.51942015455214,22.782944887929013
train,2018-08-01 16:30:00,23.540465752486423,22.80958220746741
train,2018-08-01 16:35:00,23.556926255303186,22.835875328451724
train,2018-08-01 16:40:00,23.571733106145224,22.861967406497516
train,2018-08-01 16:45:00,23.58626616331221,22.88792239200992
train,2018-08-01 16:50:00,23.601897517859527,22.9140372133688
train,2018-08-01 16:55:00,23.6180604347261,22.940572230864174
train,2018-08-01 17:00:00,23.63400129376732,22.96819222761218
train,2018-08-01 17:05:00,23.649842469904144,22.99781435928711
train,2018-08-01 17:10:00,23.66527818068221,23.029531476020757
train,2018-08-01 17:15:00,23.67999733428609,23.062383823689718
train,2018-08-01 17:20:00,23.69354345418901,23.095158113280934
train,2018-08-01 17:25:00,23.705797026860257,23.12688670191361
train,2018-08-01 17:30:00,23.71680514230961,23.157075231314728
train,2018-08-01 17:35:00,23.73097319585788,23.186353380066773
train,2018-08-01 17:40:00,23.74795609221986,23.215036165944646
train,2018-08-01 17:45:00,23.7665497469987,23.243171254432955
train,2018-08-01 17:50:00,23.787297660525013,23.271184245175824
train,2018-08-01 17:55:00,23.809129505793447,23.299151596802606
train,2018-08-01 18:00:00,23.83124157509902,23.327024939433
train,2018-08-01 18:05:00,23.85707708956292,23.3548702385547
train,2018-08-01 18:10:00,23.884633874650955,23.38224972974912
train,2018-08-01 18:15:00,23.91170221090041,23.40880903566417
train,2018-08-01 18:20:00,23.940291375703453,23.435111918903324
train,2018-08-01 18:25:00,23.96958380079488,23.46104043606397
train,2018-08-01 18:30:00,23.998296003943583,23.486580904526942
train,2018-08-01 18:35:00,23.9999975348217,23.50497018826729
train,2018-08-01 18:40:00,23.99999999803881,23.524706204855928
train,2018-08-01 18:45:00,23.99999999999803,23.543395069757025
train,2018-08-01 18:50:00,24.0,23.56223077949061
train,2018-08-01 18:55:00,24.000000000000004,23.58119248530473
train,2018-08-01 19:00:00,24.0,23.60026824498424
train,2018-08-01 19:05:00,24.0,23.618754332546796
train,2018-08-01 19:10:00,24.0,23.63647088136793
train,2018-08-01 19:15:00,24.000000000000004,23.653328989202144
train,2018-08-01 19:20:00,24.0,23.66901124305914
train,2018-08-01 19:25:00,24.000000000000004,23.683586227012448
train,2018-08-01 19:30:00,24.000000000000004,23.69707906962713
train,2018-08-01 19:35:00,24.0,23.70949224305093
train,2018-08-01 19:40:00,24.000000000000004,23.72085894218585
train,2018-08-01 19:45:00,24.0,23.731223249639665
train,2018-08-01 19:50:00,24.0,23.740620794719344
train,2018-08-01 19:55:00,24.0,23.749087294929826
train,2018-08-01 20:00:00,24.0,23.756687878171896
train,2018-08-01 20:05:00,24.0,23.763814815041314
train,2018-08-01 20:10:00,24.0,23.77036001195064
train,2018-08-01 20:15:00,24.000000000000004,23.77630815297127
train,2018-08-01 20:20:00,23.999224348433657,23.78164274607466
train,2018-08-01 20:25:00,23.995892608366955,23.78624350961759
train,2018-08-01 20:30:00,23.989358403926133,23.790089918504094
train,2018-08-01 20:35:00,23.973998818406688,23.79274487448549
train,2018-08-01 20:40:00,23.95229808336865,23.794323570823675
train,2018-08-01 20:45:00,23.927358317334622,23.794614518853837
train,2018-08-01 20:50:00,23.898001086699345,23.793239668299947
train,2018-08-01 20:55:00,23.865894574268005,23.79030929070815
train,2018-08-01 21:00:00,23.832535360638182,23.785813761160238
train,2018-08-01 21:05:00,23.792452687931835,23.78010323406683
train,2018-08-01 21:10:00,23.74961362231421,23.77294111779973
train,2018-08-01 21:15:00,23.70742706437241,23.764235104989787
train,2018-08-01 21:20:00,23.66721757260396,23.754031450175667
train,2018-08-01 21:25:00,23.62908681241637,23.742442096963305
train,2018-08-01 21:30:00,23.592694521521786,23.729582025055215
train,2018-08-01 21:35:00,23.551944701181505,23.715146315110566
train,2018-08-01 21:40:00,23.50868956273044,23.699260939947777
train,2018-08-01 21:45:00,23.46552173054965,23.68178407173608
train,2018-08-01 21:50:00,23.420861766925448,23.662437604236672
train,2018-08-01 21:55:00,23.376041952844723,23.641230635568725
train,2018-08-01 22:00:00,23.33231010999529,23.61798749085043
train,2018-08-01 22:05:00,23.289257249587333,23.59172846574498
train,2018-08-01 22:10:00,23.247716173170623,23.5617482219748
train,2018-08-01 22:15:00,23.208177406448577,23.5264407789076
train,2018-08-01 22:20:00,23.17000951781634,23.482338427983816
train,2018-08-01 22:25:00,23.133426150897392,23.432034446440262
train,2018-08-01 22:30:00,23.098470715523163,23.381786095686508
train,2018-08-01 22:35:00,23.063797250983693,23.33551437335021
train,2018-08-01 22:40:00,23.029672975183257,23.294235019089385
train,2018-08-01 22:45:00,22.99651683381797,23.25726440627862
train,2018-08-01 22:50:00,22.96359860196298,23.223230762400963
train,2018-08-01 22:55:00,22.931159879029963,23.191099328669562
train,2018-08-01 23:00:00,22.8994766886207,23.16004212878187
train,2018-08-01 23:05:00,22.87728387386216,23.128203009885368
train,2018-08-01 23:10:00,22.859532548197738,23.095799450604755
train,2018-08-01 23:15:00,22.841417987486857,23.062943946088335
train,2018-08-01 23:20:00,22.82093595830084,23.029557705613936
train,2018-08-01 23:25:00,22.79784373190571,22.995526867428254
train,2018-08-01 23:30:00,22.772487017075008,22.960797631429067
train,2018-08-01 23:35:00,22.74523433808543,22.92539040242838
train,2018-08-01 23:40:00,22.71634285936848,22.889373321186003
train,2018-08-01 23:45:00,22.68597719908016,22.852829110396105
train,2018-08-01 23:50:00,22.65425113863591,22.815830193382553
train,2018-08-01 23:55:00,22.621253005629004,22.778425658540097
train,2018-08-02 00:00:00,22.587055732804394,22.74063788523436
train,2018-08-02 00:05:00,22.55231906393338,22.70450724396143
train,2018-08-02 00:10:00,22.51750204806692,22.67003998014936
train,2018-08-02 00:15:00,22.48275307628239,22.637047219637807
train,2018-08-02 00:20:00,22.448052966394627,22.605244178621955
train,2018-08-02 00:25:00,22.41334452647457,22.57431725330156
train,2018-08-02 00:30:00,22.37857154216483,22.5439662176735
train,2018-08-02 00:35:00,22.343694419212145,22.513925570827112
train,2018-08-02 00:40:00,22.30868282840083,22.483972917497997
train,2018-08-02 00:45:00,22.273514466189432,22.45392925098329
train,2018-08-02 00:50:00,22.23817448936472,22.42365574946169
train,2018-08-02 00:55:00,22.2026548565268,22.393049129834704
train,2018-08-02 01:00:00,22.16695359865495,22.362036564861242
train,2018-08-02 01:05:00,22.130456346992027,22.32968211180204
train,2018-08-02 01:10:00,22.09336152856807,22.29614634992698
train,2018-08-02 01:15:00,22.05594262229676,22.261495995143953
train,2018-08-02 01:20:00,22.01834534037752,22.22583256068074
train,2018-08-02 01:25:00,21.98062263124368,22.189272798369917
train,2018-08-02 01:30:00,21.942791379323545,22.151966206749247
train,2018-08-02 01:35:00,21.904865256422426,22.114061259623323
train,2018-08-02 01:40:00,21.86684879391974,22.07568937273722
train,2018-08-02 01:45:00,21.82875317725665,22.03695710556443
train,2018-08-02 01:50:00,21.79059003667137,21.99794077881441
train,2018-08-02 01:55:00,21.75236880430065,21.958683397388874
train,2018-08-02 02:00:00,21.7140963260458,21.919194973184663
train,2018-08-02 02:05:00,21.67644584298453,21.881235430067413
train,2018-08-02 02:10:00,21.63959114336215,21.84457089906199
train,2018-08-02 02:15:00,21.603473702957206,21.808905841794328
train,2018-08-02 02:20:00,21.56799018346896,21.773887503169238
train,2018-08-02 02:25:00,21.533057583880453,21.739171208756893
train,2018-08-02 02:30:00,21.49861857669692,21.70446832589017
train,2018-08-02 02:35:00,21.46463213505903,21.66968812076328
train,2018-08-02 02:40:00,21.43106627037778,21.634834810730823
train,2018-08-02 02:45:00,21.39789494757356,21.5999202402938
train,2018-08-02 02:50:00,21.36510554140631,21.564954449841387
train,2018-08-02 02:55:00,21.33267621552329,21.529940909293686
train,2018-08-02 03:00:00,21.300594833395056,21.49487310712001
train,2018-08-02 03:05:00,21.267830957883994,21.45763567590405
train,2018-08-02 03:10:00,21.234333420887328,21.41858385993342
train,2018-08-02 03:15:00,21.200316309250542,21.377807582950393
train,2018-08-02 03:20:00,21.16595877070224,21.335315209231705
train,2018-08-02 03:25:00,21.131360304855583,21.291063857460163
train,2018-08-02 03:30:00,21.09657162797776,21.244990819905063
train,2018-08-02 03:35:00,21.06162394034475,21.1970539461281
train,2018-08-02 03:40:00,21.02654216696989,21.147285818498553
train,2018-08-02 03:45:00,20.99134802550036,21.095860587130723
train,2018-08-02 03:50:00,20.956059630274865,21.043158801862646
train,2018-08-02 03:55:00,20.920690875130003,20.98979588468947
train,2018-08-02 04:00:00,20.885251384236263,20.936570125342342
train,2018-08-02 04:05:00,20.835752083347145,20.88353057354059
train,2018-08-02 04:10:00,20.77927534153132,20.83246634400676
train,2018-08-02 04:15:00,20.722906870905067,20.78186729269689
train,2018-08-02 04:20:00,20.6696767000574,20.731628045744134
train,2018-08-02 04:25:00,20.62002036142459,20.682214501471428
train,2018-08-02 04:30:00,20.573460652888016,20.634103373680897
train,2018-08-02 04:35:00,20.52945833448664,20.587611102807532
train,2018-08-02 04:40:00,20.487632695053424,20.54446116196112
train,2018-08-02 04:45:00,20.44773574258288,20.50445722335463
train,2018-08-02 04:50:00,20.40959058175298,20.467146025715877
train,2018-08-02 04:55:00,20.37305397618729,20.432152176011357
train,2018-08-02 05:00:00,20.33800198464054,20.399171562575262
train,2018-08-02 05:05:00,20.97998984157212,20.470325397686114
train,2018-08-02 05:10:00,21.32567644974504,20.542689622304028
train,2018-08-02 05:15:00,21.35381291308125,20.64008363658455
train,2018-08-02 05:20:00,21.2426846682802,20.712420377929675
train,2018-08-02 05:25:00,21.11070100177824,20.758725194097266
train,2018-08-02 05:30:00,20.9985935709288,20.785807026258016
train,2018-08-02 05:35:00,20.99999403330586,20.82233438129014
train,2018-08-02 05:40:00,20.99999999347081,20.840548664439385
train,2018-08-02 05:45:00,20.99999999998643,20.860861658346145
train,2018-08-02 05:50:00,20.99999999999999,20.877243336044568
train,2018-08-02 05:55:00,21.000000000000004,20.890044440436924
train,2018-08-02 06:00:00,21.0,20.89974131671953
train,2018-08-02 06:05:00,21.0,20.908685647658174
train,2018-08-02 06:10:00,21.000000000000004,20.91716748365957
train,2018-08-02 06:15:00,21.0,20.925318335721478
train,2018-08-02 06:20:00,21.0,20.933133672755915
train,2018-08-02 06:25:00,20.99843207102156,20.940197102033164
train,2018-08-02 06:30:00,20.99999985769058,20.947891347667476
train,2018-08-02 06:35:00,21.000208736502245,20.954530356368497
train,2018-08-02 06:40:00,21.00086651846542,20.96146496625983
train,2018-08-02 06:45:00,21.0040589145977,20.968664132366463
train,2018-08-02 06:50:00,21.008770513080627,20.975864779108303
train,2018-08-02 06:55:00,21.01562477357737,20.983616337149883
train,2018-08-02 07:00:00,21.0252411024996,20.99201881179772
train,2018-08-02 07:05:00,21.01533222253612,20.994821167658014
train,2018-08-02 07:10:00,21.00000439021172,20.99825384229745
train,2018-08-02 07:15:00,21.00000000404157,21.003619362833817
train,2018-08-02 07:20:00,21.0000000000022,21.005341672227566
train,2018-08-02 07:25:00,21.0,21.007459127956675
train,2018-08-02 07:30:00,21.0,21.009200229463126
train,2018-08-02 07:35:00,21.0,21.010628214482725
train,2018-08-02 07:40:00,21.0,21.011824660163626
train,2018-08-02 07:45:00,21.0,21.012863263164544
train,2018-08-02 07:50:00,21.0,21.013805917404856
train,2018-08-02 07:55:00,21.0,21.014597744180918
train,2018-08-02 08:00:00,20.99919656859188,21.015177130866757
train,2018-08-02 08:05:00,21.00035740642697,21.015289800393614
train,2018-08-02 08:10:00,21.004609363033392,21.015036659237225
train,2018-08-02 08:15:00,21.012002443486445,21.014712042916425
train,2018-08-02 08:20:00,21.02222464609843,21.01456311379147
train,2018-08-02 08:25:00,21.0349441078118,21.01477815010094
train,2018-08-02 08:30:00,21.0498791211824,21.015494863380916
train,2018-08-02 08:35:00,21.06721170127671,21.01684184033586
train,2018-08-02 08:40:00,21.086775019161664,21.018870779672543
train,2018-08-02 08:45:00,21.10842140106276,21.02164487288369
train,2018-08-02 08:50:00,21.13214402593176,21.025224751987352
train,2018-08-02 08:55:00,21.15788373094068,21.02962488646398
train,2018-08-02 09:00:00,21.18559459609656,21.034871132032823
train,2018-08-02 09:05:00,21.21535173136777,21.045546346080204
train,2018-08-02 09:10:00,21.24756469766904,21.061009925974318
train,2018-08-02 09:15:00,21.28258509636772,21.080744020407593
train,2018-08-02 09:20:00,21.320372383246024,21.104397705462077
train,2018-08-02 09:25:00,21.36077650478644,21.131714786429683
train,2018-08-02 09:30:00,21.40369527620322,21.162483853638182
train,2018-08-02 09:35:00,21.46648999517281,21.200631405002206
train,2018-08-02 09:40:00,21.54255000307404,21.242385913160437
train,2018-08-02 09:45:00,21.62378836159936,21.288143484017798
train,2018-08-02 09:50:00,21.71500707291359,21.339858210298146
train,2018-08-02 09:55:00,21.812070032524765,21.395509886434496
train,2018-08-02 10:00:00,21.91103560559772,21.45495145780254
train,2018-08-02 10:05:00,22.00939406108718,21.51655733198277
train,2018-08-02 10:10:00,22.10692802331048,21.580287576191168
train,2018-08-02 10:15:00,22.20407782298992,21.646222248937292
train,2018-08-02 10:20:00,22.30126609979138,21.714606210071967
train,2018-08-02 10:25:00,22.39874700412356,21.785690902137066
train,2018-08-02 10:30:00,22.496648148312783,21.859625148309668
train,2018-08-02 10:35:00,22.594955397305043,21.936438249024818
train,2018-08-02 10:40:00,22.693595605897457,22.01602712736656
train,2018-08-02 10:45:00,22.792536632212748,22.098242695268393
train,2018-08-02 10:50:00,22.86891803272918,22.17755330092838
train,2018-08-02 10:55:00,22.93124993276692,22.258063684159975
train,2018-08-02 11:00:00,22.990167574683426,22.33900237419009
train,2018-08-02 11:05:00,23.04742064348089,22.416747091329267
train,2018-08-02 11:10:00,23.105293062922545,22.49247661995779
train,2018-08-02 11:15:00,23.16487231916567,22.566735079666607
train,2018-08-02 11:20:00,23.22631467106645,22.640113699224507
train,2018-08-02 11:25:00,23.289383382809536,22.713167526469565
train,2018-08-02 11:30:00,23.3537709529808,22.786385623923348
train,2018-08-02 11:35:00,23.4194827000648,22.860207316276313
train,2018-08-02 11:40:00,23.486311305824497,22.934678586780134
train,2018-08-02 11:45:00,23.554078084525194,23.009913617499286
train,2018-08-02 11:50:00,23.62290177718945,23.086074168561424
train,2018-08-02 11:55:00,23.692561407306524,23.163304754045633
train,2018-08-02 12:00:00,23.762578221543325,23.24181553753561
train,2018-08-02 12:05:00,23.831234801986547,23.323032276915708
train,2018-08-02 12:10:00,23.89943450090011,23.407297261917893
train,2018-08-02 12:15:00,23.968171298518257,23.494682280581006
train,2018-08-02 12:20:00,23.99993898407449,23.578140114501775
train,2018-08-02 12:25:00,23.999999844751745,23.661598141599473
train,2018-08-02 12:30:00,23.9999999996698,23.745621868414453
train,2018-08-02 12:35:00,23.99999999999913,23.822623915734653
train,2018-08-02 12:40:00,24.0,23.89304710933072
train,2018-08-02 12:45:00,24.000000000000004,23.957757676419043
train,2018-08-02 12:50:00,24.000000000000004,24.017712689760828
train,2018-08-02 12:55:00,24.0,24.07355553463375
train,2018-08-02 13:00:00,24.0,24.125200064921124
train,2018-08-02 13:05:00,24.0,24.16564223750935
train,2018-08-02 13:10:00,24.000000000000004,24.197003319659
train,2018-08-02 13:15:00,24.0,24.22127594304935
train,2018-08-02 13:20:00,24.0,24.239913226461486
train,2018-08-02 13:25:00,24.0,24.25417390830655
train,2018-08-02 13:30:00,24.0,24.26505271499296
train,2018-08-02 13:35:00,24.0,24.27323014569218
train,2018-08-02 13:40:00,24.000000000000004,24.279308385828003
train,2018-08-02 13:45:00,24.0,24.28370115384211
train,2018-08-02 13:50:00,24.0,24.286581273046025
train,2018-08-02 13:55:00,24.0,24.288188541581107
train,2018-08-02 14:00:00,24.0,24.288676713531306
train,2018-08-02 14:05:00,24.0,24.29217610163319
train,2018-08-02 14:10:00,24.0,24.29806354029177
train,2018-08-02 14:15:00,24.0,24.305730331321936
train,2018-08-02 14:20:00,24.0,24.314588777153293
train,2018-08-02 14:25:00,24.0,24.324112497498252
train,2018-08-02 14:30:00,24.0,24.333855069359643
train,2018-08-02 14:35:00,24.0,24.343113025077514
train,2018-08-02 14:40:00,24.000000000000004,24.351828798884814
train,2018-08-02 14:45:00,24.0,24.360013010298108
train,2018-08-02 14:50:00,24.000000000659195,24.367474054021475
train,2018-08-02 14:55:00,24.00000000074765,24.374330547878042
train,2018-08-02 15:00:00,23.999920168619408,24.380668295378324
train,2018-08-02 15:05:00,23.999999373049143,24.38584953706418
train,2018-08-02 15:10:00,23.99999999504209,24.389919811182935
train,2018-08-02 15:15:00,23.99999999996045,24.393114520824582
train,2018-08-02 15:20:00,23.99999999999969,24.395726042500563
train,2018-08-02 15:25:00,24.000000000000004,24.397896362088336
train,2018-08-02 15:30:00,24.000000000000004,24.399749615841504
train,2018-08-02 15:35:00,24.0,24.401434676387385
train,2018-08-02 15:40:00,24.000000000000004,24.403004286429802
train,2018-08-02 15:45:00,24.000000000000004,24.404506489501053
train,2018-08-02 15:50:00,24.0,24.406008210997914
train,2018-08-02 15:55:00,24.0,24.407522602748916
train,2018-08-02 16:00:00,24.0,24.409060641973937
train,2018-08-02 16:05:00,24.000000000000004,24.40971125778201
train,2018-08-02 16:10:00,24.000000000000004,24.409639585704728
train,2018-08-02 16:15:00,24.0,24.408954367695575
train,2018-08-02 16:20:00,24.0,24.407768798388965
train,2018-08-02 16:25:00,24.000000000000004,24.406175188340764
train,2018-08-02 16:30:00,23.999999999045738,24.40424295509085
train,2018-08-02 16:35:00,23.99999999958884,24.402067948285122
train,2018-08-02 16:40:00,23.99999999862962,24.39978633557397
train,2018-08-02 16:45:00,24.00000000081402,24.397473894571448
train,2018-08-02 16:50:00,23.999999999213312,24.395138261509107
train,2018-08-02 16:55:00,24.000000001371017,24.392818229868222
train,2018-08-02 17:00:00,24.00000000005724,24.390634172873824
train,2018-08-02 17:05:00,23.99999999857,24.386644384548404
train,2018-08-02 17:10:00,23.999999999263963,24.381199415691363
train,2018-08-02 17:15:00,24.000000000253944,24.37458602175873
train,2018-08-02 17:20:00,23.9999999982565,24.3671330184646
train,2018-08-02 17:25:00,23.99999999998564,24.3589678439954
train,2018-08-02 17:30:00,23.999999999999886,24.350224189129772
train,2018-08-02 17:35:00,24.0,24.340828848362854
train,2018-08-02 17:40:00,24.0,24.330897803570636
train,2018-08-02 17:45:00,24.000000000000004,24.32055011281532
train,2018-08-02 17:50:00,24.0,24.309840934607454
train,2018-08-02 17:55:00,24.0,24.29880461403822
train,2018-08-02 18:00:00,24.0,24.287562824626097
train,2018-08-02 18:05:00,24.0,24.27813036753171
train,2018-08-02 18:10:00,24.0,24.269204975090016
train,2018-08-02 18:15:00,24.000000000000004,24.26067246435827
train,2018-08-02 18:20:00,24.0,24.252407930348845
train,2018-08-02 18:25:00,24.0,24.24440306696002
train,2018-08-02 18:30:00,24.000000000000004,24.236613572775333
train,2018-08-02 18:35:00,24.0,24.229008960246563
train,2018-08-02 18:40:00,24.0,24.22164383701185
train,2018-08-02 18:45:00,24.0,24.21457914252585
train,2018-08-02 18:50:00,24.000000000000004,24.20772900756895
train,2018-08-02 18:55:00,24.0,24.2010858236076
train,2018-08-02 19:00:00,24.0,24.195120764989312
train,2018-08-02 19:05:00,24.000000000000004,24.19060158120382
train,2018-08-02 19:10:00,24.0,24.187598366955818
train,2018-08-02 19:15:00,24.000000000000004,24.18581389612608
train,2018-08-02 19:20:00,24.0,24.185030615794535
train,2018-08-02 19:25:00,24.000000000000004,24.185079461576972
train,2018-08-02 19:30:00,24.0,24.185821464638924
train,2018-08-02 19:35:00,24.0,24.187265195812856
train,2018-08-02 19:40:00,24.000000000000004,24.189206294496902
train,2018-08-02 19:45:00,24.0,24.19152859945165
train,2018-08-02 19:50:00,24.000000000000004,24.194220344111283
train,2018-08-02 19:55:00,24.0,24.19717945351246
train,2018-08-02 20:00:00,24.0,24.20032774586279
train,2018-08-02 20:05:00,24.0,24.20376500182624
train,2018-08-02 20:10:00,24.000000000000004,24.207371207806094
train,2018-08-02 20:15:00,24.0,24.211059550827006
train,2018-08-02 20:20:00,24.0,24.214858380021997
train,2018-08-02 20:25:00,24.0,24.218698567678118
train,2018-08-02 20:30:00,24.000000000000004,24.222532864651722
train,2018-08-02 20:35:00,24.000000000000004,24.226338112926967
train,2018-08-02 20:40:00,24.0,24.23010314217032
train,2018-08-02 20:45:00,24.0,24.233814533374016
train,2018-08-02 20:50:00,24.0,24.237385114782075
train,2018-08-02 20:55:00,24.000000000000004,24.240866554980535
train,2018-08-02 21:00:00,24.0,24.244285923716653
train,2018-08-02 21:05:00,24.06681911065231,24.25518257811175
train,2018-08-02 21:10:00,24.169324821217632,24.266155120867783
train,2018-08-02 21:15:00,24.275534452341216,24.278872564061633
train,2018-08-02 21:20:00,24.37169266704626,24.29348120076284
train,2018-08-02 21:25:00,24.4558175554846,24.309513225924018
train,2018-08-02 21:30:00,24.52997123304985,24.326379994180513
train,2018-08-02 21:35:00,24.59362982560672,24.343236656874467
train,2018-08-02 21:40:00,24.64928658910666,24.359931221250186
train,2018-08-02 21:45:00,24.69907939539268,24.37610065376253
train,2018-08-02 21:50:00,24.7425054250089,24.39132136244331
train,2018-08-02 21:55:00,24.780508920585124,24.405554596178302
train,2018-08-02 22:00:00,24.813939009250536,24.418653584169622
train,2018-08-02 22:05:00,24.84187792995203,24.431791444284634
train,2018-08-02 22:10:00,24.86525623038944,24.44499645461129
train,2018-08-02 22:15:00,24.885006895949857,24.458139863379678
train,2018-08-02 22:20:00,24.90091741324003,24.47102569414944
train,2018-08-02 22:25:00,24.913531216662896,24.483654125341836
train,2018-08-02 22:30:00,24.92341393748859,24.495942015231062
train,2018-08-02 22:35:00,24.930927966681605,24.50782341704172
train,2018-08-02 22:40:00,24.93629882297611,24.519243752159362
train,2018-08-02 22:45:00,24.939711640450767,24.530156407777344
train,2018-08-02 22:50:00,24.941338037227183,24.540522073469933
train,2018-08-02 22:55:00,24.94127818701694,24.550308656869653
train,2018-08-02 23:00:00,24.93963033368893,24.559489567268184
train,2018-08-02 23:05:00,24.92096398903751,24.567266151246248
train,2018-08-02 23:10:00,24.89205143768653,24.573295833190627
train,2018-08-02 23:15:00,24.86022242481943,24.57744951313415
train,2018-08-02 23:20:00,24.82886127823721,24.57978302784224
train,2018-08-02 23:25:00,24.79871483964661,24.580426797785748
train,2018-08-02 23:30:00,24.769655104441544,24.579517029077856
train,2018-08-02 23:35:00,24.741250794085698,24.577174589915714
train,2018-08-02 23:40:00,24.713194899763025,24.57349922508799
train,2018-08-02 23:45:00,24.685336427350663,24.568574120404186
train,2018-08-02 23:50:00,24.65760631979565,24.562470862834026
train,2018-08-02 23:55:00,24.629961684506256,24.555252362663946
train,2018-08-03 00:00:00,24.602363084781945,24.546974292492774
train,2018-08-03 00:05:00,24.574394929938062,24.53767062787641
train,2018-08-03 00:10:00,24.54591132570608,24.527392750900567
train,2018-08-03 00:15:00,24.516915454420136,24.516168269315475
train,2018-08-03 00:20:00,24.48745239907892,24.504021135629635
train,2018-08-03 00:25:00,24.45756457044804,24.490972781542826
train,2018-08-03 00:30:00,24.427283731957864,24.47704220518262
train,2018-08-03 00:35:00,24.39663460584126,24.462245863643236
train,2018-08-03 00:40:00,24.365638862542383,24.44659763684065
train,2018-08-03 00:45:00,24.334317074132507,24.430108874856522
train,2018-08-03 00:50:00,24.30269174618088,24.412788488132197
train,2018-08-03 00:55:00,24.2707788008342,24.394643110558764
train,2018-08-03 01:00:00,24.2385968671252,24.37567707827045
train,2018-08-03 01:05:00,24.206875603438142,24.356607991988334
train,2018-08-03 01:10:00,24.17660164654521,24.33747587096779
train,2018-08-03 01:15:00,24.14814291971771,24.318245113812313
train,2018-08-03 01:20:00,24.12141674269558,24.298898890808577
train,2018-08-03 01:25:00,24.096179959747538,24.27942709013867
train,2018-08-03 01:30:00,24.0721855624657,24.259821401466134
train,2018-08-03 01:35:00,24.049227111775657,24.24007435106359
train,2018-08-03 01:40:00,24.02713416091775,24.22017954560281
train,2018-08-03 01:45:00,24.00576546150749,24.20013187930366
train,2018-08-03 01:50:00,23.98499435417856,24.17992762173764
train,2018-08-03 01:55:00,23.964706381468435,24.15956416617428
train,2018-08-03 02:00:00,23.94479758209369,24.13903909915528
train,2018-08-03 02:05:00,23.92442680289772,24.116695315514797
train,2018-08-03 02:10:00,23.902905109201047,24.092649924702354
train,2018-08-03 02:15:00,23.88002509273436,24.067016876710127
train,2018-08-03 02:20:00,23.8558613394862,24.039879844580966
train,2018-08-03 02:25:00,23.83057117423692,24.011304006012317
train,2018-08-03 02:30:00,23.80430294254781,23.981342264594073
train,2018-08-03 02:35:00,23.77462603438277,23.94959048825772
train,2018-08-03 02:40:00,23.742725198732927,23.916478079223285
train,2018-08-03 02:45:00,23.709887470893594,23.881977679236627
train,2018-08-03 02:50:00,23.675462210843754,23.84586906841446
train,2018-08-03 02:55:00,23.64015835517977,23.8083746006366
train,2018-08-03 03:00:00,23.60456914983053,23.769496670976825
train,2018-08-03 03:05:00,23.56873828526402,23.73005960099082
train,2018-08-03 03:10:00,23.533149646285462,23.690109153326716
train,2018-08-03 03:15:00,23.498078371125285,23.649618110964944
train,2018-08-03 03:20:00,23.46356780685179,23.6085890864511
train,2018-08-03 03:25:00,23.42955283689152,23.56704464407763
train,2018-08-03 03:30:00,23.395946624918626,23.525021640150502
train,2018-08-03 03:35:00,23.36267353706195,23.482568763271335
train,2018-08-03 03:40:00,23.329673617289224,23.439745114363642
train,2018-08-03 03:45:00,23.29689847757866,23.39661857845403
train,2018-08-03 03:50:00,23.26430780350193,23.353263635984494
train,2018-08-03 03:55:00,23.23186716411838,23.309758766455136
train,2018-08-03 04:00:00,23.19954701056873,23.266183681282694
train,2018-08-03 04:05:00,23.15126893216046,23.218434171917412
train,2018-08-03 04:10:00,23.09394457958587,23.170218148234163
train,2018-08-03 04:15:00,23.03512032596332,23.1209811288252
train,2018-08-03 04:20:00,22.97825760705318,23.070643373818488
train,2018-08-03 04:25:00,22.92400267370828,23.019362615030687
train,2018-08-03 04:30:00,22.871969531792296,22.967352082006563
train,2018-08-03 04:35:00,22.822539297595327,22.914951352657397
train,2018-08-03 04:40:00,22.7750838586124,22.86222001952093
train,2018-08-03 04:45:00,22.72896337156868,22.809334626369495
train,2018-08-03 04:50:00,22.68425339076075,22.756500156440538
train,2018-08-03 04:55:00,22.640654799006285,22.703762582005037
train,2018-08-03 05:00:00,22.597924487021505,22.651227363201485
train,2018-08-03 05:05:00,22.57906549518996,22.606835085818584
train,2018-08-03 05:10:00,22.574791126677123,22.56628488804633
train,2018-08-03 05:15:00,22.57450903776121,22.530110065435455
train,2018-08-03 05:20:00,22.57359039324088,22.49821216283153
train,2018-08-03 05:25:00,22.57069975988136,22.470068078488
train,2018-08-03 05:30:00,22.56591245180384,22.44521449977491
train,2018-08-03 05:35:00,22.56117841405201,22.42343492252299
train,2018-08-03 05:40:00,22.556949064528546,22.40430328723795
train,2018-08-03 05:45:00,22.55318908218382,22.387655653678205
train,2018-08-03 05:50:00,22.55036074687533,22.37343463167859
train,2018-08-03 05:55:00,22.548306485480875,22.36143132705965
train,2018-08-03 06:00:00,22.54694328289536,22.351538618394894
train,2018-08-03 06:05:00,22.547042495364707,22.343790790268063
train,2018-08-03 06:10:00,22.54855731231821,22.337977975499875
train,2018-08-03 06:15:00,22.55165953037422,22.334045285909813
train,2018-08-03 06:20:00,22.5562295687955,22.331946986761398
train,2018-08-03 06:25:00,22.56231492012634,22.331625492995272
train,2018-08-03 06:30:00,22.57035025461687,22.333022105818184
train,2018-08-03 06:35:00,22.58052925266824,22.336173756644612
train,2018-08-03 06:40:00,22.592164828046705,22.340954144435354
train,2018-08-03 06:45:00,22.604997374779177,22.347276413238916
train,2018-08-03 06:50:00,22.61923083541413,22.355249074685073
train,2018-08-03 06:55:00,22.6349064994066,22.364716665278312
train,2018-08-03 07:00:00,22.65218217993401,22.375497498185794
train,2018-08-03 07:05:00,22.671289813525583,22.387503266492526
train,2018-08-03 07:10:00,22.691739457618063,22.40057641765965
train,2018-08-03 07:15:00,22.71311189953548,22.41462064453092
train,2018-08-03 07:20:00,22.73521523573787,22.42954656446142
train,2018-08-03 07:25:00,22.75768187624197,22.44528623612132
train,2018-08-03 07:30:00,22.78050075225684,22.461780728783015
train,2018-08-03 07:35:00,22.805089425806106,22.479038888427176
train,2018-08-03 07:40:00,22.832037219828887,22.497087660323114
train,2018-08-03 07:45:00,22.861524011277204,22.516031448497433
train,2018-08-03 07:50:00,22.894639608837764,22.535996210761365
train,2018-08-03 07:55:00,22.932257106297303,22.55711955425587
train,2018-08-03 08:00:00,22.97406734409645,22.57958838958564
train,2018-08-03 08:05:00,23.019741963986768,22.604800509341416
train,2018-08-03 08:10:00,23.06841685341765,22.632384006679143
train,2018-08-03 08:15:00,23.119547242041392,22.66219992414987
train,2018-08-03 08:20:00,23.17291790230932,22.694160967761697
train,2018-08-03 08:25:00,23.228716625337988,22.728227505548336
train,2018-08-03 08:30:00,23.28690328699441,22.76440784278417
train,2018-08-03 08:35:00,23.347035210723213,22.802760317295768
train,2018-08-03 08:40:00,23.408594297935835,22.84326780258878
train,2018-08-03 08:45:00,23.47114204132599,22.885929269156684
train,2018-08-03 08:50:00,23.53476872399433,22.930737872643448
train,2018-08-03 08:55:00,23.599595876154783,22.977650650657594
train,2018-08-03 09:00:00,23.665730921248,23.026646040236844
train,2018-08-03 09:05:00,23.73251138942629,23.07450622077503
train,2018-08-03 09:10:00,23.799825796872053,23.122152347896822
train,2018-08-03 09:15:00,23.8677809297801,23.170051659489726
train,2018-08-03 09:20:00,23.93647827062737,23.21846040260479
train,2018-08-03 09:25:00,23.99997788342252,23.26613858289966
train,2018-08-03 09:30:00,23.999999914115943,23.30049905836266
train,2018-08-03 09:35:00,23.99999999983398,23.344608350244414
train,2018-08-03 09:40:00,23.99999999999953,23.38387665007741
train,2018-08-03 09:45:00,24.0,23.421870578453614
train,2018-08-03 09:50:00,24.000000000000004,23.458605286051547
train,2018-08-03 09:55:00,24.0,23.494109537965922
train,2018-08-03 10:00:00,24.0,23.528419596860797
train,2018-08-03 10:05:00,24.0,23.563375141108434
train,2018-08-03 10:10:00,24.000000000000004,23.598323643128378
train,2018-08-03 10:15:00,24.0,23.632837483929407
train,2018-08-03 10:20:00,24.0,23.666676724409935
train,2018-08-03 10:25:00,24.0,23.69972944623082
train,2018-08-03 10:30:00,24.000000000000004,23.73197097962645
train,2018-08-03 10:35:00,24.0,23.763455315003885
train,2018-08-03 10:40:00,24.000000000000004,23.79414709949022
train,2018-08-03 10:45:00,24.000000000000007,23.82412824076373
train,2018-08-03 10:50:00,24.0,23.853476001198736
train,2018-08-03 10:55:00,24.0,23.882310205173592
train,2018-08-03 11:00:00,24.0,23.91066535381874
train,2018-08-03 11:05:00,24.0,23.93766102512381
train,2018-08-03 11:10:00,24.0,23.96356337148324
train,2018-08-03 11:15:00,24.000000000000004,23.988593779221038
train,2018-08-03 11:20:00,24.0,24.012865964757747
train,2018-08-03 11:25:00,24.000000000000004,24.036356525847108
train,2018-08-03 11:30:00,24.0,24.059195650411137
train,2018-08-03 11:35:00,24.0,24.08143499807514
train,2018-08-03 11:40:00,24.0,24.103102832936155
train,2018-08-03 11:45:00,24.000000000000004,24.12428470159757
train,2018-08-03 11:50:00,24.0,24.145007162999313
train,2018-08-03 11:55:00,24.0,24.165261808855128
train,2018-08-03 12:00:00,24.0,24.18511314737512
train,2018-08-03 12:05:00,24.0,24.203740889455073
train,2018-08-03 12:10:00,24.0,24.22144319512351
train,2018-08-03 12:15:00,24.000000000000004,24.2383367695914
train,2018-08-03 12:20:00,24.0,24.254566262187907
train,2018-08-03 12:25:00,24.0,24.27020117858849
train,2018-08-03 12:30:00,24.0,24.285287044245976
train,2018-08-03 12:35:00,24.000000000000004,24.299882829253704
train,2018-08-03 12:40:00,24.0,24.31402192097337
train,2018-08-03 12:45:00,24.0,24.327706510968905
train,2018-08-03 12:50:00,24.000000000000004,24.340944823079553
train,2018-08-03 12:55:00,24.0,24.353791404350225
train,2018-08-03 13:00:00,24.000000000000004,24.36625610442457
train,2018-08-03 13:05:00,24.0,24.377479917925278
train,2018-08-03 13:10:00,24.0,24.387735688168178
train,2018-08-03 13:15:00,24.0,24.397166937423975
train,2018-08-03 13:20:00,24.0,24.40580069186452
train,2018-08-03 13:25:00,24.0,24.41374280904663
train,2018-08-03 13:30:00,24.0,24.42105158569988
train,2018-08-03 13:35:00,24.000000000000004,24.427734188027248
train,2018-08-03 13:40:00,24.000000000000004,24.433813590312006
train,2018-08-03 13:45:00,24.0,24.439310273149804
train,2018-08-03 13:50:00,24.000000000000004,24.444247634650292
train,2018-08-03 13:55:00,24.0,24.448653199154585
train,2018-08-03 14:00:00,24.0,24.45255201165004
train,2018-08-03 14:05:00,24.000000000000004,24.45598094545354
train,2018-08-03 14:10:00,24.0,24.458962912341796
train,2018-08-03 14:15:00,24.000000000000004,24.46152269926712
train,2018-08-03 14:20:00,24.0,24.463668759309357
train,2018-08-03 14:25:00,24.0,24.465423053805967
train,2018-08-03 14:30:00,24.0,24.46684052242019
train,2018-08-03 14:35:00,24.0,24.467891541175778
train,2018-08-03 14:40:00,24.00000000000001,24.468569775472385
train,2018-08-03 14:45:00,24.0,24.468920714081165
train,2018-08-03 14:50:00,24.0,24.46896473924833
train,2018-08-03 14:55:00,24.000000000000004,24.46872200483978
train,2018-08-03 15:00:00,24.0,24.468208039463796
train,2018-08-03 15:05:00,24.0,24.466703054747754
train,2018-08-03 15:10:00,24.0,24.46440040978465
train,2018-08-03 15:15:00,24.0,24.461408982196527
train,2018-08-03 15:20:00,24.0,24.457765491748408
train,2018-08-03 15:25:00,24.000000000000004,24.453542957938787
train,2018-08-03 15:30:00,24.0,24.44878354051932
train,2018-08-03 15:35:00,24.0,24.44353035648677
train,2018-08-03 15:40:00,24.0,24.43782438848051
train,2018-08-03 15:45:00,24.0,24.43168736381896
train,2018-08-03 15:50:00,24.000000000000004,24.425122167115198
train,2018-08-03 15:55:00,24.0,24.418144491780037
train,2018-08-03 16:00:00,24.000000000000004,24.410764347315343
train,2018-08-03 16:05:00,24.0,24.403594003781333
train,2018-08-03 16:10:00,24.0,24.396563476435155
train,2018-08-03 16:15:00,24.0,24.389621036649896
train,2018-08-03 16:20:00,24.0,24.38272675275437
train,2018-08-03 16:25:00,24.000000000000004,24.375848930754092
train,2018-08-03 16:30:00,24.0,24.368963140174014
train,2018-08-03 16:35:00,24.0,24.36193525965202
train,2018-08-03 16:40:00,24.0,24.35477297519686
train,2018-08-03 16:45:00,24.0,24.347478423201572
train,2018-08-03 16:50:00,24.0,24.33997204720988
train,2018-08-03 16:55:00,24.0,24.33227087873447
train,2018-08-03 17:00:00,24.0,24.324398121998705
train,2018-08-03 17:05:00,24.0,24.3163539790941
train,2018-08-03 17:10:00,24.0,24.30822932768685
train,2018-08-03 17:15:00,24.000000000000004,24.300153417318327
train,2018-08-03 17:20:00,23.99999999963961,24.29198669584552
train,2018-08-03 17:25:00,23.999999997830155,24.28381602218732
train,2018-08-03 17:30:00,24.0000000019187,24.275680560667773
train,2018-08-03 17:35:00,24.00000000001569,24.267815067253178
train,2018-08-03 17:40:00,24.00000000000013,24.26007086430092
train,2018-08-03 17:45:00,24.000000000000004,24.252361379406143
train,2018-08-03 17:50:00,24.0,24.244621384780725
train,2018-08-03 17:55:00,24.0,24.236859764492365
train,2018-08-03 18:00:00,24.0,24.229066846459872
train,2018-08-03 18:05:00,24.000000000000004,24.220797589264645
train,2018-08-03 18:10:00,24.000000000000004,24.212081909118616
train,2018-08-03 18:15:00,24.0,24.202888254628
train,2018-08-03 18:20:00,24.0,24.193284164845938
train,2018-08-03 18:25:00,24.0,24.183277036228976
train,2018-08-03 18:30:00,24.000000000000007,24.172887011143175
train,2018-08-03 18:35:00,24.000000000000007,24.162107332453125
train,2018-08-03 18:40:00,24.0,24.15099817822119
train,2018-08-03 18:45:00,24.0,24.13954438289063
train,2018-08-03 18:50:00,24.0,24.127736860360567
train,2018-08-03 18:55:00,24.0,24.115603585472044
train,2018-08-03 19:00:00,24.0,24.10371905019569
train,2018-08-03 19:05:00,24.000000000000004,24.0920581341176
train,2018-08-03 19:10:00,24.0,24.080312966127014
train,2018-08-03 19:15:00,24.0,24.068428899570538
train,2018-08-03 19:20:00,24.0,24.056396370540188
train,2018-08-03 19:25:00,24.0,24.044209969081063
train,2018-08-03 19:30:00,24.000000000000004,24.031871706860528
train,2018-08-03 19:35:00,24.0,24.01939457507243
train,2018-08-03 19:40:00,24.0,24.006795369708794
train,2018-08-03 19:45:00,24.000000000000004,23.994091561899353
train,2018-08-03 19:50:00,24.0,23.98128744009536
train,2018-08-03 19:55:00,24.000000000000004,23.96839657724127
train,2018-08-03 20:00:00,24.0,23.955429182708585
train,2018-08-03 20:05:00,24.0,23.942821583087863
train,2018-08-03 20:10:00,24.0,23.930564110982544
train,2018-08-03 20:15:00,24.000000000000007,23.918639129370945
train,2018-08-03 20:20:00,24.0,23.907025476998626
train,2018-08-03 20:25:00,24.0,23.8957066808186
train,2018-08-03 20:30:00,24.0,23.884668927226716
train,2018-08-03 20:35:00,24.0,23.874007790122125
train,2018-08-03 20:40:00,24.0,23.863611123185663
train,2018-08-03 20:45:00,24.000000000000004,23.85344173062106
train,2018-08-03 20:50:00,24.0,23.843604179928015
train,2018-08-03 20:55:00,24.0,23.834045801858156
train,2018-08-03 21:00:00,24.0,23.824713730359818
train,2018-08-03 21:05:00,24.07082502905849,23.82527461173049
train,2018-08-03 21:10:00,24.178108042467635,23.826966613620744
train,2018-08-03 21:15:00,24.28701338483219,23.830515690027983
train,2018-08-03 21:20:00,24.39657142818316,23.835945450803564
train,2018-08-03 21:25:00,24.49984026352873,23.843259896770178
train,2018-08-03 21:30:00,24.59347889209102,23.85232572634977
train,2018-08-03 21:35:00,24.67175417015757,23.862309278763995
train,2018-08-03 21:40:00,24.738095228274453,23.87354608892214
train,2018-08-03 21:45:00,24.796581732193523,23.88580102650498
train,2018-08-03 21:50:00,24.84668918866368,23.898600548109254
train,2018-08-03 21:55:00,24.89080147078689,23.9121112818281
train,2018-08-03 22:00:00,24.930416549197982,23.92622530578562
train,2018-08-03 22:05:00,24.96540025717725,23.938574945214093
train,2018-08-03 22:10:00,24.99534619542694,23.949217561591514
train,2018-08-03 22:15:00,25.020175555330407,23.958196255716825
train,2018-08-03 22:20:00,25.04003827905129,23.965556332764983
train,2018-08-03 22:25:00,25.05522136939633,23.9713516681915
train,2018-08-03 22:30:00,25.0659157556737,23.975646408559147
train,2018-08-03 22:35:00,25.070123076386672,23.978252790503735
train,2018-08-03 22:40:00,25.06888377511252,23.979469165574667
train,2018-08-03 22:45:00,25.06350655885521,23.97934749708232
train,2018-08-03 22:50:00,25.05368672012241,23.977836550869103
train,2018-08-03 22:55:00,25.04017732198633,23.97512709406951
train,2018-08-03 23:00:00,25.023669648717696,23.97131532368178
train,2018-08-03 23:05:00,25.005830828868003,23.967632955839463
train,2018-08-03 23:10:00,24.98746033550528,23.96398228529041
train,2018-08-03 23:15:00,24.96874787811123,23.960295105167305
train,2018-08-03 23:20:00,24.94927239915211,23.956470149949844
train,2018-08-03 23:25:00,24.92906746488574,23.95247534628838
train,2018-08-03 23:30:00,24.90823554774079,23.94824410870509
train,2018-08-03 23:35:00,24.88618303176796,23.943653991268043
train,2018-08-03 23:40:00,24.863084171862624,23.938705061267875
train,2018-08-03 23:45:00,24.8393386047732,23.93333819449943
train,2018-08-03 23:50:00,24.81484103145254,23.92748623521921
train,2018-08-03 23:55:00,24.789623271451067,23.921129568421645
train,2018-08-04 00:00:00,24.76377644321617,23.91422961795257
train,2018-08-04 00:05:00,24.73747882882813,23.907183708385688
train,2018-08-04 00:10:00,24.710818168614107,23.899906619563463
train,2018-08-04 00:15:00,24.68381716802411,23.892330477750413
train,2018-08-04 00:20:00,24.656558067512,23.88440674762392
train,2018-08-04 00:25:00,24.62900962127836,23.876084972188686
train,2018-08-04 00:30:00,24.60124479272915,23.86733005630751
train,2018-08-04 00:35:00,24.57333113309543,23.85811633480266
train,2018-08-04 00:40:00,24.54519669770399,23.84842636567039
train,2018-08-04 00:45:00,24.516813758281504,23.838246451162412
train,2018-08-04 00:50:00,24.48818625832396,23.827566995772052
train,2018-08-04 00:55:00,24.45932934807441,23.81638264701532
train,2018-08-04 01:00:00,24.43025969631925,23.804691990243303
train,2018-08-04 01:05:00,24.400337876360773,23.79244590614782
train,2018-08-04 01:10:00,24.369835526966018,23.77968527389696
train,2018-08-04 01:15:00,24.339073256545568,23.76640750898218
train,2018-08-04 01:20:00,24.308209149663632,23.75262039210098
train,2018-08-04 01:25:00,24.2772839012377,23.738337305954666
train,2018-08-04 01:30:00,24.24629121593188,23.72357374749614
train,2018-08-04 01:35:00,24.2152171793148,23.708345786368195
train,2018-08-04 01:40:00,24.18405293695643,23.69266962316211
train,2018-08-04 01:45:00,24.15279521686607,23.676561518221465
train,2018-08-04 01:50:00,24.12144419521991,23.660037757723085
train,2018-08-04 01:55:00,24.090002971643614,23.64311458378452
train,2018-08-04 02:00:00,24.058473562793505,23.625808132144954
train,2018-08-04 02:05:00,24.026951904728325,23.607835691491708
train,2018-08-04 02:10:00,23.99525993753999,23.58922283929542
train,2018-08-04 02:15:00,23.96327400003625,23.570002144327365
train,2018-08-04 02:20:00,23.93096388648808,23.55019811430867
train,2018-08-04 02:25:00,23.898349324746263,23.529830608659864
train,2018-08-04 02:30:00,23.865463105473083,23.50891686023296
train,2018-08-04 02:35:00,23.83233511597649,23.487472339749885
train,2018-08-04 02:40:00,23.798988940161937,23.465511084963012
train,2018-08-04 02:45:00,23.765442738781417,23.443045869164973
train,2018-08-04 02:50:00,23.73171057888852,23.420088342096648
train,2018-08-04 02:55:00,23.69780329010477,23.396649164267
train,2018-08-04 03:00:00,23.663728957284903,23.372738127937872
train,2018-08-04 03:05:00,23.62912020947425,23.34862129135486
train,2018-08-04 03:10:00,23.59433712933015,23.32431635758276
train,2018-08-04 03:15:00,23.559684662886944,23.29981559120152
train,2018-08-04 03:20:00,23.525277445710007,23.275122562141572
train,2018-08-04 03:25:00,23.491115879845804,23.25024591627559
train,2018-08-04 03:30:00,23.45716389766328,23.22519559306277
train,2018-08-04 03:35:00,23.423385542399284,23.19998144985213
train,2018-08-04 03:40:00,23.38975392622605,23.174613025846284
train,2018-08-04 03:45:00,23.35624996313075,23.149099609260695
train,2018-08-04 03:50:00,23.3228596873595,23.123450298683483
train,2018-08-04 03:55:00,23.28957257581385,23.097674013424257
train,2018-08-04 04:00:00,23.256380768491503,23.07177947911279
train,2018-08-04 04:05:00,23.20505862663853,23.043918047013538
train,2018-08-04 04:10:00,23.14362487397472,23.015317882019847
train,2018-08-04 04:15:00,23.08067681713805,22.985735425416348
train,2018-08-04 04:20:00,23.020095653933105,22.95517527377283
train,2018-08-04 04:25:00,22.96257201188806,22.92374855113837
train,2018-08-04 04:30:00,22.90765241578012,22.891579645578254
train,2018-08-04 04:35:00,22.873105854534607,22.85993724728448
train,2018-08-04 04:40:00,22.851743106151844,22.82827050419217
train,2018-08-04 04:45:00,22.83482814295709,22.796941449805963
train,2018-08-04 04:50:00,22.80796165519228,22.765405958003335
train,2018-08-04 04:55:00,22.77383425484913,22.73400512933645
train,2018-08-04 05:00:00,22.737108249546825,22.702532975010037
train,2018-08-04 05:05:00,22.71143235136652,22.672399647810114
train,2018-08-04 05:10:00,22.692403515371755,22.642673596142
train,2018-08-04 05:15:00,22.674863579552724,22.61351443715351
train,2018-08-04 05:20:00,22.65642193175881,22.584934759354184
train,2018-08-04 05:25:00,22.63662731568178,22.55688305916706
train,2018-08-04 05:30:00,22.615731428466315,22.529299703042224
train,2018-08-04 05:35:00,22.59530690215464,22.502178673578964
train,2018-08-04 05:40:00,22.57587946473356,22.475492567342
train,2018-08-04 05:45:00,22.55762482764888,22.449263950887314
train,2018-08-04 05:50:00,22.540883733576567,22.423537643373344
train,2018-08-04 05:55:00,22.52545190975059,22.398330323197936
train,2018-08-04 06:00:00,22.51112875021405,22.37366964322758
train,2018-08-04 06:05:00,22.49528813561861,22.350106397588732
train,2018-08-04 06:10:00,22.47971668275148,22.32775657329738
train,2018-08-04 06:15:00,22.466080148303924,22.306590739637432
train,2018-08-04 06:20:00,22.45317663827957,22.286503061822515
train,2018-08-04 06:25:00,22.44227580048245,22.26761044396931
train,2018-08-04 06:30:00,22.434741303880426,22.249942972059024
train,2018-08-04 06:35:00,22.43080999414684,22.2335633215304
train,2018-08-04 06:40:00,22.43038371496097,22.21853558240033
train,2018-08-04 06:45:00,22.43340874073128,22.204920909867432
train,2018-08-04 06:50:00,22.439885174519087,22.192778362776107
train,2018-08-04 06:55:00,22.449868712296045,22.182166001834176
train,2018-08-04 07:00:00,22.46343737580306,22.173142030624675
train,2018-08-04 07:05:00,22.48244813394136,22.16532384569025
train,2018-08-04 07:10:00,22.50551237691223,22.158720082672513
train,2018-08-04 07:15:00,22.53115483541771,22.15341391433733
train,2018-08-04 07:20:00,22.559565650913097,22.149499266130697
train,2018-08-04 07:25:00,22.590167422399247,22.146959250686105
train,2018-08-04 07:30:00,22.62239006703999,22.145812321678136
train,2018-08-04 07:35:00,22.656269057064577,22.14607747224997
train,2018-08-04 07:40:00,22.691819029314683,22.147739120095483
train,2018-08-04 07:45:00,22.729159653136417,22.15079724562732
train,2018-08-04 07:50:00,22.76859588187975,22.15526246594388
train,2018-08-04 07:55:00,22.810192988512707,22.16113482661776
train,2018-08-04 08:00:00,22.85393877476487,22.16842365188262
train,2018-08-04 08:05:00,22.900635585147064,22.17746307339502
train,2018-08-04 08:10:00,22.95010181395343,22.18822808883251
train,2018-08-04 08:15:00,23.00200873051284,22.200731640491774
train,2018-08-04 08:20:00,23.05612851703423,22.214980377363887
train,2018-08-04 08:25:00,23.11224934671817,22.23097736031746
train,2018-08-04 08:30:00,23.17031989420464,22.248714146211313
train,2018-08-04 08:35:00,23.230399264732192,22.26818944969648
train,2018-08-04 08:40:00,23.29222594086556,22.289377325561237
train,2018-08-04 08:45:00,23.35554101296247,22.312264848337218
train,2018-08-04 08:50:00,23.420290078002083,22.336845169482423
train,2018-08-04 08:55:00,23.48633623830702,22.36310046994102
train,2018-08-04 09:00:00,23.5535636991114,22.391021234911054
train,2018-08-04 09:05:00,23.62183219008453,22.421165972617146
train,2018-08-04 09:10:00,23.691301350054328,22.453521582770488
train,2018-08-04 09:15:00,23.76209534127452,22.48807430007042
train,2018-08-04 09:20:00,23.83426564799768,22.52482354085836
train,2018-08-04 09:25:00,23.90776948881769,22.563779663425425
train,2018-08-04 09:30:00,23.982529416151262,22.60496143608305
train,2018-08-04 09:35:00,23.99992999510766,22.64409808348227
train,2018-08-04 09:40:00,23.99999978185082,22.68527852391595
train,2018-08-04 09:45:00,23.999999999261767,22.72674663693737
train,2018-08-04 09:50:00,23.99999999999708,22.768302143076642
train,2018-08-04 09:55:00,23.999999999999982,22.81025807125856
train,2018-08-04 10:00:00,24.0,22.852714514736405
train,2018-08-04 10:05:00,24.0,22.894565582507468
train,2018-08-04 10:10:00,24.0,22.935910384043932
train,2018-08-04 10:15:00,24.0,22.976807086564776
train,2018-08-04 10:20:00,24.000000000000004,23.017316006616795
train,2018-08-04 10:25:00,24.0,23.057483695543425
train,2018-08-04 10:30:00,24.0,23.097341669783624
train,2018-08-04 10:35:00,24.000000000000004,23.136902343341227
train,2018-08-04 10:40:00,24.0,23.176119955855434
train,2018-08-04 10:45:00,24.0,23.21499463752744
train,2018-08-04 10:50:00,24.0,23.253509351941286
train,2018-08-04 10:55:00,24.0,23.291625625401107
train,2018-08-04 11:00:00,24.0,23.32931549644108
train,2018-08-04 11:05:00,24.0,23.367165435144894
train,2018-08-04 11:10:00,24.0,23.405089358844105
train,2018-08-04 11:15:00,24.0,23.4430402877086
train,2018-08-04 11:20:00,24.0,23.480977755156673
train,2018-08-04 11:25:00,24.0,23.518872293995233
train,2018-08-04 11:30:00,24.0,23.556704462416455
train,2018-08-04 11:35:00,24.000000000000004,23.594449579897642
train,2018-08-04 11:40:00,24.000000000000004,23.63208165116689
train,2018-08-04 11:45:00,24.000000000000004,23.66958402386848
train,2018-08-04 11:50:00,24.000000000000004,23.70694565935085
train,2018-08-04 11:55:00,24.0,23.74415837279898
train,2018-08-04 12:00:00,24.0,23.781203300794463
train,2018-08-04 12:05:00,24.0,23.81806567674475
train,2018-08-04 12:10:00,23.99999999996891,23.854721641382074
train,2018-08-04 12:15:00,23.999999998932346,23.891152215654852
train,2018-08-04 12:20:00,23.999999998447947,23.927345556667387
train,2018-08-04 12:25:00,23.99999999851474,23.96326555936126
train,2018-08-04 12:30:00,23.999922695819983,23.99888603770178
train,2018-08-04 12:35:00,24.000080408883463,24.034223326297855
train,2018-08-04 12:40:00,23.9999824688474,24.069163843430225
train,2018-08-04 12:45:00,23.999979932037245,24.103707476613945
train,2018-08-04 12:50:00,23.999973749459325,24.137818626372173
train,2018-08-04 12:55:00,23.999972074636496,24.171566743873534
train,2018-08-04 13:00:00,23.9999706644222,24.20492869522064
train,2018-08-04 13:05:00,23.9999610381098,24.236076505434326
train,2018-08-04 13:10:00,23.999960511419868,24.265338394801756
train,2018-08-04 13:15:00,23.999960421680434,24.292695640400964
train,2018-08-04 13:20:00,23.99996443077827,24.318087844235453
train,2018-08-04 13:25:00,23.999964947635057,24.341381471157614
train,2018-08-04 13:30:00,23.999965415948225,24.362611689382582
train,2018-08-04 13:35:00,23.99996887411477,24.381814181883282
train,2018-08-04 13:40:00,23.999969660879536,24.3989972008434
train,2018-08-04 13:45:00,23.99997041403408,24.4142272382524
train,2018-08-04 13:50:00,23.999971047171364,24.427557253892743
train,2018-08-04 13:55:00,23.99997198542105,24.43902996698941
train,2018-08-04 14:00:00,23.999973080904017,24.448675917155033
train,2018-08-04 14:05:00,23.999974655955945,24.456556892926766
train,2018-08-04 14:10:00,23.999930261295376,24.462680621203848
train,2018-08-04 14:15:00,23.999999300202244,24.467074495351017
train,2018-08-04 14:20:00,23.999999991190982,24.469730553856166
train,2018-08-04 14:25:00,23.99999999918213,24.470678962079322
train,2018-08-04 14:30:00,24.000000000449702,24.46992548607539
train,2018-08-04 14:35:00,24.000000000851085,24.467466986388157
train,2018-08-04 14:40:00,23.999999999389903,24.46333495765993
train,2018-08-04 14:45:00,23.999999999165823,24.457543450030375
train,2018-08-04 14:50:00,23.99999999936817,24.450104714838634
train,2018-08-04 14:55:00,24.0000000006092,24.441035718148537
train,2018-08-04 15:00:00,23.99999999991332,24.43035072905374
train,2018-08-04 15:05:00,24.000000000727184,24.42030385953603
train,2018-08-04 15:10:00,24.00000000000599,24.41077374575591
train,2018-08-04 15:15:00,24.00000000000005,24.401735006401704
train,2018-08-04 15:20:00,24.000000000000004,24.393217382167784
train,2018-08-04 15:25:00,24.0,24.38528332231971
train,2018-08-04 15:30:00,24.000000000000004,24.37801104467277
train,2018-08-04 15:35:00,24.000000001734644,24.37153465867302
train,2018-08-04 15:40:00,23.99999999963648,24.366177975959243
train,2018-08-04 15:45:00,24.00000000222562,24.361931888429137
train,2018-08-04 15:50:00,23.99999999931432,24.358745176357658
train,2018-08-04 15:55:00,24.00000000016848,24.356537260051923
train,2018-08-04 16:00:00,24.00000000064438,24.355338619977964
train,2018-08-04 16:05:00,23.999999999970708,24.353899014764053
train,2018-08-04 16:10:00,24.00000000043831,24.35227359892742
train,2018-08-04 16:15:00,24.00000000017986,24.350547583348227
train,2018-08-04 16:20:00,23.99999999934938,24.348759930653017
train,2018-08-04 16:25:00,23.99999999999465,24.34691707511942
train,2018-08-04 16:30:00,23.99999999999995,24.34500623779389
train,2018-08-04 16:35:00,24.0,24.34302027757259
train,2018-08-04 16:40:00,24.000000000000004,24.340962124031357
train,2018-08-04 16:45:00,24.0,24.33879656783427
train,2018-08-04 16:50:00,24.0,24.336491496606158
train,2018-08-04 16:55:00,24.000000000000004,24.334032169874696
train,2018-08-04 17:00:00,24.000000000000004,24.331391128680004
train,2018-08-04 17:05:00,24.0,24.328542576933685
train,2018-08-04 17:10:00,24.0,24.32547436047507
train,2018-08-04 17:15:00,24.000000000000004,24.322171643312185
train,2018-08-04 17:20:00,24.0,24.318623281246527
train,2018-08-04 17:25:00,24.0,24.3148216805518
train,2018-08-04 17:30:00,24.0,24.310761404140298
train,2018-08-04 17:35:00,24.000000000000004,24.306392261051986
train,2018-08-04 17:40:00,24.000000000000004,24.301750231738776
train,2018-08-04 17:45:00,24.000000000000007,24.296779949338003
train,2018-08-04 17:50:00,24.0,24.291494559780638
train,2018-08-04 17:55:00,24.000000000000007,24.28591039703757
train,2018-08-04 18:00:00,24.0,24.279985761380892
train,2018-08-04 18:05:00,24.000000000000004,24.273387530829293
train,2018-08-04 18:10:00,24.0,24.266118248725306
train,2018-08-04 18:15:00,24.000000000000004,24.258160521671005
train,2018-08-04 18:20:00,24.000000000000004,24.249458843848217
train,2018-08-04 18:25:00,24.0,24.240025299307625
train,2018-08-04 18:30:00,24.000000000000004,24.229852491221063
train,2018-08-04 18:35:00,24.000000000000004,24.218986319864072
train,2018-08-04 18:40:00,24.0,24.207495029022972
train,2018-08-04 18:45:00,24.000000000000004,24.195392798909896
train,2018-08-04 18:50:00,24.000000000000004,24.182670543424376
train,2018-08-04 18:55:00,24.0,24.169343950922766
train,2018-08-04 19:00:00,24.0,24.155627256485968
train,2018-08-04 19:05:00,23.99999999971728,24.141965864554148
train,2018-08-04 19:10:00,24.00000000222256,24.128377610045245
train,2018-08-04 19:15:00,23.99999999896832,24.11467698202596
train,2018-08-04 19:20:00,23.999999999711985,24.100800177902848
train,2018-08-04 19:25:00,24.00000000269396,24.086776902061597
train,2018-08-04 19:30:00,23.999999999384976,24.072543593753867
train,2018-08-04 19:35:00,23.999999999995246,24.057953929323354
train,2018-08-04 19:40:00,23.99999999999996,24.04281141195987
train,2018-08-04 19:45:00,24.0,24.027262313623176
train,2018-08-04 19:50:00,24.0,24.011381619185855
train,2018-08-04 19:55:00,24.000000000000004,23.995193870096166
train,2018-08-04 20:00:00,24.0,23.978784006892578
train,2018-08-04 20:05:00,24.0,23.962213553278737
train,2018-08-04 20:10:00,24.0,23.94552339976426
train,2018-08-04 20:15:00,24.0,23.92873558860752
train,2018-08-04 20:20:00,24.0,23.911865622109787
train,2018-08-04 20:25:00,24.0,23.894925370787192
train,2018-08-04 20:30:00,24.0,23.87792433418835
train,2018-08-04 20:35:00,24.0,23.860845389006794
train,2018-08-04 20:40:00,24.000000000000004,23.84359633966037
train,2018-08-04 20:45:00,24.0,23.82624516852304
train,2018-08-04 20:50:00,24.0,23.808826850894427
train,2018-08-04 20:55:00,24.0,23.791336301171487
train,2018-08-04 21:00:00,24.000000000000004,23.77380074726562
train,2018-08-04 21:05:00,24.079173781670224,23.762905981414423
train,2018-08-04 21:10:00,24.20075304411499,23.753158791032547
train,2018-08-04 21:15:00,24.32689807184216,23.745599303591682
train,2018-08-04 21:20:00,24.441245266074272,23.74038720248129
train,2018-08-04 21:25:00,24.54144171295366,23.73729685181059
train,2018-08-04 21:30:00,24.629946784959788,23.73603282016791
train,2018-08-04 21:35:00,24.70093337772665,23.73561880821991
train,2018-08-04 21:40:00,24.759101958143955,23.736319864128557
train,2018-08-04 21:45:00,24.809280584528693,23.737917452664842
train,2018-08-04 21:50:00,24.849834597657097,23.739910090935687
train,2018-08-04 21:55:00,24.883585081799733,23.742429066636912
train,2018-08-04 22:00:00,24.912425357514525,23.7453651828067
train,2018-08-04 22:05:00,24.936988366524687,23.7482959688211
train,2018-08-04 22:10:00,24.9572857271446,23.751168436514657
train,2018-08-04 22:15:00,24.97335612607007,23.753911759691388
train,2018-08-04 22:20:00,24.98371248223648,23.75631842481042
train,2018-08-04 22:25:00,24.98920007615241,23.758398437831325
train,2018-08-04 22:30:00,24.99090063084143,23.7600698471995
train,2018-08-04 22:35:00,24.98608125610864,23.761004047066336
train,2018-08-04 22:40:00,24.976330019805506,23.761328089888895
train,2018-08-04 22:45:00,24.963494589556777,23.760975291959525
train,2018-08-04 22:50:00,24.94732089431131,23.759812064338934
train,2018-08-04 22:55:00,24.928689082261464,23.757887468982705
train,2018-08-04 23:00:00,24.90836917185961,23.75518147370401
train,2018-08-04 23:05:00,24.887492345635707,23.752038150947012
train,2018-08-04 23:10:00,24.866492463555243,23.74843339026244
train,2018-08-04 23:15:00,24.845423320937748,23.74437351735419
train,2018-08-04 23:20:00,24.824228705224776,23.73987209447176
train,2018-08-04 23:25:00,24.8028551781724,23.734944712154864
train,2018-08-04 23:30:00,24.781273357101057,23.729607321712994
train,2018-08-04 23:35:00,24.75851535580009,23.723804786400553
train,2018-08-04 23:40:00,24.73490059944371,23.717599152917952
train,2018-08-04 23:45:00,24.710865125576337,23.71099618680251
train,2018-08-04 23:50:00,24.686161658914493,23.703973673168434
train,2018-08-04 23:55:00,24.66101826555621,23.696570723603887
train,2018-08-05 00:00:00,24.63565570941524,23.688798760595898
train,2018-08-05 00:05:00,24.610048119792,23.68066443658801
train,2018-08-05 00:10:00,24.584260527200552,23.672187259973086
train,2018-08-05 00:15:00,24.55835589401968,23.663380114953842
train,2018-08-05 00:20:00,24.532378714708408,23.654256047917144
train,2018-08-05 00:25:00,24.5063582391258,23.644828020108008
train,2018-08-05 00:30:00,24.48031964944764,23.635108692897767
train,2018-08-05 00:35:00,24.45416340877091,23.625102958541557
train,2018-08-05 00:40:00,24.4279163778046,23.61482734910734
train,2018-08-05 00:45:00,24.40163892450494,23.604291605843095
train,2018-08-05 00:50:00,24.375466615503104,23.59350238475644
train,2018-08-05 00:55:00,24.349376535067485,23.58247529114787
train,2018-08-05 01:00:00,24.32328559341849,23.57121156211922
train,2018-08-05 01:05:00,24.296897032062272,23.55967465167129
train,2018-08-05 01:10:00,24.2704839696496,23.54787423216195
train,2018-08-05 01:15:00,24.244163904065022,23.535808687130732
train,2018-08-05 01:20:00,24.21815100135038,23.52349668477392
train,2018-08-05 01:25:00,24.192392802514657,23.510936217775377
train,2018-08-05 01:30:00,24.16682790344405,23.498138269689143
train,2018-08-05 01:35:00,24.141433085441605,23.485113509175097
train,2018-08-05 01:40:00,24.116211420862108,23.471872624604565
train,2018-08-05 01:45:00,24.091174728487218,23.458426547427567
train,2018-08-05 01:50:00,24.06633430158376,23.444786411252018
train,2018-08-05 01:55:00,24.041698301541214,23.430963392060065
train,2018-08-05 02:00:00,24.01727504201965,23.41696854748801
train,2018-08-05 02:05:00,23.99305639382392,23.402486511912585
train,2018-08-05 02:10:00,23.968814123187173,23.387540386584362
train,2018-08-05 02:15:00,23.94440626045655,23.372152427270315
train,2018-08-05 02:20:00,23.91979303324332,23.356333459998567
train,2018-08-05 02:25:00,23.89498646533772,23.34008801310491
train,2018-08-05 02:30:00,23.87001123676085,23.323417427665053
train,2018-08-05 02:35:00,23.84488836478855,23.306321494185518
train,2018-08-05 02:40:00,23.819632055186005,23.288799304450276
train,2018-08-05 02:45:00,23.794250891855693,23.270849735299752
train,2018-08-05 02:50:00,23.768736999062128,23.252471749581016
train,2018-08-05 02:55:00,23.743087855583976,23.23366433012379
train,2018-08-05 03:00:00,23.717303723687746,23.214426770663778
train,2018-08-05 03:05:00,23.690870416188176,23.19471263338819
train,2018-08-05 03:10:00,23.664063892520552,23.17455428539915
train,2018-08-05 03:15:00,23.637169855679417,23.153949655503798
train,2018-08-05 03:20:00,23.610312359289505,23.13290272809937
train,2018-08-05 03:25:00,23.583506079427057,23.111420187146777
train,2018-08-05 03:30:00,23.55672557209977,23.08950916370474
train,2018-08-05 03:35:00,23.529940852303195,23.067176441511705
train,2018-08-05 03:40:00,23.50312730786833,23.044428399293157
train,2018-08-05 03:45:00,23.47626528088395,23.021271145122256
train,2018-08-05 03:50:00,23.44933785886947,22.997710627588038
train,2018-08-05 03:55:00,23.422329500295067,22.97375269053431
train,2018-08-05 04:00:00,23.39522555120152,22.94940309288444
train,2018-08-05 04:05:00,23.349061801987943,22.922504330823774
train,2018-08-05 04:10:00,23.292051436627617,22.894643008529037
train,2018-08-05 04:15:00,23.23299994484108,22.865698597334497
train,2018-08-05 04:20:00,23.175860826194143,22.83571089359319
train,2018-08-05 04:25:00,23.12137172995696,22.80478292164957
train,2018-08-05 04:30:00,23.06909661851576,22.773017931146775
train,2018-08-05 04:35:00,23.018480459494903,22.740498967495494
train,2018-08-05 04:40:00,22.96913723031687,22.707289773832183
train,2018-08-05 04:45:00,22.92082966765484,22.67344077720515
train,2018-08-05 04:50:00,22.87339757866821,22.63899383460472
train,2018-08-05 04:55:00,22.826712823440367,22.60398489901926
train,2018-08-05 05:00:00,22.78066216359909,22.568445373985956
train,2018-08-05 05:05:00,22.75561335949573,22.535703805189147
train,2018-08-05 05:10:00,22.743408388522248,22.504052004822018
train,2018-08-05 05:15:00,22.73488219284185,22.473632328158967
train,2018-08-05 05:20:00,22.72570588208025,22.44443821087946
train,2018-08-05 05:25:00,22.714895021470987,22.416402430204865
train,2018-08-05 05:30:00,22.70270679113025,22.38945870964562
train,2018-08-05 05:35:00,22.687701462972687,22.363378070496516
train,2018-08-05 05:40:00,22.67178338654582,22.338318237826236
train,2018-08-05 05:45:00,22.65652427467312,22.314287328278564
train,2018-08-05 05:50:00,22.641335198350014,22.29121559688507
train,2018-08-05 05:55:00,22.62687301517885,22.26921097612377
train,2018-08-05 06:00:00,22.61375921604532,22.248299019647728
train,2018-08-05 06:05:00,22.603202379222687,22.22856687686952
train,2018-08-05 06:10:00,22.595217959956383,22.210020788969505
train,2018-08-05 06:15:00,22.58964118281949,22.192710363566864
train,2018-08-05 06:20:00,22.58644259734082,22.17667846577005
train,2018-08-05 06:25:00,22.58584954301427,22.16196470917969
train,2018-08-05 06:30:00,22.58850860097681,22.148611578817732
train,2018-08-05 06:35:00,22.6006506176507,22.13711995701224
train,2018-08-05 06:40:00,22.619947763890345,22.127224319329915
train,2018-08-05 06:45:00,22.643723631523365,22.119021430772627
train,2018-08-05 06:50:00,22.669339226811907,22.112452453196102
train,2018-08-05 06:55:00,22.69697312132896,22.10760180875248
train,2018-08-05 07:00:00,22.727358685108378,22.10447221795915
train,2018-08-05 07:05:00,22.75895040652166,22.102933775352582
train,2018-08-05 07:10:00,22.792009835530724,22.103110167573806
train,2018-08-05 07:15:00,22.82699498081193,22.105117874922296
train,2018-08-05 07:20:00,22.881233301865823,22.11036827176807
train,2018-08-05 07:25:00,22.94810559888688,22.11801564107776
train,2018-08-05 07:30:00,23.01969457086433,22.12823450011029
train,2018-08-05 07:35:00,23.10107472352364,22.141735754277224
train,2018-08-05 07:40:00,23.188059489419192,22.158035042716225
train,2018-08-05 07:45:00,23.27694863014315,22.17716129619477
train,2018-08-05 07:50:00,23.36635153739291,22.199079423055174
train,2018-08-05 07:55:00,23.45601218982395,22.22370991062647
train,2018-08-05 08:00:00,23.54589880779977,22.250984722468708
train,2018-08-05 08:05:00,23.639141293643405,22.28105999300513
train,2018-08-05 08:10:00,23.735030641477028,22.313771375447878
train,2018-08-05 08:15:00,23.832350494129496,22.349129961748776
train,2018-08-05 08:20:00,23.93148735681861,22.387210649207056
train,2018-08-05 08:25:00,23.99985744545606,22.425300983310674
train,2018-08-05 08:30:00,23.999999230265534,22.46121129983197
train,2018-08-05 08:35:00,23.9999999973526,22.50052678008548
train,2018-08-05 08:40:00,23.99999999998801,22.53878885310703
train,2018-08-05 08:45:00,23.99999999999994,22.57712450000562
train,2018-08-05 08:50:00,24.0,22.615431684996647
train,2018-08-05 08:55:00,24.000000000000004,22.653490035658436
train,2018-08-05 09:00:00,24.0,22.691405221115627
train,2018-08-05 09:05:00,24.000000000000004,22.729741941297867
train,2018-08-05 09:10:00,24.0,22.768567087522484
train,2018-08-05 09:15:00,24.0,22.807978553870374
train,2018-08-05 09:20:00,24.0,22.84805015806068
train,2018-08-05 09:25:00,24.0,22.88885391311104
train,2018-08-05 09:30:00,24.0,22.93045212136407
train,2018-08-05 09:35:00,24.0,22.972874878525413
train,2018-08-05 09:40:00,24.0,23.016136928595653
train,2018-08-05 09:45:00,24.0,23.0602439804939
train,2018-08-05 09:50:00,24.0,23.105184242083038
train,2018-08-05 09:55:00,24.0,23.15092701075353
train,2018-08-05 10:00:00,24.0,23.197462392333563
train,2018-08-05 10:05:00,24.0,23.2447628181378
train,2018-08-05 10:10:00,24.0,23.29278117571129
train,2018-08-05 10:15:00,24.0,23.34147421686666
train,2018-08-05 10:20:00,24.000000000000004,23.39079550736969
train,2018-08-05 10:25:00,24.0,23.440684404339663
train,2018-08-05 10:30:00,24.0,23.491070010127327
train,2018-08-05 10:35:00,24.0,23.541863568516604
train,2018-08-05 10:40:00,24.000000000000004,23.59294085322343
train,2018-08-05 10:45:00,24.000000000000007,23.644252008812426
train,2018-08-05 10:50:00,24.0,23.695743933193185
train,2018-08-05 10:55:00,24.0,23.74732993159023
train,2018-08-05 11:00:00,24.000000001101498,23.798951363519787
train,2018-08-05 11:05:00,23.999999999929248,23.848903491907777
train,2018-08-05 11:10:00,23.999999999808555,23.89740930442832
train,2018-08-05 11:15:00,24.00000000033955,23.944542004822686
train,2018-08-05 11:20:00,23.999900048067925,23.990288493866924
train,2018-08-05 11:25:00,23.99994092533889,24.034650314529724
train,2018-08-05 11:30:00,24.000060689600133,24.077524426923183
train,2018-08-05 11:35:00,23.999981578139582,24.11882680926157
train,2018-08-05 11:40:00,23.999979172562973,24.158493754025205
train,2018-08-05 11:45:00,23.99997729918772,24.196434463070215
train,2018-08-05 11:50:00,23.99997548174171,24.23266005442104
train,2018-08-05 11:55:00,23.99997387567422,24.267193118604133
train,2018-08-05 12:00:00,23.99997225774269,24.30004743344716
train,2018-08-05 12:05:00,23.999971356865466,24.331401209556812
train,2018-08-05 12:10:00,23.999970538297536,24.361300407733786
train,2018-08-05 12:15:00,23.99996968259145,24.389776292660095
train,2018-08-05 12:20:00,23.99996896934118,24.416911490019547
train,2018-08-05 12:25:00,23.999968172167147,24.44273768071657
train,2018-08-05 12:30:00,23.99996757596322,24.467361661511404
train,2018-08-05 12:35:00,23.999966818007834,24.490850899109283
train,2018-08-05 12:40:00,23.99996635516235,24.513316945101657
train,2018-08-05 12:45:00,23.99996593864803,24.534822845691124
train,2018-08-05 12:50:00,23.99996548437261,24.555420592366065
train,2018-08-05 12:55:00,23.999965196575328,24.57517879863158
train,2018-08-05 13:00:00,23.999964953427067,24.594139745695532
train,2018-08-05 13:05:00,23.99996526486857,24.610808344161512
train,2018-08-05 13:10:00,23.99996556699916,24.62545565380552
train,2018-08-05 13:15:00,23.99996588592494,24.638249297060486
train,2018-08-05 13:20:00,23.999966198868204,24.649290175694226
train,2018-08-05 13:25:00,23.999966428157656,24.658620638177524
train,2018-08-05 13:30:00,23.99996669238771,24.666295644712736
train,2018-08-05 13:35:00,23.999966777836697,24.672340265989693
train,2018-08-05 13:40:00,23.999967099873,24.676797628641523
train,2018-08-05 13:45:00,23.999967483552044,24.67969133765929
train,2018-08-05 13:50:00,23.99996782297076,24.68103836660483
train,2018-08-05 13:55:00,23.9999683134038,24.68086269838638
train,2018-08-05 14:00:00,23.999968897981528,24.67918861028949
train,2018-08-05 14:05:00,23.99997059325556,24.674085332926907
train,2018-08-05 14:10:00,23.999972407432065,24.665844448483426
train,2018-08-05 14:15:00,23.99993398267761,24.654653582023446
train,2018-08-05 14:20:00,23.99999932019972,24.6406606906394
train,2018-08-05 14:25:00,23.99999999216132,24.623897626936795
train,2018-08-05 14:30:00,23.99999999972625,24.60368539119023
train,2018-08-05 14:35:00,24.00000000024864,24.580236808337254
train,2018-08-05 14:40:00,23.99999999839181,24.553646063884965
train,2018-08-05 14:45:00,24.00000000117496,24.52408751421825
train,2018-08-05 14:50:00,24.000000000009585,24.491720628712685
train,2018-08-05 14:55:00,24.000000000000075,24.45662915957177
train,2018-08-05 15:00:00,24.0,24.418917519104077
train,2018-08-05 15:05:00,24.0,24.38298979988833
train,2018-08-05 15:10:00,24.0,24.348417653325793
train,2018-08-05 15:15:00,24.000000000000004,24.31489148001116
train,2018-08-05 15:20:00,24.0,24.282229313669532
train,2018-08-05 15:25:00,23.99999999791958,24.250391691690847
train,2018-08-05 15:30:00,24.0000000007566,24.219318293899253
train,2018-08-05 15:35:00,24.00000000009713,24.189065054640565
train,2018-08-05 15:40:00,23.99999999858555,24.159679142641615
train,2018-08-05 15:45:00,23.99999999969672,24.131137935248198
train,2018-08-05 15:50:00,23.9999999999828,24.103468808108136
train,2018-08-05 15:55:00,23.99999999771794,24.07667951133096
train,2018-08-05 16:00:00,23.99999999700173,24.050765099968533
train,2018-08-05 16:05:00,24.0000000001681,24.025730303249862
train,2018-08-05 16:10:00,24.00000000162993,24.001898934015
train,2018-08-05 16:15:00,24.00000000140263,23.97913588384047
train,2018-08-05 16:20:00,24.000000001167248,23.957297730380397
train,2018-08-05 16:25:00,24.000000002154213,23.936167214248016
train,2018-08-05 16:30:00,24.00000000070936,23.915715776231
train,2018-08-05 16:35:00,23.99999999978689,23.895971992441943
train,2018-08-05 16:40:00,23.99999999709785,23.876875887280942
train,2018-08-05 16:45:00,23.999999999822705,23.858460094428974
train,2018-08-05 16:50:00,23.99999999816151,23.842068738517455
train,2018-08-05 16:55:00,24.0000000001811,23.826387784118896
train,2018-08-05 17:00:00,24.000000000226333,23.811381839447513
train,2018-08-05 17:05:00,23.99999999942714,23.79537818348575
train,2018-08-05 17:10:00,23.999999999926725,23.778704789255226
train,2018-08-05 17:15:00,24.0000000002856,23.760235378434256
train,2018-08-05 17:20:00,23.999999999266,23.741538430999356
train,2018-08-05 17:25:00,24.00000000076917,23.722657712364896
train,2018-08-05 17:30:00,23.99999999997232,23.703654676280614
train,2018-08-05 17:35:00,24.000000001440416,23.68461043027297
train,2018-08-05 17:40:00,24.00000000005525,23.66565071249243
train,2018-08-05 17:45:00,24.000000000839563,23.64675207478565
train,2018-08-05 17:50:00,24.000000003633424,23.62782866664857
train,2018-08-05 17:55:00,24.000000002707544,23.60890012197565
train,2018-08-05 18:00:00,23.99999999847265,23.58990843613867
train,2018-08-05 18:05:00,23.999999997533703,23.57059935234835
train,2018-08-05 18:10:00,23.99999999766796,23.551283878817465
train,2018-08-05 18:15:00,23.999999999980705,23.531962247609435
train,2018-08-05 18:20:00,23.999999999999844,23.512643315576042
train,2018-08-05 18:25:00,24.0,23.493338169810546
train,2018-08-05 18:30:00,24.0,23.474082645403403
train,2018-08-05 18:35:00,24.0,23.454841808372002
train,2018-08-05 18:40:00,24.0,23.43568341543073
train,2018-08-05 18:45:00,24.000000000000004,23.41661772089056
train,2018-08-05 18:50:00,24.0,23.397640687559615
train,2018-08-05 18:55:00,24.0,23.37876297629495
train,2018-08-05 19:00:00,24.000000000000004,23.360479399001115
train,2018-08-05 19:05:00,24.000000000000004,23.343495521514967
train,2018-08-05 19:10:00,24.000000000000004,23.327069059949512
train,2018-08-05 19:15:00,24.0,23.31106253863856
train,2018-08-05 19:20:00,24.0,23.295403126720657
train,2018-08-05 19:25:00,24.000000000000007,23.28004930035555
train,2018-08-05 19:30:00,24.0,23.264977930534478
train,2018-08-05 19:35:00,24.0,23.250253949898603
train,2018-08-05 19:40:00,24.0,23.23578073705458
train,2018-08-05 19:45:00,24.000000000000004,23.221541592287203
train,2018-08-05 19:50:00,24.000000000000004,23.207582899774145
train,2018-08-05 19:55:00,24.0,23.193871111166935
train,2018-08-05 20:00:00,24.0,23.180404537856585
train,2018-08-05 20:05:00,24.0,23.16717087823476
train,2018-08-05 20:10:00,24.000000000000004,23.15418098413404
train,2018-08-05 20:15:00,24.0,23.1414390721962
train,2018-08-05 20:20:00,24.0,23.128946121497204
train,2018-08-05 20:25:00,24.0,23.116701591687665
train,2018-08-05 20:30:00,24.0,23.104704052069227
train,2018-08-05 20:35:00,24.0,23.092973793934448
train,2018-08-05 20:40:00,24.0,23.0814829643028
train,2018-08-05 20:45:00,24.0,23.070222227675167
train,2018-08-05 20:50:00,24.0,23.059189998172204
train,2018-08-05 20:55:00,24.000000000000004,23.048393430642804
train,2018-08-05 21:00:00,24.0,23.037833805712946
train,2018-08-05 21:05:00,24.06094829981789,23.032554775003003
train,2018-08-05 21:10:00,24.1537377403758,23.027684660715952
train,2018-08-05 21:15:00,24.248808117874884,23.024017387124914
train,2018-08-05 21:20:00,24.33357920816631,23.021651536587296
train,2018-08-05 21:25:00,24.406103952969985,23.020397108573558
train,2018-08-05 21:30:00,24.46804084170932,23.02001969026742
train,2018-08-05 21:35:00,24.5184533448992,23.020090877372382
train,2018-08-05 21:40:00,24.55978479464355,23.0206285866844
train,2018-08-05 21:45:00,24.59431744196928,23.02147329478613
train,2018-08-05 21:50:00,24.621950711626944,23.02239902632988
train,2018-08-05 21:55:00,24.644029563987235,23.02341344090238
train,2018-08-05 22:00:00,24.66182360915673,23.024436148286043
train,2018-08-05 22:05:00,24.67436010492168,23.025288367036545
train,2018-08-05 22:10:00,24.68243901018655,23.026024560762185
train,2018-08-05 22:15:00,24.686971784205458,23.02658905310161
train,2018-08-05 22:20:00,24.68775915592,23.026885554455234
train,2018-08-05 22:25:00,24.685350077140747,23.02693395686335
train,2018-08-05 22:30:00,24.680207853941027,23.02670429290204
train,2018-08-05 22:35:00,24.672468997269423,23.026172211900764
train,2018-08-05 22:40:00,24.662254324393658,23.025264394404957
train,2018-08-05 22:45:00,24.64969663367772,23.023683941314676
train,2018-08-05 22:50:00,24.63491997558683,23.0214298192195
train,2018-08-05 22:55:00,24.61808039080612,23.018503299003168
train,2018-08-05 23:00:00,24.59933277710262,23.014904194705817
train,2018-08-05 23:05:00,24.548793274631173,23.011028679525833
train,2018-08-05 23:10:00,24.480712501699905,23.006132885569993
train,2018-08-05 23:15:00,24.409840134026712,22.999824721855227
train,2018-08-05 23:20:00,24.342762111723747,22.992063202518178
train,2018-08-05 23:25:00,24.280639273252223,22.98296421548385
train,2018-08-05 23:30:00,24.22268676153565,22.97267071556834
train,2018-08-05 23:35:00,24.16794181876047,22.96130596364155
train,2018-08-05 23:40:00,24.1157225743223,22.948969428869923
train,2018-08-05 23:45:00,24.065644474031227,22.935743862506047
train,2018-08-05 23:50:00,24.01748479543221,22.92170275566391
train,2018-08-05 23:55:00,23.97107233458226,22.906914387692463
train,2018-08-06 00:00:00,23.92624937063768,22.891443062355442
train,2018-08-06 00:05:00,23.88502632207968,22.875185690562923
train,2018-08-06 00:10:00,23.846065634579485,22.85804205173992
train,2018-08-06 00:15:00,23.80806741310025,22.839856635400995
train,2018-08-06 00:20:00,23.771697483486268,22.820792517555468
train,2018-08-06 00:25:00,23.73626250562502,22.80085144303374
train,2018-08-06 00:30:00,23.70116756992284,22.780094644689314
train,2018-08-06 00:35:00,23.666153409827626,22.75856221213035
train,2018-08-06 00:40:00,23.6311628796177,22.736283327632055
train,2018-08-06 00:45:00,23.596206548976376,22.713282575416553
train,2018-08-06 00:50:00,23.561300282011736,22.689582367588432
train,2018-08-06 00:55:00,23.52645047661685,22.66520353304618
train,2018-08-06 01:00:00,23.491656885976955,22.64016542970908
train,2018-08-06 01:05:00,23.457276680351576,22.615076463163952
train,2018-08-06 01:10:00,23.424055191738027,22.58996582194545
train,2018-08-06 01:15:00,23.39232249790641,22.564863077197163
train,2018-08-06 01:20:00,23.36205444911543,22.53982106971247
train,2018-08-06 01:25:00,23.333082853620507,22.514902469359125
train,2018-08-06 01:30:00,23.30522312425305,22.49017306552219
train,2018-08-06 01:35:00,23.278317471834985,22.465699189398492
train,2018-08-06 01:40:00,23.25223813266758,22.44154665189679
train,2018-08-06 01:45:00,23.22688049063187,22.417779964917898
train,2018-08-06 01:50:00,23.202157189406844,22.394461538610756
train,2018-08-06 01:55:00,23.17799478445997,22.371650887148363
train,2018-08-06 02:00:00,23.154331847541314,22.349403918161123
train,2018-08-06 02:05:00,23.13016573943928,22.326875829962383
train,2018-08-06 02:10:00,23.10471891681409,22.304106632454257
train,2018-08-06 02:15:00,23.07777351542625,22.281085923695347
train,2018-08-06 02:20:00,23.04943178982601,22.25776454307369
train,2018-08-06 02:25:00,23.01988861030178,22.234071762663703
train,2018-08-06 02:30:00,22.989327789399805,22.209924314145294
train,2018-08-06 02:35:00,22.957898278961824,22.185231437313604
train,2018-08-06 02:40:00,22.92571910048022,22.159903254210775
train,2018-08-06 02:45:00,22.892887811913248,22.13386285899821
train,2018-08-06 02:50:00,22.85948584918375,22.107047195003528
train,2018-08-06 02:55:00,22.82558122137027,22.079402499512593
train,2018-08-06 03:00:00,22.79123011509671,22.050885266129296
train,2018-08-06 03:05:00,22.75629868461513,22.021719577395572
train,2018-08-06 03:10:00,22.721271738829373,21.991905586415474
train,2018-08-06 03:15:00,22.68648286708004,21.961445555396306
train,2018-08-06 03:20:00,22.65203224657193,21.930367361615488
train,2018-08-06 03:25:00,22.61794736768731,21.89871156751611
train,2018-08-06 03:30:00,22.584281447221752,21.866525106150522
train,2018-08-06 03:35:00,22.55091037381388,21.833857833850338
train,2018-08-06 03:40:00,22.51772992771524,21.80075851829862
train,2018-08-06 03:45:00,22.484669789870303,21.767270472428503
train,2018-08-06 03:50:00,22.451707618300723,21.733433111725567
train,2018-08-06 03:55:00,22.418822265997523,21.69928256765689
train,2018-08-06 04:00:00,22.38598821920795,21.66485171234509
train,2018-08-06 04:05:00,22.330038961411457,21.628061779687204
train,2018-08-06 04:10:00,22.26176117791385,21.590463301767972
train,2018-08-06 04:15:00,22.19249685698476,21.55178782485981
train,2018-08-06 04:20:00,22.12726767579351,21.512131061886976
train,2018-08-06 04:25:00,22.066840330088706,21.4717320099675
train,2018-08-06 04:30:00,22.010465928501667,21.43083209604462
train,2018-08-06 04:35:00,21.96077016554086,21.389852592347744
train,2018-08-06 04:40:00,21.91540347180588,21.348845353180426
train,2018-08-06 04:45:00,21.87203907872985,21.307974416908962
train,2018-08-06 04:50:00,21.80389003585725,21.26551156136438
train,2018-08-06 04:55:00,21.72200030336264,21.222423881424003
train,2018-08-06 05:00:00,21.638909648172607,21.178386028287782
train,2018-08-06 05:05:00,21.580149689870726,21.13542049409414
train,2018-08-06 05:10:00,21.53978935551129,21.09311397689469
train,2018-08-06 05:15:00,21.51228134927044,21.052033293483255
train,2018-08-06 05:20:00,21.49175074128687,21.0125839790505
train,2018-08-06 05:25:00,21.47468948760272,20.974932467654856
train,2018-08-06 05:30:00,21.459752251827712,20.9391595931779
train,2018-08-06 05:35:00,21.4510256382201,20.905580442696245
train,2018-08-06 05:40:00,21.447473338586285,20.87412229589389
train,2018-08-06 05:45:00,21.447441278584748,20.844914869346827
train,2018-08-06 05:50:00,21.45851944798033,20.81925971028881
train,2018-08-06 05:55:00,21.474605819669247,20.796219441982853
train,2018-08-06 06:00:00,21.491170252545977,20.775855812295053
train,2018-08-06 06:05:00,21.50620199782351,20.758586274439608
train,2018-08-06 06:10:00,21.52044215873916,20.744346828971914
train,2018-08-06 06:15:00,21.53482272798085,20.73304683908765
train,2018-08-06 06:20:00,21.54995963628923,20.724638329141836
train,2018-08-06 06:25:00,21.56634177500953,20.719098669924954
train,2018-08-06 06:30:00,21.584656959968136,20.716421374594965
train,2018-08-06 06:35:00,21.605370203404387,20.716632923738143
train,2018-08-06 06:40:00,21.6284303324628,20.719716650465905
train,2018-08-06 06:45:00,21.653847884865776,20.72567221721124
train,2018-08-06 06:50:00,21.68192061774051,20.734507131517606
train,2018-08-06 06:55:00,21.712755648283093,20.746210114377536
train,2018-08-06 07:00:00,21.7465379582722,20.760778706683478
train,2018-08-06 07:05:00,21.78345677795048,20.777658158292414
train,2018-08-06 07:10:00,21.822656801336635,20.796843566486483
train,2018-08-06 07:15:00,21.86349128508168,20.818298975110228
train,2018-08-06 07:20:00,21.90161833031103,20.84168157303769
train,2018-08-06 07:25:00,21.9386062149742,20.867039432310616
train,2018-08-06 07:30:00,21.97644049798948,20.89421704670526
train,2018-08-06 07:35:00,22.01389420239277,20.922986479860082
train,2018-08-06 07:40:00,22.051594930043464,20.953334559732156
train,2018-08-06 07:45:00,22.09054133231263,20.985151627746767
train,2018-08-06 07:50:00,22.13136265297117,21.018363753546446
train,2018-08-06 07:55:00,22.174409450883,21.052915182661124
train,2018-08-06 08:00:00,22.21982330680353,21.088766905002725
train,2018-08-06 08:05:00,22.26845292365741,21.126214236970892
train,2018-08-06 08:10:00,22.320271514458497,21.165206149462676
train,2018-08-06 08:15:00,22.37493485369829,21.205742172903992
train,2018-08-06 08:20:00,22.432155915105373,21.247821702678348
train,2018-08-06 08:25:00,22.491795818629416,21.291443651234427
train,2018-08-06 08:30:00,22.55379396410393,21.336608886064088
train,2018-08-06 08:35:00,22.61809236289269,21.38332453308647
train,2018-08-06 08:40:00,22.68452518016092,21.4315898037792
train,2018-08-06 08:45:00,22.752955165565133,21.4814106178208
train,2018-08-06 08:50:00,22.823421285608102,21.532796610229465
train,2018-08-06 08:55:00,22.8958291893079,21.585754704416274
train,2018-08-06 09:00:00,22.9700524141346,21.640291760408733
train,2018-08-06 09:05:00,23.045585754766243,21.696116724666286
train,2018-08-06 09:10:00,23.12240303690125,21.753245737470777
train,2018-08-06 09:15:00,23.20057898623451,21.811670877975295
train,2018-08-06 09:20:00,23.28012920996611,21.871380059043318
train,2018-08-06 09:25:00,23.36099637702005,21.932356941905123
train,2018-08-06 09:30:00,23.44308450584364,21.99458055628163
train,2018-08-06 09:35:00,23.5263134926849,22.058030404051017
train,2018-08-06 09:40:00,23.61054517811508,22.12267945398047
train,2018-08-06 09:45:00,23.695645889647345,22.188500613662594
train,2018-08-06 09:50:00,23.781629718712207,22.25546637355092
train,2018-08-06 09:55:00,23.868426027538085,22.323548584760356
train,2018-08-06 10:00:00,23.95580856576095,22.392721079060696
train,2018-08-06 10:05:00,23.999876974047528,22.460265957493977
train,2018-08-06 10:10:00,23.999999499019783,22.526782321886515
train,2018-08-06 10:15:00,23.9999999984326,22.593547626874212
train,2018-08-06 10:20:00,23.99999999999392,22.658752307742347
train,2018-08-06 10:25:00,23.99999999999997,22.723014950426222
train,2018-08-06 10:30:00,24.000000000000004,22.786394213616397
train,2018-08-06 10:35:00,24.0,22.848954205002677
train,2018-08-06 10:40:00,24.0,22.91078405885083
train,2018-08-06 10:45:00,24.0,22.971912360072167
train,2018-08-06 10:50:00,24.000000000000004,23.032369949400056
train,2018-08-06 10:55:00,24.0,23.09218612480677
train,2018-08-06 11:00:00,24.000000000000004,23.151400318266756
train,2018-08-06 11:05:00,24.0,23.209793378041898
train,2018-08-06 11:10:00,24.000000000000004,23.26739758056468
train,2018-08-06 11:15:00,24.000000000000004,23.324243019952988
train,2018-08-06 11:20:00,24.0,23.38035319664841
train,2018-08-06 11:25:00,24.0,23.43575110490751
train,2018-08-06 11:30:00,24.000000000000004,23.490448388440484
train,2018-08-06 11:35:00,24.0,23.54444978367015
train,2018-08-06 11:40:00,24.000000000000004,23.59774147270559
train,2018-08-06 11:45:00,24.0,23.65031664410245
train,2018-08-06 11:50:00,24.0,23.702189119867924
train,2018-08-06 11:55:00,24.0,23.75335056743112
train,2018-08-06 12:00:00,24.0,23.80380334275563
train,2018-08-06 12:05:00,24.0,23.852845685473245
train,2018-08-06 12:10:00,24.0,23.900502887529782
train,2018-08-06 12:15:00,23.99999999835885,23.946770597392547
train,2018-08-06 12:20:00,23.999899140201773,23.99163224696714
train,2018-08-06 12:25:00,23.99993609311635,24.035103514486842
train,2018-08-06 12:30:00,24.000129344447064,24.07716356917208
train,2018-08-06 12:35:00,23.99998744863037,24.117754973999336
train,2018-08-06 12:40:00,23.99998428110012,24.156920884536977
train,2018-08-06 12:45:00,23.99998221534969,24.194635758145772
train,2018-08-06 12:50:00,23.999984425575192,24.23092083766672
train,2018-08-06 12:55:00,23.99998285381293,24.265752498304575
train,2018-08-06 13:00:00,23.99998122967133,24.299140150139948
train,2018-08-06 13:05:00,23.999978895596747,24.330109471857885
train,2018-08-06 13:10:00,23.99997826664404,24.358714095547853
train,2018-08-06 13:15:00,23.999977749968654,24.384971890269274
train,2018-08-06 13:20:00,23.9999756475228,24.408877710199427
train,2018-08-06 13:25:00,23.99997504908452,24.4304308161931
train,2018-08-06 13:30:00,23.999974600830207,24.44963078405801
train,2018-08-06 13:35:00,23.999971339527367,24.466476190097904
train,2018-08-06 13:40:00,23.99997110596953,24.48099125442352
train,2018-08-06 13:45:00,23.99997114594683,24.493186622310947
train,2018-08-06 13:50:00,23.999969976306684,24.503060356289637
train,2018-08-06 13:55:00,23.99997021728452,24.510644480550305
train,2018-08-06 14:00:00,23.999970677756565,24.51596488154945
train,2018-08-06 14:05:00,23.99997033547894,24.520554999937847
train,2018-08-06 14:10:00,23.999969987367493,24.524403658655654
train,2018-08-06 14:15:00,23.999969868796008,24.52756536746073
train,2018-08-06 14:20:00,23.999969897747462,24.53010600857854
train,2018-08-06 14:25:00,23.999969999119102,24.53209460099653
train,2018-08-06 14:30:00,23.999970251131963,24.53361775055496
train,2018-08-06 14:35:00,23.99996990433134,24.534740972949354
train,2018-08-06 14:40:00,23.99997012778188,24.535558302351063
train,2018-08-06 14:45:00,23.99997046596255,24.536156670628532
train,2018-08-06 14:50:00,23.999973644326097,24.536630471808138
train,2018-08-06 14:55:00,23.999974359972214,24.53700712292697
train,2018-08-06 15:00:00,23.999975080817823,24.53735315784232
train,2018-08-06 15:05:00,23.999956298026028,24.53772248359562
train,2018-08-06 15:10:00,23.999933265151164,24.538155432684327
train,2018-08-06 15:15:00,23.99991276712326,24.538698338922817
train,2018-08-06 15:20:00,23.99989295893699,24.539397378246075
train,2018-08-06 15:25:00,23.99987286951604,24.540296009605374
train,2018-08-06 15:30:00,23.99985261765102,24.541432183033034
train,2018-08-06 15:35:00,23.999981543933373,24.542803274535522
train,2018-08-06 15:40:00,23.99997718790073,24.544446500722593
train,2018-08-06 15:45:00,23.999977472338035,24.546421865534953
train,2018-08-06 15:50:00,23.99997157789758,24.548681324331202
train,2018-08-06 15:55:00,23.99997119468994,24.55130455994397
train,2018-08-06 16:00:00,23.999971054793008,24.55431019449657
train,2018-08-06 16:05:00,23.99996992408356,24.557474529250257
train,2018-08-06 16:10:00,23.99997018522533,24.560815810589556
train,2018-08-06 16:15:00,23.99997051151113,24.564329267082517
train,2018-08-06 16:20:00,23.99997084077676,24.568000160800107
train,2018-08-06 16:25:00,23.999971168677185,24.571810882774535
train,2018-08-06 16:30:00,23.99997148064197,24.575742006204422
train,2018-08-06 16:35:00,23.99997020044465,24.579784570440623
train,2018-08-06 16:40:00,23.999970635630508,24.583953641046737
train,2018-08-06 16:45:00,23.99997122476791,24.588240223629466
train,2018-08-06 16:50:00,23.999970958829007,24.59261698775058
train,2018-08-06 16:55:00,23.999971538630888,24.597080004614863
train,2018-08-06 17:00:00,23.99997221590168,24.601617952902302
train,2018-08-06 17:05:00,23.99997319047606,24.605448677184036
train,2018-08-06 17:10:00,23.999974479743724,24.60857915361327
train,2018-08-06 17:15:00,23.999975869727155,24.61099472280995
train,2018-08-06 17:20:00,23.999957664582748,24.612677738339972
train,2018-08-06 17:25:00,23.999882333430904,24.6135812025362
train,2018-08-06 17:30:00,23.999998849033293,24.613682035436227
train,2018-08-06 17:35:00,23.99986944762948,24.61281777138117
train,2018-08-06 17:40:00,23.99999870059912,24.61100925357768
train,2018-08-06 17:45:00,23.99999998525131,24.608204001649668
train,2018-08-06 17:50:00,23.99999999916929,24.60438633460822
train,2018-08-06 17:55:00,24.00000000083095,24.599518706781083
train,2018-08-06 18:00:00,23.99999999961252,24.593598049482207
train,2018-08-06 18:05:00,24.00000000057874,24.58692584126321
train,2018-08-06 18:10:00,24.000000000341497,24.57939506718237
train,2018-08-06 18:15:00,23.999999998941533,24.570994639108086
train,2018-08-06 18:20:00,23.999999999984134,24.5617121571241
train,2018-08-06 18:25:00,24.00000000203867,24.55153874903526
train,2018-08-06 18:30:00,24.00000000045445,24.540470214800354
train,2018-08-06 18:35:00,24.000000000746454,24.528618851491775
train,2018-08-06 18:40:00,23.99999999915624,24.51605288303574
train,2018-08-06 18:45:00,24.0000000011094,24.502802904319378
train,2018-08-06 18:50:00,24.000000002341373,24.48885756728291
train,2018-08-06 18:55:00,24.00000000100508,24.47423950822477
train,2018-08-06 19:00:00,24.000000000131468,24.45916626005094
train,2018-08-06 19:05:00,24.00000000088948,24.444036371652164
train,2018-08-06 19:10:00,24.000000000159623,24.428776002456537
train,2018-08-06 19:15:00,23.999999999738,24.413391528987663
train,2018-08-06 19:20:00,23.999999999590766,24.397912265548392
train,2018-08-06 19:25:00,24.000000001505,24.382377504801404
train,2018-08-06 19:30:00,23.99999999787753,24.36683171032878
train,2018-08-06 19:35:00,23.999999999982503,24.351308570089408
train,2018-08-06 19:40:00,23.99999999999985,24.33585611843838
train,2018-08-06 19:45:00,24.0,24.32052289971611
train,2018-08-06 19:50:00,24.0,24.305345053307057
train,2018-08-06 19:55:00,24.000000000000004,24.29036157880455
train,2018-08-06 20:00:00,24.0,24.27560812241023
train,2018-08-06 20:05:00,24.000000000000004,24.260953789707184
train,2018-08-06 20:10:00,24.000000000000004,24.246375211928335
train,2018-08-06 20:15:00,24.000000000000004,24.231874722384767
train,2018-08-06 20:20:00,24.000000000000004,24.21749164351313
train,2018-08-06 20:25:00,24.0,24.203207480063284
train,2018-08-06 20:30:00,24.000000000000004,24.189013816517022
train,2018-08-06 20:35:00,24.0,24.174909630770635
train,2018-08-06 20:40:00,24.0,24.16085913469697
train,2018-08-06 20:45:00,24.000000000000004,24.14684688705959
train,2018-08-06 20:50:00,24.000000000000004,24.132885276237115
train,2018-08-06 20:55:00,24.0,24.118948626108292
train,2018-08-06 21:00:00,24.000000000000007,24.105026518759384
train,2018-08-06 21:05:00,24.07730134350147,24.096563856500065
train,2018-08-06 21:10:00,24.194136936067768,24.089264760906854
train,2018-08-06 21:15:00,24.312939139212983,24.083934007729994
train,2018-08-06 21:20:00,24.41822148599645,24.08057169141146
train,2018-08-06 21:25:00,24.50773382157322,24.078854671778377
train,2018-08-06 21:30:00,24.58401991401029,24.0784200486381
train,2018-08-06 21:35:00,24.64406408574688,24.078603696997963
train,2018-08-06 21:40:00,24.691766821691942,24.079381714786855
train,2018-08-06 21:45:00,24.731015018098685,24.080495840975573
train,2018-08-06 21:50:00,24.76120492522798,24.08159079184606
train,2018-08-06 21:55:00,24.784469884851475,24.08265090711565
train,2018-08-06 22:00:00,24.80274507186467,24.08354542208011
train,2018-08-06 22:05:00,24.813105467441453,24.083461451309525
train,2018-08-06 22:10:00,24.816540853322586,24.082429669739902
train,2018-08-06 22:15:00,24.81464912022043,24.080322824954195
train,2018-08-06 22:20:00,24.806917989453027,24.076948598731317
train,2018-08-06 22:25:00,24.794334015113748,24.07228013674815
train,2018-08-06 22:30:00,24.77786020935844,24.06622890384095
train,2018-08-06 22:35:00,24.758089743473125,24.058727551847774
train,2018-08-06 22:40:00,24.73535997595098,24.04972283761508
train,2018-08-06 22:45:00,24.70990290321135,24.039170728257233
train,2018-08-06 22:50:00,24.68191541133124,24.027034409403726
train,2018-08-06 22:55:00,24.65154569456703,24.013283576480863
train,2018-08-06 23:00:00,24.618939843128224,23.99789334539429
train,2018-08-06 23:05:00,24.61591609671655,23.981668335849367
train,2018-08-06 23:10:00,24.630559115736183,23.96520924682616
train,2018-08-06 23:15:00,24.64937248050869,23.948889656145777
train,2018-08-06 23:20:00,24.66596224812836,23.932814850863668
train,2018-08-06 23:25:00,24.67875535863365,23.916966858350932
train,2018-08-06 23:30:00,24.687995050038865,23.901300984744296
train,2018-08-06 23:35:00,24.69399434136768,23.885780348704095
train,2018-08-06 23:40:00,24.696994131370776,23.870375096137657
train,2018-08-06 23:45:00,24.697180563935444,23.855059454643314
train,2018-08-06 23:50:00,24.69472659254867,23.83980973108844
train,2018-08-06 23:55:00,24.68981092434163,23.824603582104036
train,2018-08-07 00:00:00,24.6826188153309,23.809419956108798
train,2018-08-07 00:05:00,24.67326484705535,23.79423267781492
train,2018-08-07 00:10:00,24.6619830712318,23.779028360142423
train,2018-08-07 00:15:00,24.64899451449814,23.763790399582202
train,2018-08-07 00:20:00,24.63448126926671,23.7485048421352
train,2018-08-07 00:25:00,24.61859620039133,23.733159778950338
train,2018-08-07 00:30:00,24.601473985746622,23.717744945397964
train,2018-08-07 00:35:00,24.5832367873273,23.70225153719563
train,2018-08-07 00:40:00,24.563996436801936,23.686672123186714
train,2018-08-07 00:45:00,24.54385531833619,23.67100057904918
train,2018-08-07 00:50:00,24.52290697296125,23.65523201503427
train,2018-08-07 00:55:00,24.501236709489344,23.63936269386166
train,2018-08-07 01:00:00,24.478922233897784,23.623389941565673
train,2018-08-07 01:05:00,24.45479554976709,23.606712421680697
train,2018-08-07 01:10:00,24.42885493953599,23.58935948858294
train,2018-08-07 01:15:00,24.40141091603687,23.57130936585293
train,2018-08-07 01:20:00,24.37272736482773,23.552539938994457
train,2018-08-07 01:25:00,24.34296773903181,23.53303042056355
train,2018-08-07 01:30:00,24.31223188060285,23.512761120477595
train,2018-08-07 01:35:00,24.280591282623096,23.491713429524825
train,2018-08-07 01:40:00,24.24810539751036,23.46987012623132
train,2018-08-07 01:45:00,24.214825862223897,23.447215721251943
train,2018-08-07 01:50:00,24.180795524613533,23.423736673278988
train,2018-08-07 01:55:00,24.14605001596285,23.39942143352922
train,2018-08-07 02:00:00,24.11061820453424,23.374260417793728
train,2018-08-07 02:05:00,24.075323828877632,23.34882281875499
train,2018-08-07 02:10:00,24.04039979597165,23.323085897832744
train,2018-08-07 02:15:00,24.005799031478546,23.29705829008707
train,2018-08-07 02:20:00,23.97141684454956,23.27075550406218
train,2018-08-07 02:25:00,23.937167889363884,23.24419620659989
train,2018-08-07 02:30:00,23.90299398976284,23.21740073811123
train,2018-08-07 02:35:00,23.868858133421064,23.19039026415281
train,2018-08-07 02:40:00,23.834724759813223,23.16318616607733
train,2018-08-07 02:45:00,23.800572810351923,23.135809307652178
train,2018-08-07 02:50:00,23.76637933909335,23.10827978961896
train,2018-08-07 02:55:00,23.73213451848264,23.080616531511474
train,2018-08-07 03:00:00,23.697825441789544,23.052837290885233
train,2018-08-07 03:05:00,23.662960763340728,23.02489104792112
train,2018-08-07 03:10:00,23.627828021348304,22.99682094506389
train,2018-08-07 03:15:00,23.592713925291527,22.96863808755284
train,2018-08-07 03:20:00,23.55775345476404,22.94035782698261
train,2018-08-07 03:25:00,23.52297675147072,22.911996673514835
train,2018-08-07 03:30:00,23.488375432829944,22.88357023369606
train,2018-08-07 03:35:00,23.45395137173685,22.85509124514097
train,2018-08-07 03:40:00,23.41970593635572,22.826573774316785
train,2018-08-07 03:45:00,23.38565241615697,22.798029577889093
train,2018-08-07 03:50:00,23.35193854969005,22.76946978361515
train,2018-08-07 03:55:00,23.31850320547376,22.74090740522341
train,2018-08-07 04:00:00,23.285265473197505,22.712353379634916
train,2018-08-07 04:05:00,23.23124022922749,22.681787164922397
train,2018-08-07 04:10:00,23.16585627785945,22.65076388268858
train,2018-08-07 04:15:00,23.0990926731466,22.619102294152807
train,2018-08-07 04:20:00,23.03539524663307,22.586823888699264
train,2018-08-07 04:25:00,22.97550086576862,22.554035206021705
train,2018-08-07 04:30:00,22.91883676633072,22.520850498460447
train,2018-08-07 04:35:00,22.865597252103928,22.487416389913523
train,2018-08-07 04:40:00,22.81506583926952,22.453778910404733
train,2018-08-07 04:45:00,22.766592221933028,22.420011464368322
train,2018-08-07 04:50:00,22.71677444404449,22.385968815550306
train,2018-08-07 04:55:00,22.666592836965787,22.35182405484126
train,2018-08-07 05:00:00,22.617308934839745,22.317583165776558
train,2018-08-07 05:05:00,22.587272556150165,22.285252241084002
train,2018-08-07 05:10:00,22.568824120261034,22.253574631505344
train,2018-08-07 05:15:00,22.553572216814487,22.22275442864216
train,2018-08-07 05:20:00,22.53761758074149,22.192822813317893
train,2018-08-07 05:25:00,22.52012083746555,22.163734987425983
train,2018-08-07 05:30:00,22.50136592138937,22.135434645328495
train,2018-08-07 05:35:00,22.48386208135756,22.10796192387373
train,2018-08-07 05:40:00,22.46804515674076,22.08126352844838
train,2018-08-07 05:45:00,22.45368418971924,22.055368021769407
train,2018-08-07 05:50:00,22.44127177379508,22.030338888836642
train,2018-08-07 05:55:00,22.43051629327301,22.006170179538383
train,2018-08-07 06:00:00,22.421137192709743,21.982886065306644
train,2018-08-07 06:05:00,22.41423229939693,21.961115595834332
train,2018-08-07 06:10:00,22.40989446604228,21.94083515768975
train,2018-08-07 06:15:00,22.40801560296053,21.922074602278652
train,2018-08-07 06:20:00,22.40857625123987,21.90486758800508
train,2018-08-07 06:25:00,22.411793429116013,21.88925118023114
train,2018-08-07 06:30:00,22.418282197735824,21.875269014200345
train,2018-08-07 06:35:00,22.428170515654102,21.862984451403864
train,2018-08-07 06:40:00,22.4413272226569,21.852436538924437
train,2018-08-07 06:45:00,22.45773358098792,21.84367221389003
train,2018-08-07 06:50:00,22.47755731112853,21.836742841116617
train,2018-08-07 06:55:00,22.50082878985673,21.831683720102298
train,2018-08-07 07:00:00,22.52769510876257,21.82853459552175
train,2018-08-07 07:05:00,22.56007977282402,21.827445055381823
train,2018-08-07 07:10:00,22.596684092857103,21.828396209422383
train,2018-08-07 07:15:00,22.636068860228267,21.83143872468454
train,2018-08-07 07:20:00,22.678348044644416,21.836639116925586
train,2018-08-07 07:25:00,22.72306660999362,21.84397519838317
train,2018-08-07 07:30:00,22.76947943506147,21.853457874163674
train,2018-08-07 07:35:00,22.83500545472405,21.866233252597574
train,2018-08-07 07:40:00,22.91311418146654,21.88158689039769
train,2018-08-07 07:45:00,22.996131043778927,21.899712482789834
train,2018-08-07 07:50:00,23.08902415169365,21.921220561461496
train,2018-08-07 07:55:00,23.18762819985969,21.945715616141634
train,2018-08-07 08:00:00,23.288115189885147,21.973240797747756
train,2018-08-07 08:05:00,23.368602253770987,22.00241542088178
train,2018-08-07 08:10:00,23.43646120135205,22.03398739639712
train,2018-08-07 08:15:00,23.501050101788472,22.06765962814311
train,2018-08-07 08:20:00,23.561823138159497,22.10298676284384
train,2018-08-07 08:25:00,23.62191724392208,22.14018851924089
train,2018-08-07 08:30:00,23.683506027373223,22.179239656483865
train,2018-08-07 08:35:00,23.74749587649405,22.22017105139582
train,2018-08-07 08:40:00,23.813844735999275,22.263015368149663
train,2018-08-07 08:45:00,23.882272442966308,22.307812922775575
train,2018-08-07 08:50:00,23.95260054316363,22.354603903615715
train,2018-08-07 08:55:00,23.999928559872064,22.401680033736152
train,2018-08-07 09:00:00,23.999999739496783,22.447927118756414
train,2018-08-07 09:05:00,23.999999999377923,22.49612170057264
train,2018-08-07 09:10:00,23.99999999999805,22.543851325113387
train,2018-08-07 09:15:00,24.0,22.591786879794675
train,2018-08-07 09:20:00,24.0,22.639964262754262
train,2018-08-07 09:25:00,24.0,22.688408926146806
train,2018-08-07 09:30:00,24.0,22.73710215835533
train,2018-08-07 09:35:00,24.0,22.7860472926951
train,2018-08-07 09:40:00,24.000000000000004,22.835216032550306
train,2018-08-07 09:45:00,24.000000000000004,22.88459217268809
train,2018-08-07 09:50:00,24.0,22.934154686842962
train,2018-08-07 09:55:00,24.000000000000004,22.983870901992585
train,2018-08-07 10:00:00,24.0,23.03333646754494
train,2018-08-07 10:05:00,24.0,23.08250642409691
train,2018-08-07 10:10:00,24.0,23.131476155100216
train,2018-08-07 10:15:00,24.0,23.180310739412004
train,2018-08-07 10:20:00,24.000000000000004,23.22904316669231
train,2018-08-07 10:25:00,24.0,23.27769597590963
train,2018-08-07 10:30:00,24.0,23.32627286171048
train,2018-08-07 10:35:00,24.0,23.37477550206271
train,2018-08-07 10:40:00,24.0,23.423184964321138
train,2018-08-07 10:45:00,24.000000000000004,23.471501129342084
train,2018-08-07 10:50:00,24.0,23.519727010943328
train,2018-08-07 10:55:00,24.0,23.56785405435599
train,2018-08-07 11:00:00,24.0,23.6158817591972
train,2018-08-07 11:05:00,24.0,23.663490336406607
train,2018-08-07 11:10:00,24.0,23.710696388820985
train,2018-08-07 11:15:00,24.0,23.757493350745477
train,2018-08-07 11:20:00,24.000000000000004,23.80386381076967
train,2018-08-07 11:25:00,24.0,23.849785840563086
train,2018-08-07 11:30:00,24.0,23.895237071537185
train,2018-08-07 11:35:00,24.0,23.940191778915228
train,2018-08-07 11:40:00,24.000000000000007,23.984617542538842
train,2018-08-07 11:45:00,23.99999999963782,24.028485515444032
train,2018-08-07 11:50:00,23.9999999999832,24.07175379965775
train,2018-08-07 11:55:00,23.99989888640521,24.11440323353592
train,2018-08-07 12:00:00,23.99996297815549,24.156433446233844
train,2018-08-07 12:05:00,23.999985523436607,24.197495502396315
train,2018-08-07 12:10:00,23.9999835761021,24.23762029899807
train,2018-08-07 12:15:00,23.99998151620268,24.276807178209037
train,2018-08-07 12:20:00,23.999979561564924,24.315050534516967
train,2018-08-07 12:25:00,23.99997779422708,24.352352008670024
train,2018-08-07 12:30:00,23.99997607016472,24.388700588499344
train,2018-08-07 12:35:00,23.99997466084565,24.424091145634538
train,2018-08-07 12:40:00,23.99997345975848,24.45849095318282
train,2018-08-07 12:45:00,23.999972344719552,24.491883999573076
train,2018-08-07 12:50:00,23.9999712520366,24.52426589161246
train,2018-08-07 12:55:00,23.99997027446282,24.555649861995267
train,2018-08-07 13:00:00,23.99996927678933,24.586038893206965
train,2018-08-07 13:05:00,23.9999684327102,24.615456707646548
train,2018-08-07 13:10:00,23.99996769463364,24.643939332805544
train,2018-08-07 13:15:00,23.999967028939164,24.6715126922376
train,2018-08-07 13:20:00,23.9999664851402,24.698211827979037
train,2018-08-07 13:25:00,23.9999659610542,24.724056893002707
train,2018-08-07 13:30:00,23.99996559073966,24.74909034618926
train,2018-08-07 13:35:00,23.999966249180343,24.77332611981452
train,2018-08-07 13:40:00,23.99996592387816,24.796805344026748
train,2018-08-07 13:45:00,23.99996565197364,24.81958537418323
train,2018-08-07 13:50:00,23.999965965271272,24.84169830030648
train,2018-08-07 13:55:00,23.999965860256992,24.863170741574674
train,2018-08-07 14:00:00,23.99996581607349,24.88403628906381
train,2018-08-07 14:05:00,23.99996688730941,24.902739831470974
train,2018-08-07 14:10:00,23.99996802132215,24.919387118782527
train,2018-08-07 14:15:00,23.99996926417723,24.933875041648438
train,2018-08-07 14:20:00,23.99997060352572,24.94584152455444
train,2018-08-07 14:25:00,23.99997205774872,24.955349552160396
train,2018-08-07 14:30:00,23.999973616315675,24.96242005580624
train,2018-08-07 14:35:00,23.99997485716672,24.967078884589696
train,2018-08-07 14:40:00,23.999976485533484,24.969360045140533
train,2018-08-07 14:45:00,23.99995913862889,24.969273835636333
train,2018-08-07 14:50:00,23.99997268658863,24.966860325934377
train,2018-08-07 14:55:00,23.999973764764,24.962231931003952
train,2018-08-07 15:00:00,24.000035681878263,24.955380451304347
train,2018-08-07 15:05:00,23.99997305870299,24.94803438871017
train,2018-08-07 15:10:00,23.99997281247178,24.940181889290812
train,2018-08-07 15:15:00,23.99997327424389,24.931790256152574
train,2018-08-07 15:20:00,23.9999738625806,24.922898354051096
train,2018-08-07 15:25:00,23.99997450736083,24.913571144230406
train,2018-08-07 15:30:00,24.000075594298973,24.903901261212358
train,2018-08-07 15:35:00,23.999919702011567,24.89396045335472
train,2018-08-07 15:40:00,23.999870763754192,24.88386378290002
train,2018-08-07 15:45:00,23.99999871961902,24.873676717817634
train,2018-08-07 15:50:00,23.999999987070183,24.863465870134434
train,2018-08-07 15:55:00,23.999999999887688,24.853314635763688
train,2018-08-07 16:00:00,24.000000000427303,24.84325831508374
train,2018-08-07 16:05:00,23.999999997888857,24.83260034250665
train,2018-08-07 16:10:00,23.99999999891176,24.8214296862878
train,2018-08-07 16:15:00,24.000000000675247,24.809794062961036
train,2018-08-07 16:20:00,23.999999998980787,24.797696808821048
train,2018-08-07 16:25:00,23.99999999979357,24.785186460502352
train,2018-08-07 16:30:00,23.999999998508507,24.772249616329002
train,2018-08-07 16:35:00,24.00000000012627,24.758837513859824
train,2018-08-07 16:40:00,24.000000000806686,24.74497261165521
train,2018-08-07 16:45:00,24.000000001626447,24.730633447280447
train,2018-08-07 16:50:00,23.999999998304936,24.715773319724086
train,2018-08-07 16:55:00,24.00000000141272,24.70037667232639
train,2018-08-07 17:00:00,23.99999999846313,24.684411306188284
train,2018-08-07 17:05:00,24.000000000633,24.668714149785473
train,2018-08-07 17:10:00,24.00000000000521,24.653190466157252
train,2018-08-07 17:15:00,24.000000000000043,24.637790333036786
train,2018-08-07 17:20:00,24.0,24.622495022843893
train,2018-08-07 17:25:00,24.000000000000004,24.60730553489022
train,2018-08-07 17:30:00,24.000000000000004,24.5922348325387
train,2018-08-07 17:35:00,24.0,24.577251453418945
train,2018-08-07 17:40:00,24.000000000000004,24.56241499686266
train,2018-08-07 17:45:00,24.0,24.54775475348398
train,2018-08-07 17:50:00,24.0,24.533268671943755
train,2018-08-07 17:55:00,24.0,24.51896919115131
train,2018-08-07 18:00:00,24.000000000000004,24.504878931094655
train,2018-08-07 18:05:00,24.000000000000004,24.490513590023376
train,2018-08-07 18:10:00,24.0,24.475914425945422
train,2018-08-07 18:15:00,24.0,24.461088060244805
train,2018-08-07 18:20:00,24.0,24.445962035583126
train,2018-08-07 18:25:00,24.0,24.430563092917257
train,2018-08-07 18:30:00,24.0,24.414890555985274
train,2018-08-07 18:35:00,24.000000000000004,24.398983941435894
train,2018-08-07 18:40:00,24.0,24.382956893598788
train,2018-08-07 18:45:00,24.0,24.366818835273698
train,2018-08-07 18:50:00,24.000000000000004,24.35053358211598
train,2018-08-07 18:55:00,24.0,24.334112311529434
train,2018-08-07 19:00:00,24.0,24.317797513409346
train,2018-08-07 19:05:00,24.0,24.301504087569725
train,2018-08-07 19:10:00,24.0,24.284984042135044
train,2018-08-07 19:15:00,24.0,24.26820873620564
train,2018-08-07 19:20:00,24.0,24.251209369368052
train,2018-08-07 19:25:00,24.0,24.23394809491686
train,2018-08-07 19:30:00,24.0,24.216446416218623
train,2018-08-07 19:35:00,24.000000000000004,24.198715523889554
train,2018-08-07 19:40:00,24.000000000000007,24.180778688692435
train,2018-08-07 19:45:00,24.000000000000004,24.162658302558267
train,2018-08-07 19:50:00,24.0,24.14436079870466
train,2018-08-07 19:55:00,24.000000000000004,24.12589921694652
train,2018-08-07 20:00:00,24.0,24.107271598647618
train,2018-08-07 20:05:00,24.0,24.08802990245406
train,2018-08-07 20:10:00,24.000000000000004,24.06814832457208
train,2018-08-07 20:15:00,24.0,24.047672076628448
train,2018-08-07 20:20:00,24.0,24.026658523215513
train,2018-08-07 20:25:00,24.0,24.00507781674969
train,2018-08-07 20:30:00,24.000000000000004,23.98295076422276
train,2018-08-07 20:35:00,24.0,23.960299678457837
train,2018-08-07 20:40:00,24.0,23.937094632961987
train,2018-08-07 20:45:00,24.0,23.913351287116647
train,2018-08-07 20:50:00,24.0,23.88908596787042
train,2018-08-07 20:55:00,24.0,23.864290868771782
train,2018-08-07 21:00:00,24.0,23.838980354770044
train,2018-08-07 21:05:00,24.063194936470246,23.82070282670369
train,2018-08-07 21:10:00,24.160596347802915,23.80224289211781
train,2018-08-07 21:15:00,24.2617955522566,23.78468004361038
train,2018-08-07 21:20:00,24.35344687259434,23.768325848069736
train,2018-08-07 21:25:00,24.433470366141737,23.753131379545323
train,2018-08-07 21:30:00,24.503801350353186,23.738949615684643
train,2018-08-07 21:35:00,24.563835578773286,23.725331723809127
train,2018-08-07 21:40:00,24.61608436153192,23.7124074541819
train,2018-08-07 21:45:00,24.66254039516232,23.700051382455847
train,2018-08-07 21:50:00,24.70140033434176,23.68786496224873
train,2018-08-07 21:55:00,24.73426295251373,23.676006887338016
train,2018-08-07 22:00:00,24.76288488781843,23.664371890138877
train,2018-08-07 22:05:00,24.78728401547878,23.652806595300653
train,2018-08-07 22:10:00,24.807972412073312,23.64130477972274
train,2018-08-07 22:15:00,24.82522157565297,23.629792099804245
train,2018-08-07 22:20:00,24.839018845002933,23.618195374204593
train,2018-08-07 22:25:00,24.84938101253865,23.606437603104222
train,2018-08-07 22:30:00,24.856407513267,23.59443928291458
train,2018-08-07 22:35:00,24.860279241872057,23.58212068534684
train,2018-08-07 22:40:00,24.861238306695974,23.569404047494498
train,2018-08-07 22:45:00,24.859546598996523,23.55621532772824
train,2018-08-07 22:50:00,24.84941465613709,23.542485124352048
train,2018-08-07 22:55:00,24.832987525258208,23.52802394629156
train,2018-08-07 23:00:00,24.81312172088673,23.512691391362896
train,2018-08-07 23:05:00,24.767705534560253,23.49642379557875
train,2018-08-07 23:10:00,24.708008917258883,23.4786815438098
train,2018-08-07 23:15:00,24.651384255498883,23.459193193027172
train,2018-08-07 23:20:00,24.600632320159185,23.438057584770814
train,2018-08-07 23:25:00,24.5537252457214,23.415433750784793
train,2018-08-07 23:30:00,24.50857057544581,23.391441872380536
train,2018-08-07 23:35:00,24.464036772968925,23.3661645821314
train,2018-08-07 23:40:00,24.41967184332144,23.339668264509207
train,2018-08-07 23:45:00,24.375350667645733,23.312017242776243
train,2018-08-07 23:50:00,24.33105588868581,23.28327988905107
train,2018-08-07 23:55:00,24.286784915420604,23.25352978909107
train,2018-08-08 00:00:00,24.24253551250866,23.222844741709103
train,2018-08-08 00:05:00,24.197916480187363,23.190908800112712
train,2018-08-08 00:10:00,24.152805026712453,23.157821361055493
train,2018-08-08 00:15:00,24.107232443949027,23.123658529402046
train,2018-08-08 00:20:00,24.061272927129384,23.08848641446731
train,2018-08-08 00:25:00,24.01499408034621,23.05236431465759
train,2018-08-08 00:30:00,23.96844625933369,23.015346280753395
train,2018-08-08 00:35:00,23.921665437738987,22.977481974712266
train,2018-08-08 00:40:00,23.87467735555345,22.938817204126384
train,2018-08-08 00:45:00,23.82749957620092,22.89939425563894
train,2018-08-08 00:50:00,23.78014017961392,22.859252071996373
train,2018-08-08 00:55:00,23.732597641561647,22.818426278269488
train,2018-08-08 01:00:00,23.684889770698163,22.77694913868505
train,2018-08-08 01:05:00,23.63756842636208,22.7355823120913
train,2018-08-08 01:10:00,23.61175096335414,22.694393336067026
train,2018-08-08 01:15:00,23.59867932829915,22.65386590775225
train,2018-08-08 01:20:00,23.5886070225111,22.61431420348921
train,2018-08-08 01:25:00,23.57692419756786,22.575850571756753
train,2018-08-08 01:30:00,23.562578937118094,22.538487997186106
train,2018-08-08 01:35:00,23.54585569861996,22.502214051684692
train,2018-08-08 01:40:00,23.52722500600302,22.467019684846832
train,2018-08-08 01:45:00,23.50701799786373,22.432904097781936
train,2018-08-08 01:50:00,23.485434745471096,22.39987304207271
train,2018-08-08 01:55:00,23.46261215595241,22.367937799477996
train,2018-08-08 02:00:00,23.438666622896665,22.337116166239856
train,2018-08-08 02:05:00,23.41427879434727,22.307893904209273
train,2018-08-08 02:10:00,23.38965654597778,22.280298348659695
train,2018-08-08 02:15:00,23.364823194841257,22.25439947314921
train,2018-08-08 02:20:00,23.33978064685826,22.23028586898924
train,2018-08-08 02:25:00,23.314546892760674,22.208064922293474
train,2018-08-08 02:30:00,23.289153411284666,22.18786334139337
train,2018-08-08 02:35:00,23.26363761627218,22.169824922036444
train,2018-08-08 02:40:00,23.238037724451548,22.154100848885975
train,2018-08-08 02:45:00,23.212390821178342,22.142592350419104
train,2018-08-08 02:50:00,23.173538077333124,22.13439578980606
train,2018-08-08 02:55:00,23.12793759456097,22.127503130308927
train,2018-08-08 03:00:00,23.082204250564224,22.120333772339492
train,2018-08-08 03:05:00,23.038245398177555,22.111305925034685
train,2018-08-08 03:10:00,22.99649819361998,22.100075758743518
train,2018-08-08 03:15:00,22.956776511622472,22.086562421427697
train,2018-08-08 03:20:00,22.918774466869262,22.070709045082737
train,2018-08-08 03:25:00,22.88224887171041,22.05248670376538
train,2018-08-08 03:30:00,22.84703352423148,22.032025658824026
train,2018-08-08 03:35:00,22.81302309179913,22.00955344310178
train,2018-08-08 03:40:00,22.78011260407973,21.985346825962313
train,2018-08-08 03:45:00,22.74817406864888,21.95968385442572
train,2018-08-08 03:50:00,22.717135607006703,21.932823693172207
train,2018-08-08 03:55:00,22.687106524088485,21.904998128441196
train,2018-08-08 04:00:00,22.658040885268807,21.876415663375294
train,2018-08-08 04:05:00,22.61041262132865,21.84306838580588
train,2018-08-08 04:10:00,22.55276020378377,21.80883561393993
train,2018-08-08 04:15:00,22.494296988532746,21.773649339753824
train,2018-08-08 04:20:00,22.439156635839364,21.737675768904406
train,2018-08-08 04:25:00,22.388060102212783,21.70115940745107
train,2018-08-08 04:30:00,22.340496924079805,21.664329133934732
train,2018-08-08 04:35:00,22.29756811606394,21.62760176359036
train,2018-08-08 04:40:00,22.25838908790461,21.59092905429707
train,2018-08-08 04:45:00,22.22180248253716,21.554460240344795
train,2018-08-08 04:50:00,22.18378722319968,21.518414679074297
train,2018-08-08 04:55:00,22.145202839725403,21.482658870430246
train,2018-08-08 05:00:00,22.107450755307177,21.44720108054347
train,2018-08-08 05:05:00,22.09017604744233,21.41595315060758
train,2018-08-08 05:10:00,22.084872283532764,21.38533519542831
train,2018-08-08 05:15:00,22.08654276536184,21.35565073355813
train,2018-08-08 05:20:00,22.10687105380465,21.329584267805366
train,2018-08-08 05:25:00,22.13657549039979,21.304879934650433
train,2018-08-08 05:30:00,22.166988460428897,21.28172132135628
train,2018-08-08 05:35:00,22.20457479242203,21.261466483489748
train,2018-08-08 05:40:00,22.245558961684235,21.24280607501878
train,2018-08-08 05:45:00,22.28625374922812,21.225789712185644
train,2018-08-08 05:50:00,22.325548360655368,21.210430751391804
train,2018-08-08 05:55:00,22.363100279467503,21.196577235034344
train,2018-08-08 06:00:00,22.39903440420277,21.184140911516234
train,2018-08-08 06:05:00,22.43461674842369,21.173919597428174
train,2018-08-08 06:10:00,22.4701597300227,21.165588077229845
train,2018-08-08 06:15:00,22.50586420051217,21.158996403573344
train,2018-08-08 06:20:00,22.5417695318856,21.15404411458109
train,2018-08-08 06:25:00,22.577825958997,21.15066119507955
train,2018-08-08 06:30:00,22.614632461169847,21.148795196545105
train,2018-08-08 06:35:00,22.65266336379744,21.148434689171296
train,2018-08-08 06:40:00,22.691782842335748,21.149474744367353
train,2018-08-08 06:45:00,22.732066886775808,21.151859688186683
train,2018-08-08 06:50:00,22.74935088302745,21.152578782572707
train,2018-08-08 06:55:00,22.753025114921712,21.15418474941526
train,2018-08-08 07:00:00,22.754642669693386,21.15633567975392
train,2018-08-08 07:05:00,22.759390225035844,21.160963620741697
train,2018-08-08 07:10:00,22.769201873598256,21.167847790339554
train,2018-08-08 07:15:00,22.783944839982684,21.17678765214801
train,2018-08-08 07:20:00,22.80292374553052,21.187684072798216
train,2018-08-08 07:25:00,22.82552693969248,21.200485447778824
train,2018-08-08 07:30:00,22.851035985383906,21.215163135765717
train,2018-08-08 07:35:00,22.87972361496216,21.231736472286244
train,2018-08-08 07:40:00,22.91130822465365,21.25022551794767
train,2018-08-08 07:45:00,22.945628110613374,21.270664311946387
train,2018-08-08 07:50:00,22.98258717107496,21.293086980188747
train,2018-08-08 07:55:00,23.022152080885583,21.31750339880871
train,2018-08-08 08:00:00,23.06430756523717,21.343924731723035
train,2018-08-08 08:05:00,23.1097819182094,21.372423713922924
train,2018-08-08 08:10:00,23.15835333298141,21.402948757823406
train,2018-08-08 08:15:00,23.20968543670108,21.435509356649444
train,2018-08-08 08:20:00,23.263527575137115,21.470107566612846
train,2018-08-08 08:25:00,23.32106434333113,21.506741171459154
train,2018-08-08 08:30:00,23.38410781208797,21.545433110223613
train,2018-08-08 08:35:00,23.45038226085797,21.585992528864168
train,2018-08-08 08:40:00,23.519246418185595,21.628677910260965
train,2018-08-08 08:45:00,23.58990421191197,21.67349190093406
train,2018-08-08 08:50:00,23.660778534251737,21.720307297317326
train,2018-08-08 08:55:00,23.732295795028502,21.769210929918977
train,2018-08-08 09:00:00,23.80506278842571,21.820183959620405
train,2018-08-08 09:05:00,23.879068630077487,21.872611549282343
train,2018-08-08 09:10:00,23.95447058545105,21.926583787735886
train,2018-08-08 09:15:00,23.99990893177563,21.979243193581556
train,2018-08-08 09:20:00,23.99999967319462,22.03062267333256
train,2018-08-08 09:25:00,23.999999999198824,22.084405174622685
train,2018-08-08 09:30:00,23.999999999997414,22.137630570443047
train,2018-08-08 09:35:00,23.99999999999999,22.191167051652272
train,2018-08-08 09:40:00,24.0,22.24507850175393
train,2018-08-08 09:45:00,24.000000000000004,22.29939144679986
train,2018-08-08 09:50:00,24.0,22.354183778351427
train,2018-08-08 09:55:00,24.0,22.409473737538715
train,2018-08-08 10:00:00,24.000000000000007,22.46527661692153
train,2018-08-08 10:05:00,24.0,22.520551692302405
train,2018-08-08 10:10:00,24.0,22.5754143531053
train,2018-08-08 10:15:00,24.0,22.629961603509624
train,2018-08-08 10:20:00,24.0,22.684262574431234
train,2018-08-08 10:25:00,24.0,22.73841617002961
train,2018-08-08 10:30:00,24.0,22.79246875259586
train,2018-08-08 10:35:00,24.0,22.846455162850393
train,2018-08-08 10:40:00,24.000000000000004,22.900388103345172
train,2018-08-08 10:45:00,24.0,22.954241253581284
train,2018-08-08 10:50:00,23.9999999991944,23.008343303767735
train,2018-08-08 10:55:00,23.999927563138737,23.06236805401349
train,2018-08-08 11:00:00,23.9999787943648,23.116247569186992
train,2018-08-08 11:05:00,23.99996601585705,23.16987689421235
train,2018-08-08 11:10:00,23.99996399694235,23.223220282408597
train,2018-08-08 11:15:00,23.999962443601515,23.276186685287225
train,2018-08-08 11:20:00,23.999961112997426,23.328686815857843
train,2018-08-08 11:25:00,23.999959930443925,23.380638055072424
train,2018-08-08 11:30:00,23.99995886884397,23.43197028561613
train,2018-08-08 11:35:00,23.999960234198177,23.482655193727467
train,2018-08-08 11:40:00,23.99995930573756,23.532601474850797
train,2018-08-08 11:45:00,23.9999583934547,23.58177073645806
train,2018-08-08 11:50:00,23.99993650769241,23.62959060845419
train,2018-08-08 11:55:00,23.999970995912395,23.676393698759107
train,2018-08-08 12:00:00,23.99998210794489,23.72217227303128
train,2018-08-08 12:05:00,23.999980984102063,23.766473621223785
train,2018-08-08 12:10:00,23.999979733790184,23.809373440640897
train,2018-08-08 12:15:00,23.999978601297983,23.85094234510587
train,2018-08-08 12:20:00,23.999977493947814,23.891229703012186
train,2018-08-08 12:25:00,23.999976405974014,23.930275789045783
train,2018-08-08 12:30:00,23.999975335208152,23.96811541680133
train,2018-08-08 12:35:00,23.9999744926152,24.00480112116364
train,2018-08-08 12:40:00,23.999973790781745,24.040359220122905
train,2018-08-08 12:45:00,23.99997310552752,24.07480439241152
train,2018-08-08 12:50:00,23.99997229546132,24.108135575669344
train,2018-08-08 12:55:00,23.99997158799718,24.140375167203814
train,2018-08-08 13:00:00,23.999970892087443,24.17153616472854
train,2018-08-08 13:05:00,23.999970472633567,24.20166091578103
train,2018-08-08 13:10:00,23.99996998814073,24.230762481642387
train,2018-08-08 13:15:00,23.999969596131432,24.258870526267238
train,2018-08-08 13:20:00,23.999971703011184,24.286020216758136
train,2018-08-08 13:25:00,23.999971490549264,24.312213227164477
train,2018-08-08 13:30:00,23.99997120355292,24.33747067249134
train,2018-08-08 13:35:00,23.9999724286922,24.36186044868714
train,2018-08-08 13:40:00,23.999972497843554,24.385412799064
train,2018-08-08 13:45:00,23.999972562320327,24.408164691945807
train,2018-08-08 13:50:00,23.99997266476756,24.43015603087804
train,2018-08-08 13:55:00,23.9999728132894,24.45142597197541
train,2018-08-08 14:00:00,23.999973005954484,24.472012436421583
train,2018-08-08 14:05:00,23.99997299851523,24.49247857299649
train,2018-08-08 14:10:00,23.99997296727039,24.512817300598197
train,2018-08-08 14:15:00,23.999972962570144,24.53302699124453
train,2018-08-08 14:20:00,23.99997298634696,24.55311003666256
train,2018-08-08 14:25:00,23.999973034418577,24.57307114478986
train,2018-08-08 14:30:00,23.9999731160434,24.592917988564196
train,2018-08-08 14:35:00,23.99997266503636,24.612597695135925
train,2018-08-08 14:40:00,23.999972074650685,24.632122231638068
train,2018-08-08 14:45:00,23.999971416156065,24.651509369520653
train,2018-08-08 14:50:00,23.999970719645752,24.670777446607005
train,2018-08-08 14:55:00,23.99996999709539,24.689943302484558
train,2018-08-08 15:00:00,23.999969093523124,24.70899701334781
train,2018-08-08 15:05:00,23.999957853250766,24.726691722170408
train,2018-08-08 15:10:00,23.999956943880104,24.74332099455037
train,2018-08-08 15:15:00,23.999956446432364,24.759038506346776
train,2018-08-08 15:20:00,23.999953883706848,24.773782438018255
train,2018-08-08 15:25:00,23.99995353384061,24.787694593795965
train,2018-08-08 15:30:00,23.9999533085315,24.8008357196047
train,2018-08-08 15:35:00,23.999952877495826,24.81328271524877
train,2018-08-08 15:40:00,23.999952873513312,24.825134717696375
train,2018-08-08 15:45:00,23.99995288958624,24.83641529969149
train,2018-08-08 15:50:00,23.999952874426185,24.8470882046884
train,2018-08-08 15:55:00,23.99995291705377,24.85717761850235
train,2018-08-08 16:00:00,23.999952955711933,24.866729542945702
train,2018-08-08 16:05:00,23.999953185838315,24.873589748063047
train,2018-08-08 16:10:00,23.99995342681138,24.877935571113152
train,2018-08-08 16:15:00,23.999953675989502,24.87991791667529
train,2018-08-08 16:20:00,23.99995542002972,24.87993439863747
train,2018-08-08 16:25:00,23.999956203876017,24.877907748703496
train,2018-08-08 16:30:00,23.9999569465398,24.873848968192984
train,2018-08-08 16:35:00,23.9999582670422,24.867714925861534
train,2018-08-08 16:40:00,23.9999587121857,24.85948805311886
train,2018-08-08 16:45:00,23.999959129784845,24.849252513929596
train,2018-08-08 16:50:00,23.99995963923732,24.837075849825936
train,2018-08-08 16:55:00,23.99996009189221,24.82304582875713
train,2018-08-08 17:00:00,23.999960577383863,24.80723310417451
train,2018-08-08 17:05:00,23.999959502081445,24.792274540224497
train,2018-08-08 17:10:00,23.99995922993768,24.77800502110909
train,2018-08-08 17:15:00,23.99995910060489,24.764371373039342
train,2018-08-08 17:20:00,23.99995866206419,24.751274464394914
train,2018-08-08 17:25:00,23.999958596096647,24.738673872299454
train,2018-08-08 17:30:00,23.999958580164417,24.726524300848936
train,2018-08-08 17:35:00,23.99995803731661,24.71478977880583
train,2018-08-08 17:40:00,23.999958163884845,24.703506585249553
train,2018-08-08 17:45:00,23.99995836189678,24.692652652074383
train,2018-08-08 17:50:00,23.99995824617576,24.682146630176767
train,2018-08-08 17:55:00,23.999958445726147,24.671971550979737
train,2018-08-08 18:00:00,23.999958637046248,24.662074032457536
train,2018-08-08 18:05:00,23.99995841517525,24.651981029187187
train,2018-08-08 18:10:00,23.99995868570387,24.641583682937306
train,2018-08-08 18:15:00,23.999958936823766,24.630861241474793
train,2018-08-08 18:20:00,23.99995918769296,24.619812526713634
train,2018-08-08 18:25:00,23.99995945575324,24.60845320846473
train,2018-08-08 18:30:00,23.999959727002672,24.59678442329005
train,2018-08-08 18:35:00,23.999960798379824,24.58490474688719
train,2018-08-08 18:40:00,23.999961416801327,24.572828908289253
train,2018-08-08 18:45:00,23.999962113413705,24.56057098120817
train,2018-08-08 18:50:00,23.99996334538953,24.548161123599506
train,2018-08-08 18:55:00,23.99996426790054,24.535579371069026
train,2018-08-08 19:00:00,23.99996685421841,24.52332959828975
train,2018-08-08 19:05:00,23.99991911137543,24.50966302144705
train,2018-08-08 19:10:00,23.99999917937788,24.494482343827872
train,2018-08-08 19:15:00,23.999999991787448,24.477827028562178
train,2018-08-08 19:20:00,23.99999999943394,24.4598922501742
train,2018-08-08 19:25:00,23.999999999822705,24.440602951241218
train,2018-08-08 19:30:00,24.000000002754348,24.419902587338736
train,2018-08-08 19:35:00,24.000000001317808,24.397736508670715
train,2018-08-08 19:40:00,23.999999999015937,24.374262375236622
train,2018-08-08 19:45:00,23.99999999999197,24.349589762843518
train,2018-08-08 19:50:00,23.999999999999936,24.32371029380562
train,2018-08-08 19:55:00,24.0,24.29671370521098
train,2018-08-08 20:00:00,24.0,24.26866251443991
train,2018-08-08 20:05:00,24.0,24.241691156355465
train,2018-08-08 20:10:00,24.0,24.21566812817684
train,2018-08-08 20:15:00,24.000000000000007,24.19048379839726
train,2018-08-08 20:20:00,24.0,24.166046112447226
train,2018-08-08 20:25:00,24.0,24.142278698445107
train,2018-08-08 20:30:00,24.0,24.119118258652048
train,2018-08-08 20:35:00,24.0,24.09660048436139
train,2018-08-08 20:40:00,24.0,24.074617377041402
train,2018-08-08 20:45:00,24.000000000000004,24.05310103562163
train,2018-08-08 20:50:00,24.0,24.03206196700676
train,2018-08-08 20:55:00,24.000000000000004,24.01144276074573
train,2018-08-08 21:00:00,24.0,23.991208375296914
train,2018-08-08 21:05:00,24.09402265641012,23.981447932187756
train,2018-08-08 21:10:00,24.234221603170045,23.972076725988288
train,2018-08-08 21:15:00,24.37332464485868,23.96405370122637
train,2018-08-08 21:20:00,24.492011636433563,23.95742863518649
train,2018-08-08 21:25:00,24.58874753514545,23.95188377190171
train,2018-08-08 21:30:00,24.66785485954383,23.94707102746143
train,2018-08-08 21:35:00,24.72814733435438,23.942167818024238
train,2018-08-08 21:40:00,24.77410936964128,23.93743654854415
train,2018-08-08 21:45:00,24.80976363815124,23.932668892841036
train,2018-08-08 21:50:00,24.83469733488865,23.927451086965615
train,2018-08-08 21:55:00,24.851325144595567,23.92191476988649
train,2018-08-08 22:00:00,24.86168078598264,23.915956788945756
train,2018-08-08 22:05:00,24.865928093922594,23.9087987987494
train,2018-08-08 22:10:00,24.8655225230734,23.900562201443968
train,2018-08-08 22:15:00,24.86156275330407,23.89124136894383
train,2018-08-08 22:20:00,24.853912887682032,23.880770505903495
train,2018-08-08 22:25:00,24.8431680824152,23.8692190726553
train,2018-08-08 22:30:00,24.8299022753233,23.8565894054485
train,2018-08-08 22:35:00,24.81304414831181,23.842748796424075
train,2018-08-08 22:40:00,24.793350725449105,23.82782262679485
train,2018-08-08 22:45:00,24.77167397245945,23.811806220324957
train,2018-08-08 22:50:00,24.747793488761417,23.79463764047
train,2018-08-08 22:55:00,24.722168309789524,23.77638925932627
train,2018-08-08 23:00:00,24.695222849278142,23.75706926994223
train,2018-08-08 23:05:00,24.69755546393156,23.737822009361608
train,2018-08-08 23:10:00,24.71665795184312,23.71912860306318
train,2018-08-08 23:15:00,24.738694500956186,23.701248813263245
train,2018-08-08 23:20:00,24.7572976291606,23.684183586377642
train,2018-08-08 23:25:00,24.77119126224782,23.667820888466668
train,2018-08-08 23:30:00,24.78098423043217,23.652033680250163
train,2018-08-08 23:35:00,24.787483545982568,23.63671494902997
train,2018-08-08 23:40:00,24.79107526161985,23.621779978341856
train,2018-08-08 23:45:00,24.79196797279448,23.60715689093195
train,2018-08-08 23:50:00,24.79035963253016,23.59278222385187
train,2018-08-08 23:55:00,24.78624582206309,23.57859994117801
train,2018-08-09 00:00:00,24.779679456639418,23.564556881165302
train,2018-08-09 00:05:00,24.770763174549487,23.55059359373573
train,2018-08-09 00:10:00,24.759738752139263,23.53667451350169
train,2018-08-09 00:15:00,24.746819224396724,23.52276057035842
train,2018-08-09 00:20:00,24.73217903389181,23.50881822599831
train,2018-08-09 00:25:00,24.715970034066515,23.494818443643627
train,2018-08-09 00:30:00,24.6983330473304,23.48073602592371
train,2018-08-09 00:35:00,24.67940161357986,23.466549220116125
train,2018-08-09 00:40:00,24.659301848441302,23.45223942736711
train,2018-08-09 00:45:00,24.638151518101413,23.437790933209225
train,2018-08-09 00:50:00,24.61605952251201,23.423190639927178
train,2018-08-09 00:55:00,24.59312590758932,23.40842780574984
train,2018-08-09 01:00:00,24.569442210615325,23.393493798684588
train,2018-08-09 01:05:00,24.544658393243505,23.378827113547818
train,2018-08-09 01:10:00,24.519250801047868,23.364437354788944
train,2018-08-09 01:15:00,24.493628626517367,23.350285639496263
train,2018-08-09 01:20:00,24.4679809039709,23.336346567058502
train,2018-08-09 01:25:00,24.442363523309183,23.322602782270547
train,2018-08-09 01:30:00,24.41678388347752,23.309041518630373
train,2018-08-09 01:35:00,24.391248069550183,23.295653008717064
train,2018-08-09 01:40:00,24.365771420698696,23.28242995562024
train,2018-08-09 01:45:00,24.34037531702661,23.269367298779652
train,2018-08-09 01:50:00,24.31508375525792,23.25646198137803
train,2018-08-09 01:55:00,24.289922446188985,23.243712704676913
train,2018-08-09 02:00:00,24.26491624311929,23.231119710885885
train,2018-08-09 02:05:00,24.239738054978325,23.21772872130371
train,2018-08-09 02:10:00,24.21396650733273,23.203555895391016
train,2018-08-09 02:15:00,24.187439591363425,23.18864980671372
train,2018-08-09 02:20:00,24.16018253829775,23.173048443742744
train,2018-08-09 02:25:00,24.13228810073748,23.156784084116065
train,2018-08-09 02:30:00,24.1038548544129,23.139885525303278
train,2018-08-09 02:35:00,24.07461816537213,23.122347911597473
train,2018-08-09 02:40:00,24.04472322392061,23.104219709140104
train,2018-08-09 02:45:00,24.01443330295459,23.085517580352665
train,2018-08-09 02:50:00,23.983780156102604,23.066245893147375
train,2018-08-09 02:55:00,23.952792443161115,23.046436388222748
train,2018-08-09 03:00:00,23.9215322799372,23.026104316955433
train,2018-08-09 03:05:00,23.888925541382022,23.00427520996008
train,2018-08-09 03:10:00,23.854911215955823,22.98106154856668
train,2018-08-09 03:15:00,23.819699473075683,22.956510125525945
train,2018-08-09 03:20:00,23.783461015231392,22.93066355711765
train,2018-08-09 03:25:00,23.74626516950218,22.90356067183543
train,2018-08-09 03:30:00,23.70811910587388,22.87523546776596
train,2018-08-09 03:35:00,23.66938300834596,22.84574515941507
train,2018-08-09 03:40:00,23.62996763330696,22.815092044521155
train,2018-08-09 03:45:00,23.58987762405479,22.783301242644733
train,2018-08-09 03:50:00,23.54918797652272,22.750408449349
train,2018-08-09 03:55:00,23.50772907108432,22.71641903981607
train,2018-08-09 04:00:00,23.46537153324585,22.68134644981474
train,2018-08-09 04:05:00,23.397368871929483,22.642755681333814
train,2018-08-09 04:10:00,23.31609698454808,22.603926024272788
train,2018-08-09 04:15:00,23.23400597892088,22.564549024256202
train,2018-08-09 04:20:00,23.15515188717293,22.524463969442536
train,2018-08-09 04:25:00,23.08076006398233,22.483829098963188
train,2018-08-09 04:30:00,23.0105440193218,22.442717060812893
train,2018-08-09 04:35:00,22.94381072007363,22.401198670699394
train,2018-08-09 04:40:00,22.87991848845079,22.35933399549825
train,2018-08-09 04:45:00,22.81832175159743,22.317172954669335
train,2018-08-09 04:50:00,22.758810452547333,22.274756907132208
train,2018-08-09 04:55:00,22.701259175985587,22.23212511731552
train,2018-08-09 05:00:00,22.64554014720212,22.189316032787733
train,2018-08-09 05:05:00,22.61492524593709,22.14906825284319
train,2018-08-09 05:10:00,22.5989327224228,22.1087412433987
train,2018-08-09 05:15:00,22.58649701365563,22.068636078009668
train,2018-08-09 05:20:00,22.57263120971272,22.02881660295228
train,2018-08-09 05:25:00,22.55612175283974,21.989242934008487
train,2018-08-09 05:30:00,22.537169347228925,21.949852278748992
train,2018-08-09 05:35:00,22.516843239258723,21.910593899106857
train,2018-08-09 05:40:00,22.49597749326972,21.871445543384812
train,2018-08-09 05:45:00,22.474992487964165,21.832401885926508
train,2018-08-09 05:50:00,22.454079455027085,21.793465604964357
train,2018-08-09 05:55:00,22.43333586781345,21.75464254839387
train,2018-08-09 06:00:00,22.41285257924668,21.715939819519743
train,2018-08-09 06:05:00,22.39394741012586,21.678244426548858
train,2018-08-09 06:10:00,22.376749746419847,21.641478404749602
train,2018-08-09 06:15:00,22.36107500735099,21.605631580174226
train,2018-08-09 06:20:00,22.346884978374334,21.570696419970776
train,2018-08-09 06:25:00,22.3344051374434,21.536670164831943
train,2018-08-09 06:30:00,22.324216797230186,21.503559298657116
train,2018-08-09 06:35:00,22.31634625955758,21.471380708651637
train,2018-08-09 06:40:00,22.310673053315664,21.44015023217287
train,2018-08-09 06:45:00,22.30712259394493,21.40988452177751
train,2018-08-09 06:50:00,22.305670783790905,21.38060140948194
train,2018-08-09 06:55:00,22.30642129460193,21.352320398821792
train,2018-08-09 07:00:00,22.3095100386381,21.325064722461235
train,2018-08-09 07:05:00,22.315639233455904,21.29927705457901
train,2018-08-09 07:10:00,22.32455963830585,21.274955356858356
train,2018-08-09 07:15:00,22.335874051401063,21.252116981482736
train,2018-08-09 07:20:00,22.349323986057847,21.23077514573139
train,2018-08-09 07:25:00,22.36476695700987,21.210941088452586
train,2018-08-09 07:30:00,22.38209410282776,21.192625762769083
train,2018-08-09 07:35:00,22.402686433058825,21.175955274163083
train,2018-08-09 07:40:00,22.425749184037045,21.160852063183864
train,2018-08-09 07:45:00,22.450640012489306,21.14733876677407
train,2018-08-09 07:50:00,22.477798534640584,21.135484308667806
train,2018-08-09 07:55:00,22.506642874394807,21.125249203722348
train,2018-08-09 08:00:00,22.537013798033616,21.11664065358593
train,2018-08-09 08:05:00,22.569006707375458,21.108934647285775
train,2018-08-09 08:10:00,22.602118488057027,21.102123992046742
train,2018-08-09 08:15:00,22.63612826077589,21.096228431807607
train,2018-08-09 08:20:00,22.67084611252836,21.09125719338541
train,2018-08-09 08:25:00,22.706146251146727,21.08721099053056
train,2018-08-09 08:30:00,22.742085112576856,21.084084453890522
train,2018-08-09 08:35:00,22.779063232744107,21.08188008642022
train,2018-08-09 08:40:00,22.81743708668625,21.08059814770493
train,2018-08-09 08:45:00,22.85712166309276,21.080249630834363
train,2018-08-09 08:50:00,22.89792519065826,21.080845044384066
train,2018-08-09 08:55:00,22.939622527734205,21.08238410138301
train,2018-08-09 09:00:00,22.98202899159977,21.08486422088067
train,2018-08-09 09:05:00,23.025761115326688,21.089439833351527
train,2018-08-09 09:10:00,23.07135501404104,21.09608231714836
train,2018-08-09 09:15:00,23.11892216266118,21.104760269199083
train,2018-08-09 09:20:00,23.16833139422404,21.115451387922807
train,2018-08-09 09:25:00,23.219364097165563,21.12813661849901
train,2018-08-09 09:30:00,23.27183577277733,21.142797642245824
train,2018-08-09 09:35:00,23.32544461101921,21.159417338095917
train,2018-08-09 09:40:00,23.380036682989427,21.177965339495547
train,2018-08-09 09:45:00,23.43545911118419,21.198415705514062
train,2018-08-09 09:50:00,23.491561443753355,21.22074458473591
train,2018-08-09 09:55:00,23.548228324435566,21.244923952306863
train,2018-08-09 10:00:00,23.60540035695245,21.27092785350314
train,2018-08-09 10:05:00,23.66237537480517,21.298274076363576
train,2018-08-09 10:10:00,23.719235089319533,21.326989813746028
train,2018-08-09 10:15:00,23.77615245105916,21.357054401541614
train,2018-08-09 10:20:00,23.83319572217961,21.388449771689416
train,2018-08-09 10:25:00,23.890333957299696,21.421158580886825
train,2018-08-09 10:30:00,23.94749195132172,21.455162441540825
train,2018-08-09 10:35:00,23.999985851991937,21.490016008296788
train,2018-08-09 10:40:00,23.999999955299813,21.521421427525603
train,2018-08-09 10:45:00,23.99999999993288,21.555848113027455
train,2018-08-09 10:50:00,23.99999999999985,21.589396436948206
train,2018-08-09 10:55:00,24.0,21.623009283721604
train,2018-08-09 11:00:00,24.0,21.656719700670667
train,2018-08-09 11:05:00,24.0,21.69055637672711
train,2018-08-09 11:10:00,24.000000000000004,21.724534330211544
train,2018-08-09 11:15:00,24.0,21.758689958408635
train,2018-08-09 11:20:00,24.0,21.792948542312462
train,2018-08-09 11:25:00,24.0,21.827425252887014
train,2018-08-09 11:30:00,24.0,21.86217077995523
train,2018-08-09 11:35:00,24.0,21.8971482447268
train,2018-08-09 11:40:00,24.0,21.932397502392615
train,2018-08-09 11:45:00,24.0,21.9679082634095
train,2018-08-09 11:50:00,24.000000000000004,22.003663885154328
train,2018-08-09 11:55:00,24.0,22.039645574755056
train,2018-08-09 12:00:00,24.000000000000004,22.075832487650207
train,2018-08-09 12:05:00,24.000000000000004,22.112672208800355
train,2018-08-09 12:10:00,24.0,22.15010998444078
train,2018-08-09 12:15:00,24.0,22.18806453650346
train,2018-08-09 12:20:00,24.0,22.22647736891604
train,2018-08-09 12:25:00,24.0,22.26529374963478
train,2018-08-09 12:30:00,24.0,22.30445012127318
train,2018-08-09 12:35:00,24.0,22.344013798596784
train,2018-08-09 12:40:00,24.0,22.383733230428348
train,2018-08-09 12:45:00,24.0,22.423508077165362
train,2018-08-09 12:50:00,24.0,22.463321191146257
train,2018-08-09 12:55:00,24.0,22.503141536633606
train,2018-08-09 13:00:00,24.000000000000007,22.542978425895324
train,2018-08-09 13:05:00,24.0,22.58184457696035
train,2018-08-09 13:10:00,24.0,22.61989552120982
train,2018-08-09 13:15:00,24.0,22.657289044903862
train,2018-08-09 13:20:00,24.0,22.69413727748365
train,2018-08-09 13:25:00,24.000000000000004,22.73051014407093
train,2018-08-09 13:30:00,24.0,22.766470646583098
train,2018-08-09 13:35:00,24.0,22.802057147016388
train,2018-08-09 13:40:00,24.0,22.837290186852876
train,2018-08-09 13:45:00,24.0,22.872171618418434
train,2018-08-09 13:50:00,24.0,22.906739724068945
train,2018-08-09 13:55:00,24.0,22.94107306650253
train,2018-08-09 14:00:00,24.0,22.975125137675985
train,2018-08-09 14:05:00,24.0,23.00885749780893
train,2018-08-09 14:10:00,24.0,23.042206326538032
train,2018-08-09 14:15:00,24.0,23.07515740420539
train,2018-08-09 14:20:00,24.0,23.1077216917221
train,2018-08-09 14:25:00,24.0,23.139880602229205
train,2018-08-09 14:30:00,24.0,23.17162814041374
train,2018-08-09 14:35:00,24.0,23.20301496807435
train,2018-08-09 14:40:00,24.000000000484,23.23404378841272
train,2018-08-09 14:45:00,23.99999999958219,23.26468984132358
train,2018-08-09 14:50:00,24.00000000118912,23.294946337333325
train,2018-08-09 14:55:00,24.000000001132708,23.32480635216475
train,2018-08-09 15:00:00,23.999999999909075,23.354252829204512
train,2018-08-09 15:05:00,23.9999999995478,23.382786962696187
train,2018-08-09 15:10:00,24.00000000096714,23.41054736066152
train,2018-08-09 15:15:00,23.999999999823835,23.437592367103047
train,2018-08-09 15:20:00,23.9998702788768,23.46395748442195
train,2018-08-09 15:25:00,23.99988490002448,23.489783924478054
train,2018-08-09 15:30:00,23.999893535798947,23.51508999917509
train,2018-08-09 15:35:00,23.999976699921778,23.539800294760756
train,2018-08-09 15:40:00,23.999976288031203,23.563992262856114
train,2018-08-09 15:45:00,23.999975146116583,23.587705868235755
train,2018-08-09 15:50:00,23.999973542568625,23.610973928422737
train,2018-08-09 15:55:00,23.999972598506496,23.633837604242853
train,2018-08-09 16:00:00,23.999971757297605,23.65631220936391
train,2018-08-09 16:05:00,23.999971253233667,23.677884971174482
train,2018-08-09 16:10:00,23.99997070718044,23.69865174000421
train,2018-08-09 16:15:00,23.999970111488416,23.718657900325393
train,2018-08-09 16:20:00,23.9999623180645,23.737853737903304
train,2018-08-09 16:25:00,23.999961286048507,23.756450972679442
train,2018-08-09 16:30:00,23.99996068125823,23.77450559989968
train,2018-08-09 16:35:00,23.999957657661493,23.791976517889324
train,2018-08-09 16:40:00,23.99995742269017,23.80905776493412
train,2018-08-09 16:45:00,23.999957320282824,23.8256736011867
train,2018-08-09 16:50:00,23.99995699635005,23.841729029271285
train,2018-08-09 16:55:00,23.999956939204544,23.857203590666952
train,2018-08-09 17:00:00,23.99995692526661,23.8720739388336
train,2018-08-09 17:05:00,23.99996050722115,23.886961812090387
train,2018-08-09 17:10:00,23.99996088123942,23.90151352902063
train,2018-08-09 17:15:00,23.999961066958377,23.915678259332722
train,2018-08-09 17:20:00,23.999962614441625,23.929574992879797
train,2018-08-09 17:25:00,23.99996304627836,23.9431283230692
train,2018-08-09 17:30:00,23.99996342396213,23.95635160718195
train,2018-08-09 17:35:00,23.99996204405492,23.969144289712265
train,2018-08-09 17:40:00,23.99996190989354,23.98162139332374
train,2018-08-09 17:45:00,23.99996171870985,23.993779001474582
train,2018-08-09 17:50:00,23.999956342381715,24.00608255771757
train,2018-08-09 17:55:00,23.99995610519211,24.018479141288335
train,2018-08-09 18:00:00,23.99995599385902,24.03086013410718
train,2018-08-09 18:05:00,23.99995496334592,24.042372782000125
train,2018-08-09 18:10:00,23.999955150034708,24.053131755871224
train,2018-08-09 18:15:00,23.999955368029912,24.06305118497498
train,2018-08-09 18:20:00,23.999955914149023,24.07204085348168
train,2018-08-09 18:25:00,23.999956223194985,24.08008612915015
train,2018-08-09 18:30:00,23.999956538226183,24.08718962940471
train,2018-08-09 18:35:00,23.999956629699376,24.093396505972304
train,2018-08-09 18:40:00,23.99995706666672,24.098799061916125
train,2018-08-09 18:45:00,23.999957617039392,24.10342275638581
train,2018-08-09 18:50:00,23.999959138694702,24.107249543153596
train,2018-08-09 18:55:00,23.99995998996229,24.110229296949466
train,2018-08-09 19:00:00,23.999961730667835,24.112729211793813
train,2018-08-09 19:05:00,23.999941949390355,24.113256336855805
train,2018-08-09 19:10:00,23.99999941073333,24.111748811047352
train,2018-08-09 19:15:00,23.9999999935334,24.10842901642452
train,2018-08-09 19:20:00,24.00000000163049,24.10354508274878
train,2018-08-09 19:25:00,24.00000000304401,24.097251770240618
train,2018-08-09 19:30:00,23.99999999977482,24.089663232921055
train,2018-08-09 19:35:00,24.00000000183237,24.080849660809292
train,2018-08-09 19:40:00,23.99999999959617,24.07087873367997
train,2018-08-09 19:45:00,23.99999999917084,24.05980619800928
train,2018-08-09 19:50:00,24.000000000835268,24.04766210601316
train,2018-08-09 19:55:00,24.00000000000689,24.03447792035885
train,2018-08-09 20:00:00,24.00000000000006,24.02028083137641
train,2018-08-09 20:05:00,24.0,24.00668024385533
train,2018-08-09 20:10:00,24.0,23.99342216625846
train,2018-08-09 20:15:00,24.000000000000004,23.98033945637077
train,2018-08-09 20:20:00,24.0,23.96732349910872
train,2018-08-09 20:25:00,24.0,23.95430479257593
train,2018-08-09 20:30:00,24.000000000000004,23.941239328443295
train,2018-08-09 20:35:00,24.000000000000004,23.92822172357062
train,2018-08-09 20:40:00,24.0,23.915066061983435
train,2018-08-09 20:45:00,24.000000000000004,23.901739436777266
train,2018-08-09 20:50:00,24.0,23.888317864206865
train,2018-08-09 20:55:00,24.000000000000004,23.87473629870686
train,2018-08-09 21:00:00,24.0,23.860998657179238
train,2018-08-09 21:05:00,24.09204240139853,23.85814731310815
train,2018-08-09 21:10:00,24.231110240803616,23.85466798723305
train,2018-08-09 21:15:00,24.372203763406123,23.85214346132683
train,2018-08-09 21:20:00,24.496743503675404,23.851011178075137
train,2018-08-09 21:25:00,24.60329204503528,23.85119706651467
train,2018-08-09 21:30:00,24.69528949058095,23.852507061471037
train,2018-08-09 21:35:00,24.77152927321061,23.854268575001434
train,2018-08-09 21:40:00,24.835486054493337,23.85672682289741
train,2018-08-09 21:45:00,24.89038769547622,23.859672836725274
train,2018-08-09 21:50:00,24.93606561329347,23.86271006409165
train,2018-08-09 21:55:00,24.97445750539816,23.865913631105887
train,2018-08-09 22:00:00,25.00708051358316,23.869149318375538
train,2018-08-09 22:05:00,25.03521603352297,23.87283958544629
train,2018-08-09 22:10:00,25.05967659669296,23.876819746804372
train,2018-08-09 22:15:00,25.08099844147249,23.880970391846354
train,2018-08-09 22:20:00,25.09963596985084,23.885202856596358
train,2018-08-09 22:25:00,25.115848621423577,23.8894501537596
train,2018-08-09 22:30:00,25.12951984626692,23.89365846693459
train,2018-08-09 22:35:00,25.14058258263129,23.897776803908865
train,2018-08-09 22:40:00,25.1490838692578,23.901756420453697
train,2018-08-09 22:45:00,25.15516468024573,23.905552126360373
train,2018-08-09 22:50:00,25.161647557231777,23.909438612772824
train,2018-08-09 22:55:00,25.167429725805853,23.913109472260874
train,2018-08-09 23:00:00,25.17129521581496,23.91655914577752
train,2018-08-09 23:05:00,25.14124251182597,23.919436690432118
train,2018-08-09 23:10:00,25.090795316401035,23.920961510255335
train,2018-08-09 23:15:00,25.067256292457152,23.920799730986264
train,2018-08-09 23:20:00,25.063311710890893,23.919565138259575
train,2018-08-09 23:25:00,25.0652650476672,23.917698761845536
train,2018-08-09 23:30:00,25.06572140146145,23.915348844065477
train,2018-08-09 23:35:00,25.06219539184472,23.912466488717076
train,2018-08-09 23:40:00,25.05504375978896,23.909034732278823
train,2018-08-09 23:45:00,25.04511544609949,23.905001885623978
train,2018-08-09 23:50:00,25.0327916320488,23.900313331001993
train,2018-08-09 23:55:00,25.01846999476924,23.894963181836214
train,2018-08-10 00:00:00,25.00243418181573,23.888932889977806
train,2018-08-10 00:05:00,24.98512072002181,23.882657338938923
train,2018-08-10 00:10:00,24.966905803064908,23.87609094769955
train,2018-08-10 00:15:00,24.947988895294827,23.86919765677073
train,2018-08-10 00:20:00,24.928460044931573,23.86195415370736
train,2018-08-10 00:25:00,24.908368648591384,23.8543452433267
train,2018-08-10 00:30:00,24.88775599314172,23.846361333348316
train,2018-08-10 00:35:00,24.86645617438979,23.83797861967768
train,2018-08-10 00:40:00,24.84454900157182,23.8292097148958
train,2018-08-10 00:45:00,24.8221204660182,23.820052114679196
train,2018-08-10 00:50:00,24.799212304968435,23.81049721269641
train,2018-08-10 00:55:00,24.77606289785989,23.800556998411537
train,2018-08-10 01:00:00,24.752708224448863,23.79023958790855
train,2018-08-10 01:05:00,24.728124169374944,23.77906371419349
train,2018-08-10 01:10:00,24.70238839111256,23.767121485053295
train,2018-08-10 01:15:00,24.675805591763027,23.754435850338645
train,2018-08-10 01:20:00,24.64859405025537,23.74102982727075
train,2018-08-10 01:25:00,24.594161663511464,23.726925959278397
train,2018-08-10 01:30:00,24.52481297852632,23.711614893428
train,2018-08-10 01:35:00,24.453415410164205,23.69484138614604
train,2018-08-10 01:40:00,24.385665696677144,23.676615819548914
train,2018-08-10 01:45:00,24.322456481905363,23.657056713850938
train,2018-08-10 01:50:00,24.26298455284766,23.636294235040314
train,2018-08-10 01:55:00,24.2064087068978,23.614439724553485
train,2018-08-10 02:00:00,24.15216682522489,23.591582751782237
train,2018-08-10 02:05:00,24.10070636734393,23.56785419618878
train,2018-08-10 02:10:00,24.05163006047439,23.543279201918693
train,2018-08-10 02:15:00,24.00445373142801,23.51792824195504
train,2018-08-10 02:20:00,23.959045259619234,23.49187857625759
train,2018-08-10 02:25:00,23.91510130871694,23.465165336582178
train,2018-08-10 02:30:00,23.872367291559488,23.437834656191026
train,2018-08-10 02:35:00,23.830668487745648,23.40992614633771
train,2018-08-10 02:40:00,23.78988198392303,23.381474692928656
train,2018-08-10 02:45:00,23.749910320651583,23.352511639636642
train,2018-08-10 02:50:00,23.710668474093588,23.323065413283917
train,2018-08-10 02:55:00,23.67207957785844,23.293161872571318
train,2018-08-10 03:00:00,23.63407397019289,23.262824560900736
train,2018-08-10 03:05:00,23.595517326991324,23.231622273830666
train,2018-08-10 03:10:00,23.55631853387888,23.19963317046487
train,2018-08-10 03:15:00,23.51666858400317,23.16687723735842
train,2018-08-10 03:20:00,23.47672583850553,23.1333743415703
train,2018-08-10 03:25:00,23.43656817580297,23.099144163483064
train,2018-08-10 03:30:00,23.39622455768153,23.064205105027305
train,2018-08-10 03:35:00,23.35570570129644,23.028573769575594
train,2018-08-10 03:40:00,23.31501835698697,22.992264990868648
train,2018-08-10 03:45:00,23.274168886042183,22.95529208542414
train,2018-08-10 03:50:00,23.23316298853522,22.917667122296997
train,2018-08-10 03:55:00,23.19200394860611,22.879401142257557
train,2018-08-10 04:00:00,23.150694164533,22.840504305186464
train,2018-08-10 04:05:00,23.08514850727348,22.798376163394913
train,2018-08-10 04:10:00,23.00707437485556,22.755936843339654
train,2018-08-10 04:15:00,22.92835677945272,22.71293845915567
train,2018-08-10 04:20:00,22.8544435261769,22.669372073006414
train,2018-08-10 04:25:00,22.78627974007571,22.62533704581461
train,2018-08-10 04:30:00,22.72312297779486,22.580950856598253
train,2018-08-10 04:35:00,22.66487398367368,22.53638047075324
train,2018-08-10 04:40:00,22.61050037639155,22.491660041257255
train,2018-08-10 04:45:00,22.559081372640705,22.4468672377893
train,2018-08-10 04:50:00,22.51062859583294,22.402094452756725
train,2018-08-10 04:55:00,22.46461203712369,22.35736679679683
train,2018-08-10 05:00:00,22.420438580805616,22.31273168007067
train,2018-08-10 05:05:00,22.406469259589507,22.271391496428375
train,2018-08-10 05:10:00,22.40982888996764,22.230751632126328
train,2018-08-10 05:15:00,22.41680848791552,22.191120506411306
train,2018-08-10 05:20:00,22.4182154749379,22.152269567888208
train,2018-08-10 05:25:00,22.41399887663909,22.114314816216133
train,2018-08-10 05:30:00,22.406108149941467,22.077117524502494
train,2018-08-10 05:35:00,22.39531729181457,22.040483898877973
train,2018-08-10 05:40:00,22.38312325719989,22.004460431117273
train,2018-08-10 05:45:00,22.370594728740546,21.969017172599536
train,2018-08-10 05:50:00,22.358336387362,21.93416471372371
train,2018-08-10 05:55:00,22.34634090980589,21.89988614884078
train,2018-08-10 06:00:00,22.33455654343175,21.866183194428142
train,2018-08-10 06:05:00,22.32203430045616,21.834054676130915
train,2018-08-10 06:10:00,22.31014600630432,21.803575940488457
train,2018-08-10 06:15:00,22.30009029593656,21.774693323955127
train,2018-08-10 06:20:00,22.295113455312727,21.747604492236732
train,2018-08-10 06:25:00,22.29461464569144,21.722139866702737
train,2018-08-10 06:30:00,22.297980585480484,21.698340612973247
train,2018-08-10 06:35:00,22.30686976557893,21.676428053286653
train,2018-08-10 06:40:00,22.320026714928503,21.65626436416018
train,2018-08-10 06:45:00,22.33651360697312,21.63788459290559
train,2018-08-10 06:50:00,22.3561255186849,21.621323637254363
train,2018-08-10 06:55:00,22.37874329772117,21.60658538421189
train,2018-08-10 07:00:00,22.40446667266685,21.59368863239789
train,2018-08-10 07:05:00,22.433599785672254,21.5822900595963
train,2018-08-10 07:10:00,22.465535424918222,21.57242143252603
train,2018-08-10 07:15:00,22.499710726203748,21.564119912969506
train,2018-08-10 07:20:00,22.535840965903805,21.557409043172054
train,2018-08-10 07:25:00,22.573402247747435,21.552304676758443
train,2018-08-10 07:30:00,22.612100252914093,21.54881069832677
train,2018-08-10 07:35:00,22.65198423591558,21.546936673708732
train,2018-08-10 07:40:00,22.692728664589524,21.546663958585235
train,2018-08-10 07:45:00,22.734363427102807,21.54798038765889
train,2018-08-10 07:50:00,22.77707594282569,21.550880058175917
train,2018-08-10 07:55:00,22.82113157341316,21.555347850650413
train,2018-08-10 08:00:00,22.8667441087219,21.56137947089271
train,2018-08-10 08:05:00,22.914781602133846,21.56942110661031
train,2018-08-10 08:10:00,22.96516081709266,21.579413019404797
train,2018-08-10 08:15:00,23.01756267960153,21.591350819093027
train,2018-08-10 08:20:00,23.0701925814147,21.605098919647684
train,2018-08-10 08:25:00,23.12349661066385,21.62074185271475
train,2018-08-10 08:30:00,23.178166924841577,21.63824943836731
train,2018-08-10 08:35:00,23.233799737870665,21.657548822295126
train,2018-08-10 08:40:00,23.290668821046967,21.678674730913354
train,2018-08-10 08:45:00,23.3490191188482,21.70161144907472
train,2018-08-10 08:50:00,23.408956229705705,21.726351973401314
train,2018-08-10 08:55:00,23.47043865085493,21.75288553779851
train,2018-08-10 09:00:00,23.533387165342173,21.781203989531146
train,2018-08-10 09:05:00,23.59752879294323,21.811686634416205
train,2018-08-10 09:10:00,23.664009144735232,21.844319979837973
train,2018-08-10 09:15:00,23.73461201798783,21.879095324270168
train,2018-08-10 09:20:00,23.81009500988673,21.91604121988574
train,2018-08-10 09:25:00,23.89010756767061,21.95520195371782
train,2018-08-10 09:30:00,23.9738652345592,21.99661500910402
train,2018-08-10 09:35:00,23.99990874653985,22.034622531200206
train,2018-08-10 09:40:00,23.999999717884226,22.074738233459097
train,2018-08-10 09:45:00,23.999999999154365,22.115871053360024
train,2018-08-10 09:50:00,23.99999999999705,22.157045687021526
train,2018-08-10 09:55:00,23.999999999999982,22.19870304956403
train,2018-08-10 10:00:00,24.0,22.240877004850855
train,2018-08-10 10:05:00,24.0,22.283968069753822
train,2018-08-10 10:10:00,24.0,22.3279256647994
train,2018-08-10 10:15:00,24.0,22.372735385296487
train,2018-08-10 10:20:00,24.0,22.418380028090894
train,2018-08-10 10:25:00,24.0,22.464840409692236
train,2018-08-10 10:30:00,24.0,22.51208725285293
train,2018-08-10 10:35:00,24.0,22.56009749489566
train,2018-08-10 10:40:00,24.0,22.60882594079219
train,2018-08-10 10:45:00,24.0,22.658251373040848
train,2018-08-10 10:50:00,24.000000000000004,22.708378599095695
train,2018-08-10 10:55:00,24.0,22.759179624143965
train,2018-08-10 11:00:00,24.0,22.810632593834004
train,2018-08-10 11:05:00,24.0,22.860513003910032
train,2018-08-10 11:10:00,24.0,22.9089810667973
train,2018-08-10 11:15:00,24.0,22.956177829642307
train,2018-08-10 11:20:00,24.0,23.00222750041696
train,2018-08-10 11:25:00,24.000000000000004,23.047235565427833
train,2018-08-10 11:30:00,24.000000000000004,23.09129036848755
train,2018-08-10 11:35:00,24.0,23.13446236298802
train,2018-08-10 11:40:00,24.0,23.176785964661015
train,2018-08-10 11:45:00,24.000000000000004,23.218298941114803
train,2018-08-10 11:50:00,24.0,23.259009209929822
train,2018-08-10 11:55:00,23.99999999855324,23.29898808473016
train,2018-08-10 12:00:00,23.99999999971788,23.3382777447104
train,2018-08-10 12:05:00,23.999929704321115,23.377338242150174
train,2018-08-10 12:10:00,23.99998646373525,23.416168151762434
train,2018-08-10 12:15:00,23.99998401330936,23.454732546337336
train,2018-08-10 12:20:00,23.999981479889225,23.49303997185111
train,2018-08-10 12:25:00,23.999979094053383,23.53106585079882
train,2018-08-10 12:30:00,23.99997690432685,23.568798201900226
train,2018-08-10 12:35:00,23.99996401485756,23.606021443357314
train,2018-08-10 12:40:00,23.999962002443315,23.64292127701278
train,2018-08-10 12:45:00,23.999960610374337,23.67956809680653
train,2018-08-10 12:50:00,23.999956594767045,23.715822123932817
train,2018-08-10 12:55:00,23.99995550818452,23.751756186159653
train,2018-08-10 13:00:00,23.99995470547084,23.787412639879165
train,2018-08-10 13:05:00,23.99995404545216,23.822781483672905
train,2018-08-10 13:10:00,23.999953468765742,23.857848390397155
train,2018-08-10 13:15:00,23.999952975509075,23.892601500378085
train,2018-08-10 13:20:00,23.999952558355545,23.92703191095087
train,2018-08-10 13:25:00,23.999952209113182,23.961139112690393
train,2018-08-10 13:30:00,23.999951921644776,23.99492272900579
train,2018-08-10 13:35:00,23.99995163671581,24.028351935349942
train,2018-08-10 13:40:00,23.99995143621561,24.06142827980264
train,2018-08-10 13:45:00,23.999951282748743,24.09416668098287
train,2018-08-10 13:50:00,23.99995116415029,24.126564617340996
train,2018-08-10 13:55:00,23.999951082933663,24.158626607564823
train,2018-08-10 14:00:00,23.99995103513518,24.190355436089202
train,2018-08-10 14:05:00,23.9999510528928,24.221287777461978
train,2018-08-10 14:10:00,23.999951090243243,24.251472187280033
train,2018-08-10 14:15:00,23.99995114446809,24.280946300813017
train,2018-08-10 14:20:00,23.999951214734697,24.309741924763085
train,2018-08-10 14:25:00,23.99995130295488,24.33788534255729
train,2018-08-10 14:30:00,23.999951402612755,24.365397135544672
train,2018-08-10 14:35:00,23.99995157849328,24.39228256928063
train,2018-08-10 14:40:00,23.999951729147483,24.418549969232963
train,2018-08-10 14:45:00,23.999951887038595,24.444226632185703
train,2018-08-10 14:50:00,23.999952101917263,24.46931693995806
train,2018-08-10 14:55:00,23.99995229029876,24.49383456136057
train,2018-08-10 15:00:00,23.999952510665302,24.5177638515015
train,2018-08-10 15:05:00,23.99995277238192,24.540629981729403
train,2018-08-10 15:10:00,23.99995305285563,24.56248227931989
train,2018-08-10 15:15:00,23.99995335402377,24.58336038512685
train,2018-08-10 15:20:00,23.999953675224045,24.603300511547584
train,2018-08-10 15:25:00,23.9999540155176,24.622331883419296
train,2018-08-10 15:30:00,23.999954374978564,24.640481496194898
train,2018-08-10 15:35:00,23.999954472926124,24.657798498943418
train,2018-08-10 15:40:00,23.99995480990323,24.674287094810825
train,2018-08-10 15:45:00,23.99995517702656,24.689957146346725
train,2018-08-10 15:50:00,23.99995330739625,24.7050408827183
train,2018-08-10 15:55:00,23.9999533614246,24.71938085319352
train,2018-08-10 16:00:00,23.999953537860645,24.73292035131422
train,2018-08-10 16:05:00,23.99995391731171,24.74609173458537
train,2018-08-10 16:10:00,23.99995417379273,24.758898373949727
train,2018-08-10 16:15:00,23.99995441839984,24.771352662297534
train,2018-08-10 16:20:00,23.99995468670744,24.783439117476767
train,2018-08-10 16:25:00,23.99995494550375,24.795167344293986
train,2018-08-10 16:30:00,23.99995520714507,24.80654199845325
train,2018-08-10 16:35:00,23.999955906358927,24.817533828925516
train,2018-08-10 16:40:00,23.99995621494573,24.82818715287309
train,2018-08-10 16:45:00,23.99995645971877,24.838541718310122
train,2018-08-10 16:50:00,23.99995693525322,24.84857938631923
train,2018-08-10 16:55:00,23.99995718241189,24.85833180833611
train,2018-08-10 17:00:00,23.999957387306885,24.86782099809682
train,2018-08-10 17:05:00,23.99995757608705,24.876637051866563
train,2018-08-10 17:10:00,23.99995767167197,24.884838007912514
train,2018-08-10 17:15:00,23.99995772111065,24.892478411689112
train,2018-08-10 17:20:00,23.999957688704693,24.89963693610363
train,2018-08-10 17:25:00,23.99995760173396,24.906366303347152
train,2018-08-10 17:30:00,23.99995747462556,24.912698602718933
train,2018-08-10 17:35:00,23.99995802437965,24.918590690405228
train,2018-08-10 17:40:00,23.99995790673029,24.924129071606945
train,2018-08-10 17:45:00,23.99995771406693,24.929352645976312
train,2018-08-10 17:50:00,23.99995786116325,24.934229849288183
train,2018-08-10 17:55:00,23.99995764579053,24.938817758091066
train,2018-08-10 18:00:00,23.99995738691917,24.943143530320157
train,2018-08-10 18:05:00,23.99995978357628,24.947770161247647
train,2018-08-10 18:10:00,23.999959520961934,24.951741101021497
train,2018-08-10 18:15:00,23.99995919102734,24.9550645083755
train,2018-08-10 18:20:00,23.999958853022324,24.957751846301353
train,2018-08-10 18:25:00,23.99995850539775,24.959821565607783
train,2018-08-10 18:30:00,23.99995813973146,24.961294710612755
train,2018-08-10 18:35:00,23.99995840107288,24.962108289941174
train,2018-08-10 18:40:00,23.999958047865952,24.96237310680267
train,2018-08-10 18:45:00,23.999957591396395,24.962168934608766
train,2018-08-10 18:50:00,23.99995740886979,24.96147312494242
train,2018-08-10 18:55:00,23.999956955554826,24.960333865892352
train,2018-08-10 19:00:00,23.9999559109641,24.959311844837494
train,2018-08-10 19:05:00,23.999954093433576,24.95730028418925
train,2018-08-10 19:10:00,23.999953880438103,24.95468197472907
train,2018-08-10 19:15:00,23.99995373700846,24.95147098531463
train,2018-08-10 19:20:00,23.999953622493063,24.947697126498692
train,2018-08-10 19:25:00,23.999953529641548,24.943391992011016
train,2018-08-10 19:30:00,23.999953464857416,24.938586555390756
train,2018-08-10 19:35:00,23.999953416095547,24.933285562896344
train,2018-08-10 19:40:00,23.99995341123346,24.927523013698245
train,2018-08-10 19:45:00,23.999953433567377,24.92133046490622
train,2018-08-10 19:50:00,23.99995349108883,24.91471753776091
train,2018-08-10 19:55:00,23.999953594051743,24.907705684366707
train,2018-08-10 20:00:00,23.99995373786897,24.90031323598232
train,2018-08-10 20:05:00,23.99995393038656,24.892594282311943
train,2018-08-10 20:10:00,23.99995419110722,24.88455977198716
train,2018-08-10 20:15:00,23.9999545153541,24.87621215352041
train,2018-08-10 20:20:00,23.99995562391419,24.86770287174876
train,2018-08-10 20:25:00,23.999956345912,24.858936662259097
train,2018-08-10 20:30:00,23.99995711791875,24.849853508755555
train,2018-08-10 20:35:00,23.99996119012541,24.84075592157493
train,2018-08-10 20:40:00,23.99996310926128,24.831431432805076
train,2018-08-10 20:45:00,23.999964927991712,24.8217594097048
train,2018-08-10 20:50:00,23.99996906900857,24.811832635662793
train,2018-08-10 20:55:00,23.9999716992597,24.80156928742261
train,2018-08-10 21:00:00,24.00002674421032,24.79093159354432
train,2018-08-10 21:05:00,24.18418995846945,24.80319864594797
train,2018-08-10 21:10:00,24.460863012221985,24.816689311951237
train,2018-08-10 21:15:00,24.73971518543592,24.833404421761504
train,2018-08-10 21:20:00,24.97995202236641,24.853466094645118
train,2018-08-10 21:25:00,25.17660646423929,24.87616832901096
train,2018-08-10 21:30:00,25.33753172694141,24.90071469324185
train,2018-08-10 21:35:00,25.46828355453501,24.926161606570385
train,2018-08-10 21:40:00,25.575853974461616,24.952313000914575
train,2018-08-10 21:45:00,25.665356452383328,24.978789846918104
train,2018-08-10 21:50:00,25.738654585116382,25.00515259286564
train,2018-08-10 21:55:00,25.798494320381256,25.031313304086297
train,2018-08-10 22:00:00,25.846804137225217,25.057069893447416
train,2018-08-10 22:05:00,25.88191354658828,25.081571287881715
train,2018-08-10 22:10:00,25.9044710932742,25.104821409372622
train,2018-08-10 22:15:00,25.915844448291164,25.126661020033005
train,2018-08-10 22:20:00,25.91658730672522,25.146870051277816
train,2018-08-10 22:25:00,25.907974466992943,25.165394728906012
train,2018-08-10 22:30:00,25.891150108674285,25.1821203366275
train,2018-08-10 22:35:00,25.86701283494428,25.19695716698462
train,2018-08-10 22:40:00,25.83619844473764,25.209821338921046
train,2018-08-10 22:45:00,25.79923137936001,25.22064550993633
train,2018-08-10 22:50:00,25.756607486355108,25.229374438075837
train,2018-08-10 22:55:00,25.70875941273305,25.2359578406467
train,2018-08-10 23:00:00,25.65608254561369,25.240356532621142
train,2018-08-10 23:05:00,25.675007013280155,25.244096196665392
train,2018-08-10 23:10:00,25.736907188799304,25.24857959299878
train,2018-08-10 23:15:00,25.80913326510532,25.254602609528547
train,2018-08-10 23:20:00,25.876507672054764,25.262268400802736
train,2018-08-10 23:25:00,25.93591959999384,25.271372987246725
train,2018-08-10 23:30:00,25.98874754573095,25.281665153731854
train,2018-08-10 23:35:00,25.99997832330725,25.288583625549926
train,2018-08-10 23:40:00,25.999999974050368,25.297608210700503
train,2018-08-10 23:45:00,25.99999999996877,25.306626882467267
train,2018-08-10 23:50:00,25.99999999999996,25.315432384471674
train,2018-08-10 23:55:00,26.0,25.324249601143105
train,2018-08-11 00:00:00,26.000000000000004,25.33305586738476
train,2018-08-11 00:05:00,26.0,25.340396951819034
train,2018-08-11 00:10:00,26.000000000000004,25.346381468546085
train,2018-08-11 00:15:00,26.0,25.35111710583331
train,2018-08-11 00:20:00,26.0,25.354687411685347
train,2018-08-11 00:25:00,26.0,25.357164306023673
train,2018-08-11 00:30:00,26.0,25.358608601067406
train,2018-08-11 00:35:00,26.0,25.359086463444505
train,2018-08-11 00:40:00,26.0,25.358650127165166
train,2018-08-11 00:45:00,26.0,25.35734590597698
train,2018-08-11 00:50:00,26.0,25.355215016706055
train,2018-08-11 00:55:00,26.000000000000007,25.352294257122
train,2018-08-11 01:00:00,26.0,25.348616261173593
train,2018-08-11 01:05:00,26.0,25.344229312469523
train,2018-08-11 01:10:00,26.0,25.33916837545278
train,2018-08-11 01:15:00,26.0,25.333458428179817
train,2018-08-11 01:20:00,26.000000000000004,25.327124198756085
train,2018-08-11 01:25:00,26.0,25.320188544197364
train,2018-08-11 01:30:00,26.0,25.312672621925646
train,2018-08-11 01:35:00,26.000000000000004,25.304596087627843
train,2018-08-11 01:40:00,26.00024609136594,25.296006055042785
train,2018-08-11 01:45:00,25.999080483127948,25.286713742952713
train,2018-08-11 01:50:00,25.99548845057152,25.27671913274618
train,2018-08-11 01:55:00,25.989232892914497,25.266000514335122
train,2018-08-11 02:00:00,25.980451107979658,25.254530906078195
train,2018-08-11 02:05:00,25.969360217461738,25.241836742797332
train,2018-08-11 02:10:00,25.955880266245803,25.227906949486798
train,2018-08-11 02:15:00,25.93999552473555,25.21275480943763
train,2018-08-11 02:20:00,25.92178709604622,25.19638871735591
train,2018-08-11 02:25:00,25.90137971543248,25.17881483312009
train,2018-08-11 02:30:00,25.87890053182969,25.160038495549458
train,2018-08-11 02:35:00,25.85446284380883,25.140064690816917
train,2018-08-11 02:40:00,25.828163970858853,25.118898117861598
train,2018-08-11 02:45:00,25.80008758653027,25.09654315780991
train,2018-08-11 02:50:00,25.770306242314646,25.07300384907741
train,2018-08-11 02:55:00,25.73888315075108,25.048283879111086
train,2018-08-11 03:00:00,25.705873411394453,25.022386583161442
train,2018-08-11 03:05:00,25.6716251894429,24.996624322065944
train,2018-08-11 03:10:00,25.636960643217822,24.970955970638805
train,2018-08-11 03:15:00,25.60231943118966,24.94530312767631
train,2018-08-11 03:20:00,25.567791727172786,24.91960863752944
train,2018-08-11 03:25:00,25.533316729716407,24.893827542067875
train,2018-08-11 03:30:00,25.49880740604605,24.86794515381025
train,2018-08-11 03:35:00,25.464193980405568,24.841930323852957
train,2018-08-11 03:40:00,25.42942824813177,24.81574794194207
train,2018-08-11 03:45:00,25.394477782649027,24.78936900069462
train,2018-08-11 03:50:00,25.35932205965189,24.762770002770676
train,2018-08-11 03:55:00,25.32394795258199,24.735932382988587
train,2018-08-11 04:00:00,25.28834837386454,24.708841926480858
train,2018-08-11 04:05:00,25.227512849858748,24.677487846806752
train,2018-08-11 04:10:00,25.152649174671485,24.645483411746667
train,2018-08-11 04:15:00,25.075544543154106,24.612552918174153
train,2018-08-11 04:20:00,25.001541659724914,24.578671766632315
train,2018-08-11 04:25:00,24.93160640109884,24.543927861614538
train,2018-08-11 04:30:00,24.86513558669102,24.508428528855944
train,2018-08-11 04:35:00,24.80138100324412,24.47226740715065
train,2018-08-11 04:40:00,24.739829661301133,24.435521501706493
train,2018-08-11 04:45:00,24.680171430016287,24.398256184566783
train,2018-08-11 04:50:00,24.622200083910187,24.360529443049327
train,2018-08-11 04:55:00,24.56575096249984,24.322394020118843
train,2018-08-11 05:00:00,24.510673403375893,24.283898250881727
train,2018-08-11 05:05:00,24.015238003794536,24.201514322580294
train,2018-08-11 05:10:00,23.735159727265767,24.1606166803915
train,2018-08-11 05:15:00,23.67478714393006,24.115017630751474
train,2018-08-11 05:20:00,23.712350688088723,24.06961898614923
train,2018-08-11 05:25:00,23.76740683612711,24.026386417551656
train,2018-08-11 05:30:00,23.811554104063223,23.985588514810928
train,2018-08-11 05:35:00,23.843865965541173,23.94699871716458
train,2018-08-11 05:40:00,23.86873344980325,23.910211410247975
train,2018-08-11 05:45:00,23.88937450132524,23.87502171229372
train,2018-08-11 05:50:00,23.90369118447288,23.84093881575508
train,2018-08-11 05:55:00,23.913760272646552,23.808170566624987
train,2018-08-11 06:00:00,23.92165132978326,23.77660537261684
train,2018-08-11 06:05:00,23.9280147412174,23.74733243275979
train,2018-08-11 06:10:00,23.93430234179033,23.720352114705868
train,2018-08-11 06:15:00,23.94151688124017,23.695573254233544
train,2018-08-11 06:20:00,23.950177120431643,23.672935123886784
train,2018-08-11 06:25:00,23.96058395023471,23.65239595191042
train,2018-08-11 06:30:00,23.973168013287108,23.63392724485763
train,2018-08-11 06:35:00,23.987941299732668,23.617512985236512
train,2018-08-11 06:40:00,23.999996698964,23.602634166621183
train,2018-08-11 06:45:00,23.999999996948368,23.58852399142478
train,2018-08-11 06:50:00,23.999999999997986,23.576662692590542
train,2018-08-11 06:55:00,24.000000000000004,23.56601745570131
train,2018-08-11 07:00:00,24.000000000000004,23.55679285630437
train,2018-08-11 07:05:00,24.0,23.548958995612914
train,2018-08-11 07:10:00,24.000000000000004,23.542538544436656
train,2018-08-11 07:15:00,24.0,23.53750258246202
train,2018-08-11 07:20:00,24.0,23.53383680329759
train,2018-08-11 07:25:00,24.000000000000004,23.531539743378396
train,2018-08-11 07:30:00,24.0,23.530617262635047
train,2018-08-11 07:35:00,24.0,23.531027484075654
train,2018-08-11 07:40:00,24.000000000000004,23.532754567444652
train,2018-08-11 07:45:00,24.0,23.535747910234566
train,2018-08-11 07:50:00,24.0,23.53995570112199
train,2018-08-11 07:55:00,24.0,23.545330114330536
train,2018-08-11 08:00:00,24.0,23.551848920777132
train,2018-08-11 08:05:00,24.0,23.55948517633519
train,2018-08-11 08:10:00,24.000000000000004,23.568216790468668
train,2018-08-11 08:15:00,24.0,23.57802111872814
train,2018-08-11 08:20:00,24.0,23.588875109825075
train,2018-08-11 08:25:00,24.0,23.600757155938183
train,2018-08-11 08:30:00,24.0,23.61364806958926
train,2018-08-11 08:35:00,24.0,23.627534118567397
train,2018-08-11 08:40:00,24.0,23.642401346244085
train,2018-08-11 08:45:00,24.0,23.658233028829493
train,2018-08-11 08:50:00,24.000000000000004,23.674991470383254
train,2018-08-11 08:55:00,24.0,23.69265432446913
train,2018-08-11 09:00:00,24.0,23.711187308647897
train,2018-08-11 09:05:00,24.0,23.729313529525133
train,2018-08-11 09:10:00,24.0,23.747089863712308
train,2018-08-11 09:15:00,24.0,23.764565869487523
train,2018-08-11 09:20:00,24.0,23.781792412151507
train,2018-08-11 09:25:00,24.000000000000007,23.79881709764809
train,2018-08-11 09:30:00,24.0,23.815682484204928
train,2018-08-11 09:35:00,24.0,23.832428379462502
train,2018-08-11 09:40:00,24.000000000000004,23.849089820616516
train,2018-08-11 09:45:00,24.0,23.865685857257844
train,2018-08-11 09:50:00,24.000000000000004,23.882244146343773
train,2018-08-11 09:55:00,24.0,23.898800769365423
train,2018-08-11 10:00:00,24.000000000937828,23.915375822626846
train,2018-08-11 10:05:00,24.00000000118641,23.93237240389806
train,2018-08-11 10:10:00,23.999942411659507,23.949793269219118
train,2018-08-11 10:15:00,23.99998334710622,23.967664125434734
train,2018-08-11 10:20:00,23.99997956045493,23.985925255533857
train,2018-08-11 10:25:00,23.99997672388344,24.004596978681498
train,2018-08-11 10:30:00,23.99997411344141,24.023659145381718
train,2018-08-11 10:35:00,23.99997173613912,24.043118823719023
train,2018-08-11 10:40:00,23.99996971209412,24.06297164556696
train,2018-08-11 10:45:00,23.99996786965539,24.08320532744165
train,2018-08-11 10:50:00,23.99996617161068,24.103815242721407
train,2018-08-11 10:55:00,23.999964672616755,24.124792748806872
train,2018-08-11 11:00:00,23.9999633190728,24.146131104966287
train,2018-08-11 11:05:00,23.99995785407113,24.167198025205956
train,2018-08-11 11:10:00,23.999956732891068,24.188131229875236
train,2018-08-11 11:15:00,23.99995593136901,24.20902768011307
train,2018-08-11 11:20:00,23.9999586937598,24.23008955526488
train,2018-08-11 11:25:00,23.99995821032421,24.25121467096588
train,2018-08-11 11:30:00,23.99995757804348,24.272346848054795
train,2018-08-11 11:35:00,23.99996088093737,24.293649464020508
train,2018-08-11 11:40:00,23.99996047452933,24.31499467261316
train,2018-08-11 11:45:00,23.99995983598197,24.336316788845927
train,2018-08-11 11:50:00,23.99996005245234,24.35763851995263
train,2018-08-11 11:55:00,23.99995944959065,24.378939795341505
train,2018-08-11 12:00:00,23.999958823855792,24.400212342277523
train,2018-08-11 12:05:00,23.99995835404572,24.42103637304316
train,2018-08-11 12:10:00,23.999957894289768,24.44144672650507
train,2018-08-11 12:15:00,23.999957454674785,24.46147490799186
train,2018-08-11 12:20:00,23.99995703873397,24.48114849909224
train,2018-08-11 12:25:00,23.9999566449666,24.50049123721198
train,2018-08-11 12:30:00,23.999956249034188,24.519512008134253
train,2018-08-11 12:35:00,23.99995589473906,24.538237681956403
train,2018-08-11 12:40:00,23.99995557014898,24.556685709890907
train,2018-08-11 12:45:00,23.99995525742712,24.574863632002323
train,2018-08-11 12:50:00,23.999954940709426,24.592769088421182
train,2018-08-11 12:55:00,23.999954639545912,24.610408271539036
train,2018-08-11 13:00:00,23.99995435555239,24.627789089404082
train,2018-08-11 13:05:00,23.999954116764155,24.64539131001148
train,2018-08-11 13:10:00,23.99995387243384,24.663185740682042
train,2018-08-11 13:15:00,23.99995364201736,24.68114736874319
train,2018-08-11 13:20:00,23.99995342395057,24.69925472751554
train,2018-08-11 13:25:00,23.99995321820667,24.71748931443064
train,2018-08-11 13:30:00,23.999953025523507,24.73583478614532
train,2018-08-11 13:35:00,23.99995283972393,24.7542724359434
train,2018-08-11 13:40:00,23.99995266210064,24.772787557049995
train,2018-08-11 13:45:00,23.999952490010656,24.791366884870953
train,2018-08-11 13:50:00,23.99995232241524,24.809998243632513
train,2018-08-11 13:55:00,23.999952161143696,24.828669143885808
train,2018-08-11 14:00:00,23.999952004747342,24.847368044996035
train,2018-08-11 14:05:00,23.99995127767359,24.865189235354904
train,2018-08-11 14:10:00,23.99995122124544,24.882230862165258
train,2018-08-11 14:15:00,23.99995119698697,24.898567898063096
train,2018-08-11 14:20:00,23.999950912025152,24.914224849534957
train,2018-08-11 14:25:00,23.99995088321696,24.929252790048455
train,2018-08-11 14:30:00,23.999950863863766,24.943685202602037
train,2018-08-11 14:35:00,23.99995082421457,24.957537192643507
train,2018-08-11 14:40:00,23.999950809362065,24.970818641151297
train,2018-08-11 14:45:00,23.99995079134932,24.983531644416722
train,2018-08-11 14:50:00,23.99995077382488,24.995697948778297
train,2018-08-11 14:55:00,23.999950768255616,25.00732366650309
train,2018-08-11 15:00:00,23.99995074904061,25.01838390178334
train,2018-08-11 15:05:00,23.99995066050561,25.029250228182683
train,2018-08-11 15:10:00,23.999950586523788,25.039908707502132
train,2018-08-11 15:15:00,23.9999505216134,25.050338933541614
train,2018-08-11 15:20:00,23.99995046822119,25.060522888239106
train,2018-08-11 15:25:00,23.9999504240274,25.070444870648164
train,2018-08-11 15:30:00,23.999950391572547,25.080087323418574
train,2018-08-11 15:35:00,23.9999503697832,25.08941478141232
train,2018-08-11 15:40:00,23.99995036650548,25.09843429093855
train,2018-08-11 15:45:00,23.999950380145908,25.10714133173511
train,2018-08-11 15:50:00,23.999950620501327,25.11543221820598
train,2018-08-11 15:55:00,23.99995074575252,25.123363098203424
train,2018-08-11 16:00:00,23.999950871319854,25.13096803935258
train,2018-08-11 16:05:00,23.999952871630853,25.13792583992707
train,2018-08-11 16:10:00,23.999953467766552,25.144432854912704
train,2018-08-11 16:15:00,23.99995392817288,25.15061748558964
train,2018-08-11 16:20:00,23.999953059145938,25.15666761683211
train,2018-08-11 16:25:00,23.99995329323168,25.162483192926846
train,2018-08-11 16:30:00,23.999953602146725,25.168029691262916
train,2018-08-11 16:35:00,23.9999532426707,25.17340942748306
train,2018-08-11 16:40:00,23.999953426520065,25.17858938094073
train,2018-08-11 16:45:00,23.999953645371782,25.183551536397808
train,2018-08-11 16:50:00,23.999955048222883,25.188151220803096
train,2018-08-11 16:55:00,23.99995547990072,25.192479685106957
train,2018-08-11 17:00:00,23.99995580025417,25.19661155732644
train,2018-08-11 17:05:00,23.999956702844194,25.1997064389398
train,2018-08-11 17:10:00,23.999956989915656,25.201878514508664
train,2018-08-11 17:15:00,23.99995718694208,25.20322221894917
train,2018-08-11 17:20:00,23.999957298760147,25.20382475452471
train,2018-08-11 17:25:00,23.9999573351123,25.203763582566772
train,2018-08-11 17:30:00,23.9999573192829,25.203091413743692
train,2018-08-11 17:35:00,23.99995794412838,25.20178327084025
train,2018-08-11 17:40:00,23.99995791226918,25.19993495853578
train,2018-08-11 17:45:00,23.99995778279176,25.19761265412739
train,2018-08-11 17:50:00,23.99995796995379,25.194796850950485
train,2018-08-11 17:55:00,23.99995782709293,25.19153742720536
train,2018-08-11 18:00:00,23.999957632754715,25.187873901812278
train,2018-08-11 18:05:00,23.999960303333328,25.184743785860547
train,2018-08-11 18:10:00,23.999960084089413,25.18127202746089
train,2018-08-11 18:15:00,23.99995981245149,25.1774424436705
train,2018-08-11 18:20:00,23.999959520107232,25.17326573354503
train,2018-08-11 18:25:00,23.999959200944705,25.168760975188224
train,2018-08-11 18:30:00,23.99995888630789,25.163932181648068
train,2018-08-11 18:35:00,23.999959100845743,25.158737677087135
train,2018-08-11 18:40:00,23.99995871437304,25.153295218433016
train,2018-08-11 18:45:00,23.999958217050214,25.147684616678333
train,2018-08-11 18:50:00,23.999957967026184,25.1418808906131
train,2018-08-11 18:55:00,23.99995745884344,25.13592674098313
train,2018-08-11 19:00:00,23.99995621309697,25.130509327375464
train,2018-08-11 19:05:00,23.99995411521091,25.123597633049275
train,2018-08-11 19:10:00,23.999953873317725,25.115545682823516
train,2018-08-11 19:15:00,23.999953732960165,25.106377294290414
train,2018-08-11 19:20:00,23.99995362952107,25.09613230113124
train,2018-08-11 19:25:00,23.999953557819115,25.08485117747264
train,2018-08-11 19:30:00,23.99995352156967,25.072573482727638
train,2018-08-11 19:35:00,23.999953496717737,25.05931945921888
train,2018-08-11 19:40:00,23.999953545881823,25.045127183169793
train,2018-08-11 19:45:00,23.999953645296937,25.030032811289363
train,2018-08-11 19:50:00,23.999953797005418,25.014055151738646
train,2018-08-11 19:55:00,23.9999540072112,24.997217378724518
train,2018-08-11 20:00:00,23.99995427899253,24.979539373808535
train,2018-08-11 20:05:00,23.999954546752093,24.961528627827416
train,2018-08-11 20:10:00,23.9999548843301,24.94317146507482
train,2018-08-11 20:15:00,23.999955285841388,24.924452098207485
train,2018-08-11 20:20:00,23.99995575520571,24.905352495559455
train,2018-08-11 20:25:00,23.99995629433897,24.885856985514103
train,2018-08-11 20:30:00,23.999956912351188,24.86595261660462
train,2018-08-11 20:35:00,23.999959881029188,24.845975052216918
train,2018-08-11 20:40:00,23.99996139391741,24.825708645055016
train,2018-08-11 20:45:00,23.9999628832436,24.80501308423939
train,2018-08-11 20:50:00,23.999966693349258,24.78402664516964
train,2018-08-11 20:55:00,23.9999690573872,24.762628382120646
train,2018-08-11 21:00:00,24.00015703598276,24.740765712805278
train,2018-08-11 21:05:00,24.20311543100752,24.749018303551647
train,2018-08-11 21:10:00,24.50751746381444,24.7602662476101
train,2018-08-11 21:15:00,24.813632697683605,24.776486546883525
train,2018-08-11 21:20:00,25.081307888556875,24.797540691125874
train,2018-08-11 21:25:00,25.30766580887192,24.82252440003003
train,2018-08-11 21:30:00,25.5015284246331,24.85054487244214
train,2018-08-11 21:35:00,25.663522673059155,24.880001482396494
train,2018-08-11 21:40:00,25.80209857001213,24.91123293129578
train,2018-08-11 21:45:00,25.92438402721506,24.94379257787284
train,2018-08-11 21:50:00,25.999888168310456,24.972706884387026
train,2018-08-11 21:55:00,25.999999588140945,24.995903994071792
train,2018-08-11 22:00:00,25.99999999924005,25.023775589449777
train,2018-08-11 22:05:00,25.999999999998163,25.04733668692186
train,2018-08-11 22:10:00,26.0,25.068732277739823
train,2018-08-11 22:15:00,26.0,25.08812016380386
train,2018-08-11 22:20:00,26.000000000000004,25.10563430321763
train,2018-08-11 22:25:00,26.000000000000004,25.121390690140327
train,2018-08-11 22:30:00,26.0,25.13549055960409
train,2018-08-11 22:35:00,26.000000000000004,25.14803684893807
train,2018-08-11 22:40:00,26.000000000000007,25.15909879213314
train,2018-08-11 22:45:00,26.000000000000004,25.168741152250025
train,2018-08-11 22:50:00,26.000000000000004,25.177032422179373
train,2018-08-11 22:55:00,26.0,25.184022901786488
train,2018-08-11 23:00:00,26.0,25.189763015669026
train,2018-08-11 23:05:00,26.0,25.19479375913636
train,2018-08-11 23:10:00,26.0,25.199117109603762
train,2018-08-11 23:15:00,26.0,25.20273462454925
train,2018-08-11 23:20:00,26.000000000000004,25.205650788217014
train,2018-08-11 23:25:00,26.000000000000004,25.207872541217284
train,2018-08-11 23:30:00,26.0,25.20940878941574
train,2018-08-11 23:35:00,26.0,25.210274927784678
train,2018-08-11 23:40:00,26.0,25.210507760867543
train,2018-08-11 23:45:00,26.0,25.210177890566964
train,2018-08-11 23:50:00,26.0,25.209275689661222
train,2018-08-11 23:55:00,26.0,25.207780742842836
train,2018-08-12 00:00:00,26.000000000000004,25.205708041509723
train,2018-08-12 00:05:00,26.0,25.203103117386608
train,2018-08-12 00:10:00,26.000000000000004,25.199969122186513
train,2018-08-12 00:15:00,26.0,25.19631044842533
train,2018-08-12 00:20:00,26.0,25.192135276590456
train,2018-08-12 00:25:00,26.000000000000004,25.18745206649549
train,2018-08-12 00:30:00,26.000000000000004,25.182268821479035
train,2018-08-12 00:35:00,26.000000000000007,25.17659071157248
train,2018-08-12 00:40:00,26.000000000000004,25.17044254258509
train,2018-08-12 00:45:00,26.0,25.163838674961642
train,2018-08-12 00:50:00,26.0,25.15679273820589
train,2018-08-12 00:55:00,26.00064775583549,25.14939119149674
train,2018-08-12 01:00:00,25.99988231691226,25.141368994997503
train,2018-08-12 01:05:00,25.99596681251869,25.132641868540258
train,2018-08-12 01:10:00,25.989003293002146,25.123260765104078
train,2018-08-12 01:15:00,25.979496421253312,25.113191703572145
train,2018-08-12 01:20:00,25.967845699328965,25.10241165136976
train,2018-08-12 01:25:00,25.954299365557667,25.090906062693485
train,2018-08-12 01:30:00,25.93902202246365,25.078665563954733
train,2018-08-12 01:35:00,25.92209134168456,25.06567790022096
train,2018-08-12 01:40:00,25.903652071256865,25.051945032665518
train,2018-08-12 01:45:00,25.88384765274067,25.037465348058493
train,2018-08-12 01:50:00,25.862771571430663,25.022236781686907
train,2018-08-12 01:55:00,25.84053923747688,25.006265596892597
train,2018-08-12 02:00:00,25.81725548441062,24.989556825333544
train,2018-08-12 02:05:00,25.792776394510813,24.971698333019337
train,2018-08-12 02:10:00,25.766792342339336,24.952698647112406
train,2018-08-12 02:15:00,25.73928235837732,24.93258588667288
train,2018-08-12 02:20:00,25.7101799338537,24.911383051722424
train,2018-08-12 02:25:00,25.679501677259363,24.889107803727345
train,2018-08-12 02:30:00,25.647363276984947,24.86577474355309
train,2018-08-12 02:35:00,25.61426600662904,24.84143947144801
train,2018-08-12 02:40:00,25.58015020876641,24.816080514392187
train,2018-08-12 02:45:00,25.54490046784108,24.78971561090288
train,2018-08-12 02:50:00,25.50868992689253,24.762380708977485
train,2018-08-12 02:55:00,25.471453697860458,24.73406741452334
train,2018-08-12 03:00:00,25.433124067750736,24.704787738487873
train,2018-08-12 03:05:00,25.39332445216364,24.674879977576023
train,2018-08-12 03:10:00,25.35279151101509,24.644419407647987
train,2018-08-12 03:15:00,25.312153285435134,24.61339247308254
train,2018-08-12 03:20:00,25.27153828574588,24.581783596081838
train,2018-08-12 03:25:00,25.23092301896936,24.549618021536215
train,2018-08-12 03:30:00,25.19027069695373,24.516904185009402
train,2018-08-12 03:35:00,25.1498504843544,24.483679403934296
train,2018-08-12 03:40:00,25.10955083820829,24.44993071563992
train,2018-08-12 03:45:00,25.069225156408464,24.415672649405966
train,2018-08-12 03:50:00,25.02893733551914,24.380931397462685
train,2018-08-12 03:55:00,24.988587817448582,24.34570693787358
train,2018-08-12 04:00:00,24.948139455499813,24.310011914025967
train,2018-08-12 04:05:00,24.882471627184845,24.269392658614297
train,2018-08-12 04:10:00,24.80250105519714,24.227934374463885
train,2018-08-12 04:15:00,24.71988035131358,24.185386356498064
train,2018-08-12 04:20:00,24.639838007234488,24.141730800919454
train,2018-08-12 04:25:00,24.563421926713207,24.097051986466234
train,2018-08-12 04:30:00,24.489822977433768,24.051452135826064
train,2018-08-12 04:35:00,24.419134593005435,24.005093145847457
train,2018-08-12 04:40:00,24.350747641101155,23.957977390327155
train,2018-08-12 04:45:00,24.284191902897376,23.910173265832345
train,2018-08-12 04:50:00,24.219761126946224,23.861777361691406
train,2018-08-12 04:55:00,24.157111507802,23.812810599906513
train,2018-08-12 05:00:00,24.09589369701461,23.763325717117105
train,2018-08-12 05:05:00,24.00029732043276,23.711538474534425
train,2018-08-12 05:10:00,23.94835421787424,23.666053508747247
train,2018-08-12 05:15:00,23.92969066175918,23.62056210896157
train,2018-08-12 05:20:00,23.91944851935616,23.575386877165247
train,2018-08-12 05:25:00,23.907120521736008,23.53102488505635
train,2018-08-12 05:30:00,23.890854388719973,23.48740667627663
train,2018-08-12 05:35:00,23.8705665897504,23.444262756481468
train,2018-08-12 05:40:00,23.84849929232312,23.401671501897237
train,2018-08-12 05:45:00,23.82621838927496,23.359587748794763
train,2018-08-12 05:50:00,23.804385174543345,23.318000393502732
train,2018-08-12 05:55:00,23.783197367091184,23.276912860857013
train,2018-08-12 06:00:00,23.76271911284464,23.236333111794494
train,2018-08-12 06:05:00,23.74394786440917,23.196792707845102
train,2018-08-12 06:10:00,23.7268621971862,23.15822411480848
train,2018-08-12 06:15:00,23.71126779697093,23.12063159719024
train,2018-08-12 06:20:00,23.69718638955744,23.084018598027082
train,2018-08-12 06:25:00,23.6848930560185,23.048391710270668
train,2018-08-12 06:30:00,23.675030994381025,23.013765387842096
train,2018-08-12 06:35:00,23.66770316400948,22.98016702767622
train,2018-08-12 06:40:00,23.66286215904468,22.947625423314012
train,2018-08-12 06:45:00,23.66046466728158,22.916169391946003
train,2018-08-12 06:50:00,23.660550747525804,22.885827609967123
train,2018-08-12 06:55:00,23.66327308772136,22.856630126213222
train,2018-08-12 07:00:00,23.668794496423107,22.828610483198396
train,2018-08-12 07:05:00,23.679224564240364,22.801908491723506
train,2018-08-12 07:10:00,23.69347622058277,22.776420371370204
train,2018-08-12 07:15:00,23.71029466021316,22.752207161093693
train,2018-08-12 07:20:00,23.7299419239256,22.729390379668494
train,2018-08-12 07:25:00,23.7518890358382,22.7079191050295
train,2018-08-12 07:30:00,23.775671342349582,22.68781998816356
train,2018-08-12 07:35:00,23.79861208636899,22.66886382230658
train,2018-08-12 07:40:00,23.821273427159745,22.651258856046343
train,2018-08-12 07:45:00,23.844805965315864,22.634977612129216
train,2018-08-12 07:50:00,23.86864463558794,22.619895131422545
train,2018-08-12 07:55:00,23.89344882786412,22.606121907110456
train,2018-08-12 08:00:00,23.91986260056767,22.593658928896343
train,2018-08-12 08:05:00,23.948926684096723,22.5826313483944
train,2018-08-12 08:10:00,23.980592127925025,22.57300709349805
train,2018-08-12 08:15:00,23.999985731179585,22.5632608239948
train,2018-08-12 08:20:00,23.99999998011985,22.553371828564618
train,2018-08-12 08:25:00,23.99999999997971,22.545198741681144
train,2018-08-12 08:30:00,23.99999999999997,22.537232463860672
train,2018-08-12 08:35:00,24.0,22.529863900115984
train,2018-08-12 08:40:00,24.0,22.523101144158424
train,2018-08-12 08:45:00,24.0,22.51695206133317
train,2018-08-12 08:50:00,24.0,22.511410721639624
train,2018-08-12 08:55:00,24.000000000000004,22.50647100511337
train,2018-08-12 09:00:00,24.0,22.502159107764914
train,2018-08-12 09:05:00,24.0,22.49894070567242
train,2018-08-12 09:10:00,24.0,22.496785645232492
train,2018-08-12 09:15:00,24.000000000000007,22.495670294296094
train,2018-08-12 09:20:00,24.0,22.49557816967426
train,2018-08-12 09:25:00,24.0,22.496495480859092
train,2018-08-12 09:30:00,24.0,22.498409730970433
train,2018-08-12 09:35:00,24.0,22.50131250995642
train,2018-08-12 09:40:00,24.0,22.505189715707683
train,2018-08-12 09:45:00,24.0,22.510013624104946
train,2018-08-12 09:50:00,24.000000000000004,22.515789498746408
train,2018-08-12 09:55:00,24.0,22.522498852149592
train,2018-08-12 10:00:00,24.000000000000007,22.530112111872967
train,2018-08-12 10:05:00,24.000000000000004,22.53809367200809
train,2018-08-12 10:10:00,24.0,22.546462812654422
train,2018-08-12 10:15:00,24.0,22.55523817324406
train,2018-08-12 10:20:00,24.0,22.564429554217305
train,2018-08-12 10:25:00,24.0,22.57405251935686
train,2018-08-12 10:30:00,24.000000000000004,22.584103308009112
train,2018-08-12 10:35:00,24.0,22.59458052957571
train,2018-08-12 10:40:00,24.0,22.605396507758442
train,2018-08-12 10:45:00,24.0,22.6161836295436
train,2018-08-12 10:50:00,24.0,22.62681778224186
train,2018-08-12 10:55:00,24.0,22.637251327613118
train,2018-08-12 11:00:00,24.0,22.647488706228696
train,2018-08-12 11:05:00,24.000000000000004,22.657026764522683
train,2018-08-12 11:10:00,24.000000000000004,22.666014568565192
train,2018-08-12 11:15:00,24.000000000000004,22.67455679423091
train,2018-08-12 11:20:00,24.0,22.682698535008022
train,2018-08-12 11:25:00,24.0,22.69055604161183
train,2018-08-12 11:30:00,24.000000000000004,22.69817848718557
train,2018-08-12 11:35:00,24.0,22.705574097818413
train,2018-08-12 11:40:00,24.0,22.712775639986305
train,2018-08-12 11:45:00,24.000000000000004,22.719788633208584
train,2018-08-12 11:50:00,24.000000000000004,22.726659098274677
train,2018-08-12 11:55:00,24.0,22.733345491008365
train,2018-08-12 12:00:00,24.0,22.73984804969389
train,2018-08-12 12:05:00,24.0,22.74742255100065
train,2018-08-12 12:10:00,24.000000000000004,22.755789139654823
train,2018-08-12 12:15:00,24.0,22.76476728695144
train,2018-08-12 12:20:00,24.000000000000004,22.77422661147436
train,2018-08-12 12:25:00,24.0,22.784124840107854
train,2018-08-12 12:30:00,24.000000000000004,22.79444389745245
train,2018-08-12 12:35:00,24.000000000000004,22.805174382525998
train,2018-08-12 12:40:00,24.0,22.81632821184794
train,2018-08-12 12:45:00,24.0,22.827899652313988
train,2018-08-12 12:50:00,24.0,22.839843239953478
train,2018-08-12 12:55:00,24.0,22.85213238418454
train,2018-08-12 13:00:00,24.000000000000004,22.864776380284162
train,2018-08-12 13:05:00,24.0,22.87584881141185
train,2018-08-12 13:10:00,24.000000000000004,22.885812033051867
train,2018-08-12 13:15:00,24.0,22.89496314834998
train,2018-08-12 13:20:00,24.0,22.903485866031257
train,2018-08-12 13:25:00,24.0,22.91149495467931
train,2018-08-12 13:30:00,24.0,22.919058109380206
train,2018-08-12 13:35:00,24.0,22.92614466236635
train,2018-08-12 13:40:00,24.0,22.932822102408064
train,2018-08-12 13:45:00,24.0,22.939124590518386
train,2018-08-12 13:50:00,24.0,22.944985862751235
train,2018-08-12 13:55:00,24.0,22.950528550026302
train,2018-08-12 14:00:00,24.000000000000004,22.955758044734587
train,2018-08-12 14:05:00,24.0,22.961907771471942
train,2018-08-12 14:10:00,24.0,22.968687205722073
train,2018-08-12 14:15:00,24.0,22.975883346948827
train,2018-08-12 14:20:00,24.0,22.983360912346775
train,2018-08-12 14:25:00,24.0,22.991027184188987
train,2018-08-12 14:30:00,24.0,22.99882959505497
train,2018-08-12 14:35:00,24.000000000000007,23.006728701540723
train,2018-08-12 14:40:00,24.0,23.014722901097706
train,2018-08-12 14:45:00,24.000000000000004,23.022803371487598
train,2018-08-12 14:50:00,24.000000000000004,23.03095616646937
train,2018-08-12 14:55:00,24.0,23.03918477655713
train,2018-08-12 15:00:00,24.0,23.047461414631634
train,2018-08-12 15:05:00,24.0,23.05513801092948
train,2018-08-12 15:10:00,23.999999998984794,23.062355973082493
train,2018-08-12 15:15:00,23.99999999978019,23.069206191165684
train,2018-08-12 15:20:00,23.999999999002945,23.075746288114033
train,2018-08-12 15:25:00,24.000000001595787,23.08201133200282
train,2018-08-12 15:30:00,24.00000000248616,23.08802292531617
train,2018-08-12 15:35:00,23.999999998848697,23.09380649700057
train,2018-08-12 15:40:00,24.000000001189846,23.09938373143783
train,2018-08-12 15:45:00,24.000000000203528,23.104750407213153
train,2018-08-12 15:50:00,24.00000000033938,23.10994193821555
train,2018-08-12 15:55:00,24.000000002369603,23.114937130229364
train,2018-08-12 16:00:00,23.99999999861516,23.11973291926184
train,2018-08-12 16:05:00,23.99999999793844,23.12374535818065
train,2018-08-12 16:10:00,23.999999998088377,23.12711902075962
train,2018-08-12 16:15:00,24.00000000092493,23.13000555755903
train,2018-08-12 16:20:00,23.99999999902004,23.132427386229416
train,2018-08-12 16:25:00,23.999999998776243,23.134422879885715
train,2018-08-12 16:30:00,23.99999999944969,23.136017381307102
train,2018-08-12 16:35:00,24.00000000014065,23.137222561666878
train,2018-08-12 16:40:00,24.00000000064516,23.138113482707343
train,2018-08-12 16:45:00,24.00000000116573,23.138731457873803
train,2018-08-12 16:50:00,23.99999999845122,23.139117849877007
train,2018-08-12 16:55:00,24.00000000174793,23.139259039287207
train,2018-08-12 17:00:00,23.99999999960396,23.139160856459263
train,2018-08-12 17:05:00,24.00000000060169,23.138805621741216
train,2018-08-12 17:10:00,24.000000001337,23.138224460142897
train,2018-08-12 17:15:00,23.99999999906008,23.137441143497313
train,2018-08-12 17:20:00,23.999999999190624,23.136506621381084
train,2018-08-12 17:25:00,23.999999999723485,23.135387854189982
train,2018-08-12 17:30:00,24.000000000470585,23.1341197923737
train,2018-08-12 17:35:00,23.999999998720167,23.132642695429936
train,2018-08-12 17:40:00,24.000000000513907,23.130900678557033
train,2018-08-12 17:45:00,23.999999998992813,23.12893782975837
train,2018-08-12 17:50:00,23.99999999999179,23.12681024376492
train,2018-08-12 17:55:00,23.99999999999993,23.124520531487494
train,2018-08-12 18:00:00,24.0,23.122063015457247
train,2018-08-12 18:05:00,24.0,23.11706209722134
train,2018-08-12 18:10:00,24.0,23.11042457135868
train,2018-08-12 18:15:00,24.000000000000004,23.10245256536588
train,2018-08-12 18:20:00,24.0,23.093299274604743
train,2018-08-12 18:25:00,24.000000000000004,23.08311216830752
train,2018-08-12 18:30:00,24.0,23.071978322444618
train,2018-08-12 18:35:00,24.0,23.05994365436725
train,2018-08-12 18:40:00,24.0,23.04709346721387
train,2018-08-12 18:45:00,24.000000000000004,23.03345855808283
train,2018-08-12 18:50:00,24.0,23.018917668356615
train,2018-08-12 18:55:00,24.0,23.003646353102937
train,2018-08-12 19:00:00,24.000000000000004,22.987848589641256
train,2018-08-12 19:05:00,24.0,22.9740324449072
train,2018-08-12 19:10:00,24.000000000000004,22.96051828521475
train,2018-08-12 19:15:00,24.000000000000004,22.947078024903607
train,2018-08-12 19:20:00,24.0,22.93355020027098
train,2018-08-12 19:25:00,24.0,22.919832888507123
train,2018-08-12 19:30:00,24.0,22.905867551456904
train,2018-08-12 19:35:00,24.0,22.89160568256336
train,2018-08-12 19:40:00,24.0,22.8770387738425
train,2018-08-12 19:45:00,24.000000000000004,22.86217642520294
train,2018-08-12 19:50:00,24.000000000000004,22.84701860112
train,2018-08-12 19:55:00,24.0,22.83157565643507
train,2018-08-12 20:00:00,24.0,22.815861530515313
train,2018-08-12 20:05:00,24.0,22.800406190861747
train,2018-08-12 20:10:00,24.0,22.785115842081964
train,2018-08-12 20:15:00,24.0,22.769925005076093
train,2018-08-12 20:20:00,24.000000000000004,22.754790906832056
train,2018-08-12 20:25:00,24.0,22.739687594843005
train,2018-08-12 20:30:00,24.0,22.724600070406698
train,2018-08-12 20:35:00,24.0,22.709609630563946
train,2018-08-12 20:40:00,24.0,22.694588869459256
train,2018-08-12 20:45:00,24.000000000000004,22.67952020747749
train,2018-08-12 20:50:00,24.0,22.664444269427364
train,2018-08-12 20:55:00,24.0,22.649334498389543
train,2018-08-12 21:00:00,24.000000000000004,22.63419898552582
train,2018-08-12 21:05:00,24.048881275408867,22.624689574379126
train,2018-08-12 21:10:00,24.12210180238562,22.61478186034189
train,2018-08-12 21:15:00,24.195397079516106,22.60541605431605
train,2018-08-12 21:20:00,24.251893209635828,22.59612680066241
train,2018-08-12 21:25:00,24.29343235167254,22.587499396288933
train,2018-08-12 21:30:00,24.3245000043276,22.57930746793641
train,2018-08-12 21:35:00,24.34277614497107,22.57082940211834
train,2018-08-12 21:40:00,24.351409522759457,22.56240348667386
train,2018-08-12 21:45:00,24.353396247272407,22.553829411086355
train,2018-08-12 21:50:00,24.3488941599488,22.544810749964086
train,2018-08-12 21:55:00,24.33918267725036,22.535378037454702
train,2018-08-12 22:00:00,24.325337508255416,22.525423660509805
train,2018-08-12 22:05:00,24.30797827373761,22.51486246324223
train,2018-08-12 22:10:00,24.28752055410997,22.503636968099105
train,2018-08-12 22:15:00,24.26426737505101,22.491697137626122
train,2018-08-12 22:20:00,24.23846944002961,22.479002822438595
train,2018-08-12 22:25:00,24.210350079971573,22.46552216934353
train,2018-08-12 22:30:00,24.18011201959283,22.45123056884321
train,2018-08-12 22:35:00,24.14626677875572,22.435939037787946
train,2018-08-12 22:40:00,24.10955546084183,22.41977860793348
train,2018-08-12 22:45:00,24.07087827655106,22.402717727652607
train,2018-08-12 22:50:00,24.02992140781184,22.384661080024415
train,2018-08-12 22:55:00,23.98720082808075,22.36568181440906
train,2018-08-12 23:00:00,23.943194782574395,22.34577532909787
train,2018-08-12 23:05:00,23.86866779907927,22.325455367404096
train,2018-08-12 23:10:00,23.778675243742267,22.304000674476107
train,2018-08-12 23:15:00,23.688431310468065,22.281077029180423
train,2018-08-12 23:20:00,23.60454751665704,22.256702954929136
train,2018-08-12 23:25:00,23.527940027408167,22.231047627971275
train,2018-08-12 23:30:00,23.45750238539709,22.204300405074008
train,2018-08-12 23:35:00,23.39196823421464,22.17662474022746
train,2018-08-12 23:40:00,23.33041523279137,22.148154239915513
train,2018-08-12 23:45:00,23.2722240602525,22.11900007230481
train,2018-08-12 23:50:00,23.21694532702372,22.089257557824133
train,2018-08-12 23:55:00,23.164214144332146,22.059009913553844
train,2018-08-13 00:00:00,23.11371530679351,22.028330198800596
train,2018-08-13 00:05:00,23.06497934795612,21.9972744497442
train,2018-08-13 00:10:00,23.017744236696,21.965903341407692
train,2018-08-13 00:15:00,22.97184764772557,21.934261718439625
train,2018-08-13 00:20:00,22.927161601293232,21.90238951344305
train,2018-08-13 00:25:00,22.883570617635243,21.87032261531865
train,2018-08-13 00:30:00,22.840969236233825,21.838093256118466
train,2018-08-13 00:35:00,22.79926343432707,21.805730341512234
train,2018-08-13 00:40:00,22.7583709279182,21.77325980629788
train,2018-08-13 00:45:00,22.718215338558803,21.740704967767027
train,2018-08-13 00:50:00,22.678739742452063,21.708086744426534
train,2018-08-13 00:55:00,22.63988967306829,21.675424157970696
train,2018-08-13 01:00:00,22.601616051485745,21.642734454917544
train,2018-08-13 01:05:00,22.563440172743388,21.61046922267861
train,2018-08-13 01:10:00,22.525630744296148,21.578613590908542
train,2018-08-13 01:15:00,22.488448135994883,21.547116739759602
train,2018-08-13 01:20:00,22.451990963800963,21.515952392411492
train,2018-08-13 01:25:00,22.416254245454347,21.48510957742625
train,2018-08-13 01:30:00,22.38119943415698,21.45458613247101
train,2018-08-13 01:35:00,22.34678921834588,21.424384913027442
train,2018-08-13 01:40:00,22.31300110507942,21.394511657358766
train,2018-08-13 01:45:00,22.27981895650956,21.36497381551304
train,2018-08-13 01:50:00,22.24723054213645,21.3357796833901
train,2018-08-13 01:55:00,22.215228673015964,21.306937718043837
train,2018-08-13 02:00:00,22.183811461863588,21.278453862043182
train,2018-08-13 02:05:00,22.153020846538013,21.249848657433066
train,2018-08-13 02:10:00,22.122673644075302,21.221193826763763
train,2018-08-13 02:15:00,22.092662159373067,21.192556546011666
train,2018-08-13 02:20:00,22.062984563368587,21.163981871186035
train,2018-08-13 02:25:00,22.03362851924202,21.135500914597433
train,2018-08-13 02:30:00,22.00460433624009,21.107134956744144
train,2018-08-13 02:35:00,21.97551016220851,21.078860015631527
train,2018-08-13 02:40:00,21.946133019261765,21.05071953620439
train,2018-08-13 02:45:00,21.916508679068308,21.022708257769715
train,2018-08-13 02:50:00,21.88644181890401,20.9948018397803
train,2018-08-13 02:55:00,21.8559607922318,20.967009206826347
train,2018-08-13 03:00:00,21.82517857845109,20.93931988609975
train,2018-08-13 03:05:00,21.793634503053603,20.911660201524562
train,2018-08-13 03:10:00,21.76160337803098,20.884081973101704
train,2018-08-13 03:15:00,21.72938309306587,20.856573129874864
train,2018-08-13 03:20:00,21.697131643382345,20.829128457101508
train,2018-08-13 03:25:00,21.664889977203448,20.801746349565203
train,2018-08-13 03:30:00,21.63264926621868,20.77442616454179
train,2018-08-13 03:35:00,21.60076161535125,20.74720443430593
train,2018-08-13 03:40:00,21.569146686732378,20.720048384560048
train,2018-08-13 03:45:00,21.53769095831894,20.69296329443013
train,2018-08-13 03:50:00,21.50651505868829,20.66597052407442
train,2018-08-13 03:55:00,21.47557083202852,20.639055168168237
train,2018-08-13 04:00:00,21.44490441606105,20.61222121598966
train,2018-08-13 04:05:00,21.38857360807481,20.58067240605772
train,2018-08-13 04:10:00,21.317913694346835,20.548983886128557
train,2018-08-13 04:15:00,21.245027799964056,20.516814973404145
train,2018-08-13 04:20:00,21.175307543760866,20.48410180548332
train,2018-08-13 04:25:00,21.10961790873845,20.450904602350896
train,2018-08-13 04:30:00,21.04724562280881,20.41730610410758
train,2018-08-13 04:35:00,20.98509434427312,20.38306291799752
train,2018-08-13 04:40:00,20.92394183975941,20.348513170347225
train,2018-08-13 04:45:00,20.86470117630064,20.313677099346968
train,2018-08-13 04:50:00,20.80646180006175,20.27844248271404
train,2018-08-13 04:55:00,20.749692022056912,20.242995801439832
train,2018-08-13 05:00:00,20.694789756400965,20.20736863373638
train,2018-08-13 05:05:00,20.99499190839951,20.213955378665904
train,2018-08-13 05:10:00,21.16859901176353,20.18165462142339
train,2018-08-13 05:15:00,21.1920874370744,20.155554518311398
train,2018-08-13 05:20:00,21.14432845480675,20.13173084542214
train,2018-08-13 05:25:00,21.080801013725303,20.108116305056633
train,2018-08-13 05:30:00,21.02212144931544,20.084080779668003
train,2018-08-13 05:35:00,21.00003215897232,20.06292636315712
train,2018-08-13 05:40:00,21.000000047502137,20.041367501619145
train,2018-08-13 05:45:00,21.00000000005525,20.019217469823268
train,2018-08-13 05:50:00,21.00000000000008,19.997933490184845
train,2018-08-13 05:55:00,21.0,19.976958266961777
train,2018-08-13 06:00:00,21.0,19.956290574496354
train,2018-08-13 06:05:00,21.0,19.93684026123915
train,2018-08-13 06:10:00,21.0,19.918430299543502
train,2018-08-13 06:15:00,21.0,19.90092970140854
train,2018-08-13 06:20:00,21.0,19.884244545544274
train,2018-08-13 06:25:00,21.0,19.868300155754344
train,2018-08-13 06:30:00,21.0,19.85302427688891
train,2018-08-13 06:35:00,21.0,19.838379026127278
train,2018-08-13 06:40:00,21.0,19.82433259481295
train,2018-08-13 06:45:00,21.0,19.810858019680243
train,2018-08-13 06:50:00,21.0,19.797893718678047
train,2018-08-13 06:55:00,21.0,19.785449462560678
train,2018-08-13 07:00:00,21.0,19.773495260080605
train,2018-08-13 07:05:00,21.0,19.762927661357274
train,2018-08-13 07:10:00,21.0,19.753584203627163
train,2018-08-13 07:15:00,21.0,19.745343103333276
train,2018-08-13 07:20:00,21.0,19.738126096779045
train,2018-08-13 07:25:00,21.0,19.731831468129595
train,2018-08-13 07:30:00,21.0,19.72645224126229
train,2018-08-13 07:35:00,20.99956370748087,19.72194098055515
train,2018-08-13 07:40:00,21.00152420997077,19.71864798679771
train,2018-08-13 07:45:00,21.00747240671186,19.71654768194984
train,2018-08-13 07:50:00,21.0185460293706,19.715752435291172
train,2018-08-13 07:55:00,21.034333683101416,19.716244212704904
train,2018-08-13 08:00:00,21.05399737944248,19.718089936894568
train,2018-08-13 08:05:00,21.07698198407786,19.720466810314463
train,2018-08-13 08:10:00,21.102154374171565,19.72350233960704
train,2018-08-13 08:15:00,21.1290401321023,19.727319149960568
train,2018-08-13 08:20:00,21.157770210268865,19.73199324570597
train,2018-08-13 08:25:00,21.188554576025528,19.737579763932803
train,2018-08-13 08:30:00,21.2215185308563,19.74412280561064
train,2018-08-13 08:35:00,21.256766906753693,19.751665394137852
train,2018-08-13 08:40:00,21.294265937517395,19.760229151248357
train,2018-08-13 08:45:00,21.33394789140987,19.769838808928988
train,2018-08-13 08:50:00,21.375773343482933,19.78051844114199
train,2018-08-13 08:55:00,21.419653260108323,19.792281285245522
train,2018-08-13 09:00:00,21.46547218413741,19.805141158650976
train,2018-08-13 09:05:00,21.513260716409224,19.8195252888601
train,2018-08-13 09:10:00,21.563331808891206,19.835418877826093
train,2018-08-13 09:15:00,21.615777811725668,19.852793212936827
train,2018-08-13 09:20:00,21.67048968430866,19.871634332189892
train,2018-08-13 09:25:00,21.727279198830363,19.89193463152508
train,2018-08-13 09:30:00,21.78594924947517,19.913688623283548
train,2018-08-13 09:35:00,21.84633114747977,19.936895612503847
train,2018-08-13 09:40:00,21.90824911988292,19.961539931721084
train,2018-08-13 09:45:00,21.97151323287777,19.987607799357367
train,2018-08-13 09:50:00,22.03600944660237,20.01508930568655
train,2018-08-13 09:55:00,22.10150938050809,20.043971866822318
train,2018-08-13 10:00:00,22.16783662664917,20.07424465655476
train,2018-08-13 10:05:00,22.22993312849628,20.104985303586982
train,2018-08-13 10:10:00,22.289355653701133,20.13663117577227
train,2018-08-13 10:15:00,22.348124492526352,20.16919097724214
train,2018-08-13 10:20:00,22.405106873445074,20.20254622855696
train,2018-08-13 10:25:00,22.4613816949748,20.23696758476044
train,2018-08-13 10:30:00,22.517854617453448,20.272511212196182
train,2018-08-13 10:35:00,22.57475108101139,20.309235161657767
train,2018-08-13 10:40:00,22.631714207120776,20.347187908010536
train,2018-08-13 10:45:00,22.68845936857302,20.38639945133206
train,2018-08-13 10:50:00,22.74485323403598,20.42688465809862
train,2018-08-13 10:55:00,22.80081887997947,20.468647653508754
train,2018-08-13 11:00:00,22.85631732001042,20.511683633455338
train,2018-08-13 11:05:00,22.911470472162467,20.555998911230866
train,2018-08-13 11:10:00,22.96612558230556,20.601556428780828
train,2018-08-13 11:15:00,23.020124724923964,20.64832815443801
train,2018-08-13 11:20:00,23.077626483192542,20.696670335020887
train,2018-08-13 11:25:00,23.136924710705514,20.746218039916663
train,2018-08-13 11:30:00,23.19600037672184,20.79697149885273
train,2018-08-13 11:35:00,23.25615746745605,20.849082126089378
train,2018-08-13 11:40:00,23.31630900590243,20.90229867706719
train,2018-08-13 11:45:00,23.37555760862395,20.956556108930503
train,2018-08-13 11:50:00,23.438027400186503,21.01216007707742
train,2018-08-13 11:55:00,23.501946436984348,21.068701007898834
train,2018-08-13 12:00:00,23.56527313776321,21.12613667370546
train,2018-08-13 12:05:00,23.629458550418025,21.184564305463432
train,2018-08-13 12:10:00,23.693510305881333,21.243726855782064
train,2018-08-13 12:15:00,23.75645778244051,21.30354128463744
train,2018-08-13 12:20:00,23.81785791879013,21.363902231787225
train,2018-08-13 12:25:00,23.877717414649126,21.42469588530926
train,2018-08-13 12:30:00,23.936064155139903,21.485811858382117
train,2018-08-13 12:35:00,23.99315769243398,21.547160972604395
train,2018-08-13 12:40:00,23.999982442805656,21.604418954334555
train,2018-08-13 12:45:00,23.99999997502173,21.66281146550378
train,2018-08-13 12:50:00,23.999999999933323,21.7194576330913
train,2018-08-13 12:55:00,23.999999999999805,21.77475978561902
train,2018-08-13 13:00:00,24.000000000000004,21.828836390791796
train,2018-08-13 13:05:00,24.000000000000004,21.88156033630368
train,2018-08-13 13:10:00,24.0,21.932954004393103
train,2018-08-13 13:15:00,24.0,21.983030765342136
train,2018-08-13 13:20:00,24.0,22.031801947127448
train,2018-08-13 13:25:00,24.0,22.07927843962337
train,2018-08-13 13:30:00,24.0,22.125452290224764
train,2018-08-13 13:35:00,24.000000000000004,22.17031618060712
train,2018-08-13 13:40:00,24.0,22.213882255360247
train,2018-08-13 13:45:00,24.0,22.256187558085127
train,2018-08-13 13:50:00,24.0,22.297253379904973
train,2018-08-13 13:55:00,24.000000000000004,22.337116099926856
train,2018-08-13 14:00:00,24.0,22.37581239706602
train,2018-08-13 14:05:00,24.000000000000004,22.413409145365613
train,2018-08-13 14:10:00,24.000000000000007,22.449941303197953
train,2018-08-13 14:15:00,24.0,22.485440211557297
train,2018-08-13 14:20:00,24.000000000000004,22.51971594000484
train,2018-08-13 14:25:00,24.0,22.552957375372305
train,2018-08-13 14:30:00,24.0,22.585250806335342
train,2018-08-13 14:35:00,24.0,22.61651435312772
train,2018-08-13 14:40:00,24.0,22.646838866666428
train,2018-08-13 14:45:00,24.0,22.676287305385774
train,2018-08-13 14:50:00,23.99999999883815,22.704890869710322
train,2018-08-13 14:55:00,24.00000000070612,22.732689283694164
train,2018-08-13 15:00:00,24.000000000777018,22.7597051900644
train,2018-08-13 15:05:00,24.000000000005883,22.78599545376964
train,2018-08-13 15:10:00,24.00000000000005,22.811435975858526
train,2018-08-13 15:15:00,24.0,22.835991863767116
train,2018-08-13 15:20:00,24.000000000000004,22.859923859266793
train,2018-08-13 15:25:00,24.0,22.883117043278112
train,2018-08-13 15:30:00,24.0,22.90553578143641
train,2018-08-13 15:35:00,24.0,22.927169485405862
train,2018-08-13 15:40:00,24.0,22.948053233469135
train,2018-08-13 15:45:00,24.0,22.968214965931033
train,2018-08-13 15:50:00,24.000000000000004,22.987665459390893
train,2018-08-13 15:55:00,24.0,23.006445776986556
train,2018-08-13 16:00:00,24.000000000000004,23.024582154736038
train,2018-08-13 16:05:00,24.0,23.0418752853712
train,2018-08-13 16:10:00,24.0,23.05835730493539
train,2018-08-13 16:15:00,24.0,23.074057264391648
train,2018-08-13 16:20:00,24.00000000062978,23.089001686360966
train,2018-08-13 16:25:00,24.000000000381867,23.103205915432472
train,2018-08-13 16:30:00,23.999999999037765,23.116694634764592
train,2018-08-13 16:35:00,24.00000000099695,23.129422385615836
train,2018-08-13 16:40:00,23.999999998227807,23.141438617245797
train,2018-08-13 16:45:00,23.999999998846327,23.152776443931188
train,2018-08-13 16:50:00,23.999999999066794,23.16342789231075
train,2018-08-13 16:55:00,24.00000000060724,23.17343412038735
train,2018-08-13 17:00:00,23.999999997890143,23.182822709608566
train,2018-08-13 17:05:00,24.00000000205715,23.192075734382563
train,2018-08-13 17:10:00,24.000000000568104,23.20117685387036
train,2018-08-13 17:15:00,24.000000000151324,23.21013957297052
train,2018-08-13 17:20:00,24.00000000227614,23.219001466992175
train,2018-08-13 17:25:00,23.999828079256243,23.227766663878178
train,2018-08-13 17:30:00,23.999871433189863,23.236478930682537
train,2018-08-13 17:35:00,23.999969793032868,23.245058617757127
train,2018-08-13 17:40:00,23.99997009958744,23.253559889537176
train,2018-08-13 17:45:00,23.999969614347453,23.26202408642927
train,2018-08-13 17:50:00,23.99996830045453,23.270429618383414
train,2018-08-13 17:55:00,23.999967860410955,23.278806283493108
train,2018-08-13 18:00:00,23.99996755177252,23.28717567143545
train,2018-08-13 18:05:00,23.999969440292205,23.294880256142488
train,2018-08-13 18:10:00,23.999970267886496,23.301952820489355
train,2018-08-13 18:15:00,23.999971060801908,23.30840639646977
train,2018-08-13 18:20:00,23.99998584136911,23.314216473202936
train,2018-08-13 18:25:00,23.999945737815327,23.319410379372158
train,2018-08-13 18:30:00,23.99987667805166,23.324028107591847
train,2018-08-13 18:35:00,23.99999873298056,23.328138930762986
train,2018-08-13 18:40:00,23.999999985539308,23.331729959652705
train,2018-08-13 18:45:00,24.00000000136902,23.334850342864698
train,2018-08-13 18:50:00,23.99999999728917,23.33752878654697
train,2018-08-13 18:55:00,23.99999999789377,23.340093324860128
train,2018-08-13 19:00:00,24.000000000817835,23.342261666934125
train,2018-08-13 19:05:00,24.00000000165761,23.34415406911905
train,2018-08-13 19:10:00,23.999999999265587,23.345628444237203
train,2018-08-13 19:15:00,24.00000000118912,23.34668461907982
train,2018-08-13 19:20:00,23.999999999296364,23.347329154759418
train,2018-08-13 19:25:00,24.000000001903707,23.347570977079965
train,2018-08-13 19:30:00,24.00000000001557,23.347420001921407
train,2018-08-13 19:35:00,24.000000000000124,23.346877474034972
train,2018-08-13 19:40:00,24.0,23.345955341966384
train,2018-08-13 19:45:00,24.0,23.3446648000116
train,2018-08-13 19:50:00,24.000000000000004,23.34300915472574
train,2018-08-13 19:55:00,24.0,23.340995633153955
train,2018-08-13 20:00:00,24.0,23.338630336366023
train,2018-08-13 20:05:00,24.0,23.336258870234538
train,2018-08-13 20:10:00,24.0,23.333823776472297
train,2018-08-13 20:15:00,24.000000000000007,23.331288370178928
train,2018-08-13 20:20:00,24.000000000000004,23.32868661119362
train,2018-08-13 20:25:00,24.0,23.325978089513228
train,2018-08-13 20:30:00,24.0,23.323145871869336
train,2018-08-13 20:35:00,24.0,23.320221801826623
train,2018-08-13 20:40:00,24.0,23.31718436500908
train,2018-08-13 20:45:00,24.000000000000004,23.3140210378975
train,2018-08-13 20:50:00,24.0,23.310743666113435
train,2018-08-13 20:55:00,24.0,23.30734217074949
train,2018-08-13 21:00:00,24.0,23.30381097685354
train,2018-08-13 21:05:00,24.06088550396604,23.304740681511205
train,2018-08-13 21:10:00,24.14949366691107,23.30596408280391
train,2018-08-13 21:15:00,24.234225337628743,23.308056939269843
train,2018-08-13 21:20:00,24.300423612223064,23.310798548370357
train,2018-08-13 21:25:00,24.34842196918908,23.313944860743458
train,2018-08-13 21:30:00,24.3825704851714,23.317132492411567
train,2018-08-13 21:35:00,24.406597169800545,23.320094815809853
train,2018-08-13 21:40:00,24.42286448446433,23.32264662942254
train,2018-08-13 21:45:00,24.43296256725516,23.324654330201312
train,2018-08-13 21:50:00,24.437703812263106,23.326018968545213
train,2018-08-13 21:55:00,24.43753145416508,23.326659676787145
train,2018-08-13 22:00:00,24.43285164164132,23.3265058082343
train,2018-08-13 22:05:00,24.42436588431904,23.32598860490422
train,2018-08-13 22:10:00,24.41269714525413,23.325043985353453
train,2018-08-13 22:15:00,24.398295112999246,23.323622213635986
train,2018-08-13 22:20:00,24.38149087362981,23.32168599999297
train,2018-08-13 22:25:00,24.36255412620303,23.319207140660453
train,2018-08-13 22:30:00,24.341722605168243,23.316164529576785
train,2018-08-13 22:35:00,24.31921253832832,23.312542925215194
train,2018-08-13 22:40:00,24.29522182540462,23.30833205295862
train,2018-08-13 22:45:00,24.269931927362013,23.303525872666828
train,2018-08-13 22:50:00,24.243511417264973,23.298121968240853
train,2018-08-13 22:55:00,24.2161150308404,23.29212107834672
train,2018-08-13 23:00:00,24.187898469974616,23.28552666260058
train,2018-08-13 23:05:00,24.19010337623105,23.278604904629958
train,2018-08-13 23:10:00,24.209433823379843,23.271980172866794
train,2018-08-13 23:15:00,24.231487359087755,23.26599945983913
train,2018-08-13 23:20:00,24.249627630371272,23.260706889173846
train,2018-08-13 23:25:00,24.26256491154977,23.256010048388152
train,2018-08-13 23:30:00,24.271058598686967,23.251792790355573
train,2018-08-13 23:35:00,24.27589885257416,23.247957692507953
train,2018-08-13 23:40:00,24.277635438637823,23.244426067890142
train,2018-08-13 23:45:00,24.27666498887261,23.24113245005911
train,2018-08-13 23:50:00,24.27330461959812,23.23802105073666
train,2018-08-13 23:55:00,24.267688558757005,23.235043852361002
train,2018-08-14 00:00:00,24.259949793931444,23.23215659852468
train,2018-08-14 00:05:00,24.249892812042862,23.228802117335942
train,2018-08-14 00:10:00,24.237528779975367,23.22496367355442
train,2018-08-14 00:15:00,24.222933562604474,23.22061627179804
train,2018-08-14 00:20:00,24.20625486400285,23.215735017903178
train,2018-08-14 00:25:00,24.187674633631808,23.21029711952653
train,2018-08-14 00:30:00,24.16737543174366,23.204282935869035
train,2018-08-14 00:35:00,24.14552739691912,23.197676206626014
train,2018-08-14 00:40:00,24.122286179532857,23.19046392803748
train,2018-08-14 00:45:00,24.09779286410911,23.182636129003004
train,2018-08-14 00:50:00,24.07217421773869,23.174185605143997
train,2018-08-14 00:55:00,24.04553963543319,23.165107630230096
train,2018-08-14 01:00:00,24.01798766781022,23.155399587272246
train,2018-08-14 01:05:00,23.98936700609944,23.145275161492076
train,2018-08-14 01:10:00,23.9602285792039,23.134764265112924
train,2018-08-14 01:15:00,23.93097836389756,23.12386435263141
train,2018-08-14 01:20:00,23.90177860886515,23.11258103377587
train,2018-08-14 01:25:00,23.872657626496707,23.10092461943372
train,2018-08-14 01:30:00,23.843602473258134,23.0889062629455
train,2018-08-14 01:35:00,23.81459905477272,23.076536948902216
train,2018-08-14 01:40:00,23.78564083488763,23.06382739646036
train,2018-08-14 01:45:00,23.756726990142614,23.050788156616292
train,2018-08-14 01:50:00,23.727863158363032,23.037429680226026
train,2018-08-14 01:55:00,23.699054094635,23.023762408279975
train,2018-08-14 02:00:00,23.670303020210813,23.009796718171497
train,2018-08-14 02:05:00,23.641859881100217,22.995560211951567
train,2018-08-14 02:10:00,23.6136381677552,22.981050619776585
train,2018-08-14 02:15:00,23.5855310911905,22.96628085771682
train,2018-08-14 02:20:00,23.55748895967353,22.95126136709262
train,2018-08-14 02:25:00,23.52950421701781,22.93600133041354
train,2018-08-14 02:30:00,23.501585964652843,22.92050954826925
train,2018-08-14 02:35:00,23.473745975626784,22.90479477636514
train,2018-08-14 02:40:00,23.44599439241973,22.888865771762934
train,2018-08-14 02:45:00,23.41833957714093,22.872731252561053
train,2018-08-14 02:50:00,23.3907888204191,22.856399857142623
train,2018-08-14 02:55:00,23.36334881693363,22.839880120056105
train,2018-08-14 03:00:00,23.336025829718952,22.82318045911819
train,2018-08-14 03:05:00,23.3081115869391,22.80626680083645
train,2018-08-14 03:10:00,23.27976884976525,22.789175393884644
train,2018-08-14 03:15:00,23.25126698480148,22.771903638837358
train,2018-08-14 03:20:00,23.22241742548424,22.754429976992434
train,2018-08-14 03:25:00,23.19336820208391,22.736777819760007
train,2018-08-14 03:30:00,23.164247412772607,22.718949178996837
train,2018-08-14 03:35:00,23.13289085576613,22.7007663638113
train,2018-08-14 03:40:00,23.100392699351843,22.682372733785588
train,2018-08-14 03:45:00,23.067814724206308,22.663752838722544
train,2018-08-14 03:50:00,23.0345308332969,22.644829025929795
train,2018-08-14 03:55:00,23.001094951571208,22.625678531641775
train,2018-08-14 04:00:00,22.967971699243183,22.606306092651394
train,2018-08-14 04:05:00,22.91658859274648,22.584284092332197
train,2018-08-14 04:10:00,22.855023005249727,22.561436972516734
train,2018-08-14 04:15:00,22.79192900661874,22.537599671459414
train,2018-08-14 04:20:00,22.731186584287588,22.512780054701885
train,2018-08-14 04:25:00,22.67347209842094,22.48706026155243
train,2018-08-14 04:30:00,22.61832138898926,22.460531575402463
train,2018-08-14 04:35:00,22.56516533749618,22.433271955648863
train,2018-08-14 04:40:00,22.51361092685948,22.405344585217097
train,2018-08-14 04:45:00,22.46341546995907,22.37680195535294
train,2018-08-14 04:50:00,22.414411350640894,22.34768929451832
train,2018-08-14 04:55:00,22.366460138816425,22.318046394362224
train,2018-08-14 05:00:00,22.31943495414998,22.2879084621017
train,2018-08-14 05:05:00,22.312683962714114,22.26167992662498
train,2018-08-14 05:10:00,22.33109407190209,22.236564139519764
train,2018-08-14 05:15:00,22.356837091438425,22.213005612730864
train,2018-08-14 05:20:00,22.390432573008567,22.191735627564295
train,2018-08-14 05:25:00,22.426431543802007,22.17219487796677
train,2018-08-14 05:30:00,22.46090928352108,22.154366732160167
train,2018-08-14 05:35:00,22.4948577711448,22.13828383306048
train,2018-08-14 05:40:00,22.52810678512938,22.12376020170114
train,2018-08-14 05:45:00,22.56035625049565,22.110733428304062
train,2018-08-14 05:50:00,22.592488390265704,22.099200400693377
train,2018-08-14 05:55:00,22.624354286081147,22.089057442550203
train,2018-08-14 06:00:00,22.655762980246635,22.08026188477225
train,2018-08-14 06:05:00,22.66518299594381,22.071466888412104
train,2018-08-14 06:10:00,22.6612952880501,22.06376171491877
train,2018-08-14 06:15:00,22.654577282446272,22.056857655966272
train,2018-08-14 06:20:00,22.646814103752604,22.050435813062702
train,2018-08-14 06:25:00,22.640860789614447,22.044712948262543
train,2018-08-14 06:30:00,22.63862643551781,22.039716394348737
train,2018-08-14 06:35:00,22.64085349394162,22.03553612421427
train,2018-08-14 06:40:00,22.647206962419244,22.032223926311175
train,2018-08-14 06:45:00,22.65736785281512,22.029848591887813
train,2018-08-14 06:50:00,22.671578655984856,22.02848381607459
train,2018-08-14 06:55:00,22.68976249306541,22.028180970366975
train,2018-08-14 07:00:00,22.711809883146323,22.029001121445027
train,2018-08-14 07:05:00,22.73767705577641,22.030751470450834
train,2018-08-14 07:10:00,22.766632404570743,22.03348324638557
train,2018-08-14 07:15:00,22.79808700147269,22.03724633768389
train,2018-08-14 07:20:00,22.83175520503289,22.042076415394455
train,2018-08-14 07:25:00,22.867507113169086,22.04800149889837
train,2018-08-14 07:30:00,22.905260233092505,22.055045386187675
train,2018-08-14 07:35:00,22.94514305783412,22.063240550974623
train,2018-08-14 07:40:00,22.98712184636599,22.07259720745965
train,2018-08-14 07:45:00,23.0309070513764,22.08313545276768
train,2018-08-14 07:50:00,23.07628692169521,22.094873918812326
train,2018-08-14 07:55:00,23.12298758354484,22.10781558812175
train,2018-08-14 08:00:00,23.17101100937777,22.12196275628688
train,2018-08-14 08:05:00,23.22141719656712,22.137901695922302
train,2018-08-14 08:10:00,23.274261810027827,22.15558274317677
train,2018-08-14 08:15:00,23.329411192011,22.17500668041819
train,2018-08-14 08:20:00,23.386766628287283,22.196173709845933
train,2018-08-14 08:25:00,23.44628146820268,22.21908390442397
train,2018-08-14 08:30:00,23.50793948650625,22.243738014466338
train,2018-08-14 08:35:00,23.57175893945072,22.27014736891586
train,2018-08-14 08:40:00,23.637596594350576,22.298305300049556
train,2018-08-14 08:45:00,23.705402300055443,22.328212905658948
train,2018-08-14 08:50:00,23.775156127636773,22.359876466616484
train,2018-08-14 08:55:00,23.84676192139468,22.393292011434674
train,2018-08-14 09:00:00,23.920262129048528,22.428459596627025
train,2018-08-14 09:05:00,23.99487439851361,22.464821240234457
train,2018-08-14 09:10:00,23.999981468872576,22.496994468776705
train,2018-08-14 09:15:00,23.999999965010225,22.53187463001529
train,2018-08-14 09:20:00,23.999999999910525,22.565643305773605
train,2018-08-14 09:25:00,23.999999999999744,22.59901788676407
train,2018-08-14 09:30:00,24.0,22.632125029889764
train,2018-08-14 09:35:00,24.0,22.664983320289352
train,2018-08-14 09:40:00,24.0,22.697625555667226
train,2018-08-14 09:45:00,24.000000000000004,22.73005438939101
train,2018-08-14 09:50:00,24.000000000000004,22.762303761163952
train,2018-08-14 09:55:00,24.0,22.79437652878978
train,2018-08-14 10:00:00,24.0,22.826263790592783
train,2018-08-14 10:05:00,24.0,22.857959722816744
train,2018-08-14 10:10:00,24.0,22.8894519224295
train,2018-08-14 10:15:00,24.0,22.920747802624103
train,2018-08-14 10:20:00,24.0,22.951856736995783
train,2018-08-14 10:25:00,24.0,22.982783648958605
train,2018-08-14 10:30:00,24.000000000000004,23.013534159115554
train,2018-08-14 10:35:00,24.0,23.044096934419773
train,2018-08-14 10:40:00,24.000000000000004,23.07449120265474
train,2018-08-14 10:45:00,24.0,23.104729833368598
train,2018-08-14 10:50:00,24.0,23.13481584191421
train,2018-08-14 10:55:00,24.000000000000004,23.16476569312474
train,2018-08-14 11:00:00,24.000000000000004,23.19459404611872
train,2018-08-14 11:05:00,24.000000000000004,23.224109849781122
train,2018-08-14 11:10:00,24.0,23.253338164945205
train,2018-08-14 11:15:00,24.0,23.282300922389616
train,2018-08-14 11:20:00,24.0,23.311017512433715
train,2018-08-14 11:25:00,24.000000000000004,23.339498624980962
train,2018-08-14 11:30:00,24.0,23.367761881101664
train,2018-08-14 11:35:00,24.0,23.395816388946653
train,2018-08-14 11:40:00,24.0,23.42365417885155
train,2018-08-14 11:45:00,24.0,23.45128017693335
train,2018-08-14 11:50:00,24.0,23.47869132776194
train,2018-08-14 11:55:00,24.0,23.505890051827215
train,2018-08-14 12:00:00,24.000000000000004,23.53287891503685
train,2018-08-14 12:05:00,24.0,23.559397393923465
train,2018-08-14 12:10:00,23.999999999454506,23.5854503069181
train,2018-08-14 12:15:00,24.000000000557232,23.61106037695824
train,2018-08-14 12:20:00,24.00000000047944,23.636239302287574
train,2018-08-14 12:25:00,23.99987768360756,23.66098613572738
train,2018-08-14 12:30:00,23.999932969792933,23.685334158320458
train,2018-08-14 12:35:00,23.99988087878104,23.709294228933558
train,2018-08-14 12:40:00,23.99992479320497,23.732885494475326
train,2018-08-14 12:45:00,24.000110063171096,23.756091456536677
train,2018-08-14 12:50:00,23.99998722885412,23.77888758061737
train,2018-08-14 12:55:00,23.999984602865016,23.801318217496583
train,2018-08-14 13:00:00,23.999982719726955,23.823348197162726
train,2018-08-14 13:05:00,23.99997812929568,23.845455031096524
train,2018-08-14 13:10:00,23.99997578031937,23.867625027529012
train,2018-08-14 13:15:00,23.99997371900648,23.889855160301742
train,2018-08-14 13:20:00,23.99997120793165,23.912116865084606
train,2018-08-14 13:25:00,23.99996938083697,23.934405903822988
train,2018-08-14 13:30:00,23.9999677217597,23.956717681132197
train,2018-08-14 13:35:00,24.000014181137047,23.979041607324277
train,2018-08-14 13:40:00,24.000087145329605,24.001370992549703
train,2018-08-14 13:45:00,24.000091483751326,24.023697458294876
train,2018-08-14 13:50:00,24.000094970064065,24.04602259860102
train,2018-08-14 13:55:00,24.00009799268109,24.068341416148925
train,2018-08-14 14:00:00,24.000100771680334,24.090654708315945
train,2018-08-14 14:05:00,24.00010293342584,24.11270769075101
train,2018-08-14 14:10:00,24.000105011282493,24.134511252060893
train,2018-08-14 14:15:00,24.0000992108151,24.156073825432625
train,2018-08-14 14:20:00,24.000100412403363,24.17740428256891
train,2018-08-14 14:25:00,24.000109390504942,24.198508886634976
train,2018-08-14 14:30:00,24.00011119467172,24.219381483013574
train,2018-08-14 14:35:00,24.000113344813727,24.240023812350056
train,2018-08-14 14:40:00,24.0001148146344,24.260448576386878
train,2018-08-14 14:45:00,24.00011617635068,24.28066058332478
train,2018-08-14 14:50:00,24.00011115344053,24.300655684854746
train,2018-08-14 14:55:00,24.00011203095224,24.320441020234213
train,2018-08-14 15:00:00,24.00011936286712,24.340004215623384
train,2018-08-14 15:05:00,24.00011998775433,24.358861148814803
train,2018-08-14 15:10:00,24.00012046883112,24.377034596457893
train,2018-08-14 15:15:00,24.00012091464756,24.39454348543327
train,2018-08-14 15:20:00,24.000121325790005,24.411405694603733
train,2018-08-14 15:25:00,24.00012169703422,24.427637087076043
train,2018-08-14 15:30:00,24.000122025339003,24.443251974714265
train,2018-08-14 15:35:00,24.000121314212635,24.458306074355878
train,2018-08-14 15:40:00,24.000121563649373,24.47278523015458
train,2018-08-14 15:45:00,24.00012182816357,24.486685735309326
train,2018-08-14 15:50:00,24.000121618941883,24.500036741474336
train,2018-08-14 15:55:00,24.000121850714475,24.512824032139864
train,2018-08-14 16:00:00,24.00012204723391,24.525058221154204
train,2018-08-14 16:05:00,24.00012126372387,24.537093864942868
train,2018-08-14 16:10:00,24.000121545396727,24.548887159710468
train,2018-08-14 16:15:00,24.00012186539084,24.560411912037114
train,2018-08-14 16:20:00,24.00012164139757,24.57169476626357
train,2018-08-14 16:25:00,24.000121914582028,24.582716587528118
train,2018-08-14 16:30:00,24.00012219048259,24.59346796011493
train,2018-08-14 16:35:00,24.00012323525393,24.60389070992068
train,2018-08-14 16:40:00,24.00012338679884,24.614052072849564
train,2018-08-14 16:45:00,24.00012348523368,24.62398941450244
train,2018-08-14 16:50:00,24.000123680680367,24.633663846288083
train,2018-08-14 16:55:00,24.00012370182389,24.643114524633305
train,2018-08-14 17:00:00,24.00012371383845,24.65236478076493
train,2018-08-14 17:05:00,24.00012231866384,24.660962960054665
train,2018-08-14 17:10:00,24.00012182201037,24.669058227568517
train,2018-08-14 17:15:00,24.000121512084327,24.67675651462015
train,2018-08-14 17:20:00,24.00011974730293,24.684018565749565
train,2018-08-14 17:25:00,24.00011937139384,24.690939188037014
train,2018-08-14 17:30:00,24.00011921617003,24.697589319370195
train,2018-08-14 17:35:00,24.000118892163467,24.70400041601742
train,2018-08-14 17:40:00,24.00011892112545,24.710207584631643
train,2018-08-14 17:45:00,24.000119024502627,24.716226943711597
train,2018-08-14 17:50:00,24.00011899564512,24.72204901205353
train,2018-08-14 17:55:00,24.00011916289184,24.72769905327091
train,2018-08-14 18:00:00,24.00011936567709,24.733186920242385
train,2018-08-14 18:05:00,24.0001173909112,24.738841023943387
train,2018-08-14 18:10:00,24.00011786483764,24.743907117041996
train,2018-08-14 18:15:00,24.00011824930685,24.748358868506063
train,2018-08-14 18:20:00,24.00011780313022,24.752160998842104
train,2018-08-14 18:25:00,24.00011822228073,24.75542159379149
train,2018-08-14 18:30:00,24.000118623850565,24.758164355571047
train,2018-08-14 18:35:00,24.00011797015216,24.760239517641775
train,2018-08-14 18:40:00,24.00011802487693,24.761672817359564
train,2018-08-14 18:45:00,24.00011813764396,24.7625161107749
train,2018-08-14 18:50:00,24.000118141644425,24.76278072956576
train,2018-08-14 18:55:00,24.00011827778339,24.76258106394404
train,2018-08-14 19:00:00,24.00011827248463,24.76186440195984
train,2018-08-14 19:05:00,24.00010788600381,24.760243592832875
train,2018-08-14 19:10:00,24.00010753661456,24.758081647624632
train,2018-08-14 19:15:00,24.00011781327665,24.755396845308844
train,2018-08-14 19:20:00,24.000109970688584,24.752515791687717
train,2018-08-14 19:25:00,24.0001067270729,24.749261316572312
train,2018-08-14 19:30:00,24.00009090482269,24.745532738249512
train,2018-08-14 19:35:00,24.00010217009028,24.74132272491285
train,2018-08-14 19:40:00,24.000098771682406,24.736633006429535
train,2018-08-14 19:45:00,24.00009480767106,24.73147651872923
train,2018-08-14 19:50:00,24.00009055430344,24.725845260921073
train,2018-08-14 19:55:00,24.000085931221108,24.719752462852615
train,2018-08-14 20:00:00,24.00008083465064,24.713212022850886
train,2018-08-14 20:05:00,24.000076888882184,24.707094821366585
train,2018-08-14 20:10:00,24.00007224116924,24.701360043386206
train,2018-08-14 20:15:00,24.000067276032336,24.695970676429752
train,2018-08-14 20:20:00,24.000061996348705,24.69089350169498
train,2018-08-14 20:25:00,23.999936799529483,24.686088125181474
train,2018-08-14 20:30:00,23.999821194399487,24.681542125168345
train,2018-08-14 20:35:00,23.999998322817657,24.67729160280992
train,2018-08-14 20:40:00,23.99999998415655,24.673242055425206
train,2018-08-14 20:45:00,24.00000000002817,24.669397423556234
train,2018-08-14 20:50:00,24.00000000142256,24.66574123880302
train,2018-08-14 20:55:00,23.999999999827374,24.662245414562584
train,2018-08-14 21:00:00,23.9999999999986,24.6588861379106
train,2018-08-14 21:05:00,24.16376931181092,24.669641099428894
train,2018-08-14 21:10:00,24.410636047957336,24.68246782866751
train,2018-08-14 21:15:00,24.6605015662516,24.69906012956209
train,2018-08-14 21:20:00,24.889251905400208,24.720072932924456
train,2018-08-14 21:25:00,25.09080920458417,24.74433419297253
train,2018-08-14 21:30:00,25.26792078774781,24.771235181774106
train,2018-08-14 21:35:00,25.42291262583392,24.80007535277752
train,2018-08-14 21:40:00,25.560520644532552,24.830551521203187
train,2018-08-14 21:45:00,25.68480395323051,24.862300772674846
train,2018-08-14 21:50:00,25.79420089426008,24.89471537535677
train,2018-08-14 21:55:00,25.892221857690828,24.9278335279876
train,2018-08-14 22:00:00,25.98168385370026,24.961433294272165
train,2018-08-14 22:05:00,25.999943707810203,24.989053400086117
train,2018-08-14 22:10:00,25.999999897154048,25.017149400972524
train,2018-08-14 22:15:00,25.99999999980985,25.043086679003718
train,2018-08-14 22:20:00,25.99999999999963,25.066815935173572
train,2018-08-14 22:25:00,26.0,25.088706654653524
train,2018-08-14 22:30:00,26.0,25.108836685261704
train,2018-08-14 22:35:00,26.0,25.127284284867685
train,2018-08-14 22:40:00,26.0,25.14411062629079
train,2018-08-14 22:45:00,26.000000000000004,25.159374020150263
train,2018-08-14 22:50:00,26.0,25.173131206330073
train,2018-08-14 22:55:00,26.0,25.18541509948252
train,2018-08-14 23:00:00,26.000000000000004,25.1962811623539
train,2018-08-14 23:05:00,25.98339296255787,25.208598364001094
train,2018-08-14 23:10:00,25.955603748323902,25.21953471390431
train,2018-08-14 23:15:00,25.923378868924942,25.228889690941855
train,2018-08-14 23:20:00,25.890083771905044,25.236608881013442
train,2018-08-14 23:25:00,25.856612493970303,25.242709656621354
train,2018-08-14 23:30:00,25.82289378951098,25.24722784891545
train,2018-08-14 23:35:00,25.78870445025667,25.25019717761952
train,2018-08-14 23:40:00,25.75390987698736,25.251646133722264
train,2018-08-14 23:45:00,25.718464344083856,25.2515999381275
train,2018-08-14 23:50:00,25.68236481895877,25.250082448805394
train,2018-08-14 23:55:00,25.64562098714016,25.247117056171703
train,2018-08-15 00:00:00,25.608245051311066,25.242726932587267
train,2018-08-15 00:05:00,25.571277387816817,25.237530783894904
train,2018-08-15 00:10:00,25.535396810692813,25.231546404212754
train,2018-08-15 00:15:00,25.500752969776784,25.224799575437576
train,2018-08-15 00:20:00,25.46722969894096,25.217321414740315
train,2018-08-15 00:25:00,25.434652492823687,25.20914234112026
train,2018-08-15 00:30:00,25.402876300646245,25.200290560944595
train,2018-08-15 00:35:00,25.371791388291985,25.190792454470973
train,2018-08-15 00:40:00,25.341274539224507,25.180673107298464
train,2018-08-15 00:45:00,25.31122524194817,25.169955850138862
train,2018-08-15 00:50:00,25.28156139097568,25.15866258659782
train,2018-08-15 00:55:00,25.25219673244357,25.146814046049226
train,2018-08-15 01:00:00,25.22306096840484,25.134429584877445
train,2018-08-15 01:05:00,25.19300738551885,25.121169029010332
train,2018-08-15 01:10:00,25.16206095613163,25.107101817480313
train,2018-08-15 01:15:00,25.13049575625157,25.092239447900774
train,2018-08-15 01:20:00,25.098508110124083,25.07659800843859
train,2018-08-15 01:25:00,25.066192287571248,25.06019651528781
train,2018-08-15 01:30:00,25.03358947738494,25.04305479395684
train,2018-08-15 01:35:00,25.00072486043277,25.02519242413973
train,2018-08-15 01:40:00,24.96762229811112,25.0066284716177
train,2018-08-15 01:45:00,24.934306610786145,24.98738152410021
train,2018-08-15 01:50:00,24.900802131188016,24.96746976760029
train,2018-08-15 01:55:00,24.86713131333099,24.94691102624727
train,2018-08-15 02:00:00,24.833314159407443,24.925722768320906
train,2018-08-15 02:05:00,24.80065113172716,24.9045466703672
train,2018-08-15 02:10:00,24.76961306712826,24.883370094070266
train,2018-08-15 02:15:00,24.74015759338506,24.862213817775785
train,2018-08-15 02:20:00,24.71208341240056,24.84109942370487
train,2018-08-15 02:25:00,24.685195952813107,24.820045762898438
train,2018-08-15 02:30:00,24.65934561860128,24.799068954629625
train,2018-08-15 02:35:00,24.634419645851764,24.778183195219786
train,2018-08-15 02:40:00,24.610328506433675,24.757401396523132
train,2018-08-15 02:45:00,24.586997822539416,24.73673554447029
train,2018-08-15 02:50:00,24.56436848255123,24.71619689681822
train,2018-08-15 02:55:00,24.542389355299296,24.695796191483765
train,2018-08-15 03:00:00,24.52101619418604,24.675543711431256
train,2018-08-15 03:05:00,24.496970766530723,24.653892318683074
train,2018-08-15 03:10:00,24.4689812971636,24.630921453340477
train,2018-08-15 03:15:00,24.43707092610301,24.60662707722873
train,2018-08-15 03:20:00,24.401687548935406,24.580999962115634
train,2018-08-15 03:25:00,24.363291557913755,24.554035193450503
train,2018-08-15 03:30:00,24.322251759123784,24.52573285109633
train,2018-08-15 03:35:00,24.278857155395897,24.49609646500474
train,2018-08-15 03:40:00,24.2333466897637,24.465131701945502
train,2018-08-15 03:45:00,24.185928847503,24.432845653271507
train,2018-08-15 03:50:00,24.136788120344296,24.39924650384515
train,2018-08-15 03:55:00,24.086084294799686,24.364343306612223
train,2018-08-15 04:00:00,24.03395548005068,24.32814571762642
train,2018-08-15 04:05:00,23.95847567808204,24.28839569378592
train,2018-08-15 04:10:00,23.87184359643311,24.247800258603036
train,2018-08-15 04:15:00,23.785992140046293,24.206141769389955
train,2018-08-15 04:20:00,23.705954025127344,24.163450877284085
train,2018-08-15 04:25:00,23.63227477988143,24.119859847092012
train,2018-08-15 04:30:00,23.56393877429469,24.075509169592113
train,2018-08-15 04:35:00,23.5015520464827,24.030640036285792
train,2018-08-15 04:40:00,23.443722061552894,23.98525402619773
train,2018-08-15 04:45:00,23.38905318458435,23.93944722212617
train,2018-08-15 04:50:00,23.33766856496079,23.893348940410075
train,2018-08-15 04:55:00,23.28888723730676,23.84696324165965
train,2018-08-15 05:00:00,23.24190129566357,23.800342985795446
train,2018-08-15 05:05:00,23.22771466078717,23.756775689999444
train,2018-08-15 05:10:00,23.23186034857168,23.71366425446636
train,2018-08-15 05:15:00,23.239081592411388,23.67135915106779
train,2018-08-15 05:20:00,23.2422968588576,23.62989023676203
train,2018-08-15 05:25:00,23.240098362225933,23.589143148098163
train,2018-08-15 05:30:00,23.23319708242208,23.548979326566332
train,2018-08-15 05:35:00,23.22382593963317,23.509356510896446
train,2018-08-15 05:40:00,23.21265326182755,23.47012983600576
train,2018-08-15 05:45:00,23.199718242108894,23.431247599890245
train,2018-08-15 05:50:00,23.185577926569284,23.392699301895203
train,2018-08-15 05:55:00,23.17020854129594,23.354411038385607
train,2018-08-15 06:00:00,23.15357241444996,23.316348475669702
train,2018-08-15 06:05:00,23.13715547599811,23.279135872420962
train,2018-08-15 06:10:00,23.12124571337428,23.242680609821353
train,2018-08-15 06:15:00,23.105751014184943,23.206956543722512
train,2018-08-15 06:20:00,23.08665478993295,23.17161853399435
train,2018-08-15 06:25:00,23.065506676110385,23.13688726715605
train,2018-08-15 06:30:00,23.044265730215635,23.10269701658175
train,2018-08-15 06:35:00,23.01944057425226,23.068659036215088
train,2018-08-15 06:40:00,22.99296815271613,23.035051480428848
train,2018-08-15 06:45:00,22.96682720462965,23.001826922312542
train,2018-08-15 06:50:00,22.940601828622324,22.968880000074858
train,2018-08-15 06:55:00,22.91513227724696,22.936301074659735
train,2018-08-15 07:00:00,22.89092139852283,22.904097168432255
train,2018-08-15 07:05:00,22.87233319976035,22.872337508985197
train,2018-08-15 07:10:00,22.85753674295705,22.840791266932023
train,2018-08-15 07:15:00,22.84433569300568,22.80954067910823
train,2018-08-15 07:20:00,22.83376073940896,22.778788021973956
train,2018-08-15 07:25:00,22.82490702298118,22.748417434474263
train,2018-08-15 07:30:00,22.81679372932673,22.718461802084537
train,2018-08-15 07:35:00,22.809184485243065,22.68894609216211
train,2018-08-15 07:40:00,22.80199754915572,22.659863132015488
train,2018-08-15 07:45:00,22.79524746183692,22.631216894796285
train,2018-08-15 07:50:00,22.789038069573905,22.603017179816522
train,2018-08-15 07:55:00,22.78337245608456,22.57526333055725
train,2018-08-15 08:00:00,22.778244221772663,22.547960346783974
train,2018-08-15 08:05:00,22.77463134926692,22.5214670436032
train,2018-08-15 08:10:00,22.77248598139676,22.49573691469285
train,2018-08-15 08:15:00,22.77167251155896,22.47077702555765
train,2018-08-15 08:20:00,22.771941081400723,22.446592552506374
train,2018-08-15 08:25:00,22.77310928932893,22.423184358685063
train,2018-08-15 08:30:00,22.7750949643963,22.400550380363217
train,2018-08-15 08:35:00,22.77862043589738,22.378700408918675
train,2018-08-15 08:40:00,22.78415343910372,22.35763946413825
train,2018-08-15 08:45:00,22.79160986589089,22.337393022698162
train,2018-08-15 08:50:00,22.80094384103561,22.31799036084684
train,2018-08-15 08:55:00,22.81193805979903,22.299447386740255
train,2018-08-15 09:00:00,22.824432844512888,22.281781155409963
train,2018-08-15 09:05:00,22.83835864911716,22.26528475606121
train,2018-08-15 09:10:00,22.85376035952985,22.24997657628086
train,2018-08-15 09:15:00,22.87069196776833,22.235854484548494
train,2018-08-15 09:20:00,22.889319689055053,22.22291897861435
train,2018-08-15 09:25:00,22.90966113689569,22.211175261509794
train,2018-08-15 09:30:00,22.931691262483813,22.20062992330501
train,2018-08-15 09:35:00,22.95504075772185,22.19129541200383
train,2018-08-15 09:40:00,22.97947123036971,22.183159186647565
train,2018-08-15 09:45:00,23.004681890252467,22.176212984068115
train,2018-08-15 09:50:00,23.03060387255324,22.170448856101718
train,2018-08-15 09:55:00,23.05715874641665,22.165847812388524
train,2018-08-15 10:00:00,23.084169488969,22.162395675428126
train,2018-08-15 10:05:00,23.11201269142356,22.16033361186481
train,2018-08-15 10:10:00,23.1415516041365,22.159685112026974
train,2018-08-15 10:15:00,23.17328219996673,22.16044591939662
train,2018-08-15 10:20:00,23.207336344296525,22.16262370386856
train,2018-08-15 10:25:00,23.24365849313027,22.166230027947147
train,2018-08-15 10:30:00,23.28211720325539,22.171276194095103
train,2018-08-15 10:35:00,23.32270140752249,22.177776800201663
train,2018-08-15 10:40:00,23.365324575848643,22.185738967812703
train,2018-08-15 10:45:00,23.409870183789888,22.195172886267425
train,2018-08-15 10:50:00,23.456177039586827,22.206088408668567
train,2018-08-15 10:55:00,23.50410249869246,22.218489079556022
train,2018-08-15 11:00:00,23.55353387323576,22.232377546622796
train,2018-08-15 11:05:00,23.6037463300936,22.24745918983838
train,2018-08-15 11:10:00,23.654059534386622,22.26371877345712
train,2018-08-15 11:15:00,23.704104605241653,22.281142863852555
train,2018-08-15 11:20:00,23.75374225757416,22.299709733224034
train,2018-08-15 11:25:00,23.802925459202704,22.31939447775754
train,2018-08-15 11:30:00,23.851691579894936,22.340171132508445
train,2018-08-15 11:35:00,23.900263366757382,22.362034911506434
train,2018-08-15 11:40:00,23.948627471829727,22.384942936221893
train,2018-08-15 11:45:00,23.99676777692028,22.40887320818778
train,2018-08-15 11:50:00,23.999992705455075,22.42977048267293
train,2018-08-15 11:55:00,23.99999999178568,22.45298581877593
train,2018-08-15 12:00:00,23.999999999987526,22.47558289114921
train,2018-08-15 12:05:00,23.99999999999998,22.498045577667725
train,2018-08-15 12:10:00,24.0,22.520417278209322
train,2018-08-15 12:15:00,24.000000000000007,22.54269734597373
train,2018-08-15 12:20:00,24.0,22.564741754900204
train,2018-08-15 12:25:00,24.000000000000004,22.586590442994197
train,2018-08-15 12:30:00,24.0,22.608269603544585
train,2018-08-15 12:35:00,24.0,22.629797056800598
train,2018-08-15 12:40:00,24.0,22.651181149593164
train,2018-08-15 12:45:00,24.000000000000004,22.672453598813426
train,2018-08-15 12:50:00,24.0,22.693627533134173
train,2018-08-15 12:55:00,24.000000000000004,22.71469858942208
train,2018-08-15 13:00:00,24.000000000000004,22.735682696591017
train,2018-08-15 13:05:00,24.0,22.756713978038295
train,2018-08-15 13:10:00,24.0,22.777789025735697
train,2018-08-15 13:15:00,24.000000000000004,22.798905309529584
train,2018-08-15 13:20:00,24.0,22.820062145546338
train,2018-08-15 13:25:00,24.0,22.841259355542938
train,2018-08-15 13:30:00,24.0,22.86249708471199
train,2018-08-15 13:35:00,24.0,22.883767293094564
train,2018-08-15 13:40:00,24.000000000000004,22.90507168332158
train,2018-08-15 13:45:00,24.0,22.92641171858128
train,2018-08-15 13:50:00,24.0,22.947784933746625
train,2018-08-15 13:55:00,24.0,22.969194395499105
train,2018-08-15 14:00:00,24.0,22.9906417370744
train,2018-08-15 14:05:00,24.0,23.012378255983073
train,2018-08-15 14:10:00,24.0,23.034419134836337
train,2018-08-15 14:15:00,24.0,23.05676495782456
train,2018-08-15 14:20:00,24.0,23.079189299332267
train,2018-08-15 14:25:00,24.000000000000004,23.101794902480165
train,2018-08-15 14:30:00,24.000000000000004,23.12463648707539
train,2018-08-15 14:35:00,23.999999999845063,23.147616644677292
train,2018-08-15 14:40:00,23.99986460542165,23.17077701516562
train,2018-08-15 14:45:00,23.99997869661262,23.194187264502066
train,2018-08-15 14:50:00,23.999975840798907,23.217773287897707
train,2018-08-15 14:55:00,23.999972942181508,23.24156633015014
train,2018-08-15 15:00:00,23.999970148570647,23.265524412954235
train,2018-08-15 15:05:00,23.99995767407128,23.28951005528044
train,2018-08-15 15:10:00,23.999956240550784,23.313073155473425
train,2018-08-15 15:15:00,23.99995521434901,23.336283519776398
train,2018-08-15 15:20:00,23.99995236929352,23.35918456698137
train,2018-08-15 15:25:00,23.999951946183128,23.38179679810092
train,2018-08-15 15:30:00,23.999951686025675,23.404153751570565
train,2018-08-15 15:35:00,23.99995266997142,23.426522529184453
train,2018-08-15 15:40:00,23.99995235731876,23.448750645710167
train,2018-08-15 15:45:00,23.999952027907227,23.47074853753262
train,2018-08-15 15:50:00,23.999952317684087,23.492604995697302
train,2018-08-15 15:55:00,23.999952020674773,23.514257684731792
train,2018-08-15 16:00:00,23.999951749967124,23.53567396803733
train,2018-08-15 16:05:00,23.999952690233272,23.556537031812944
train,2018-08-15 16:10:00,23.99995245190512,23.57684572824422
train,2018-08-15 16:15:00,23.999952202616708,23.596592913590055
train,2018-08-15 16:20:00,23.99995901692879,23.61509281355579
train,2018-08-15 16:25:00,23.9999587212266,23.63306187699044
train,2018-08-15 16:30:00,23.9999581182334,23.650448550376765
train,2018-08-15 16:35:00,23.99995698010464,23.66724709723393
train,2018-08-15 16:40:00,23.999956404895578,23.683526015814177
train,2018-08-15 16:45:00,23.99995589791521,23.699330924089267
train,2018-08-15 16:50:00,23.99995521849116,23.714676959963917
train,2018-08-15 16:55:00,23.99995478082745,23.72960468655396
train,2018-08-15 17:00:00,23.99995439465604,23.744148791566495
train,2018-08-15 17:05:00,23.999954152899825,23.75766963070413
train,2018-08-15 17:10:00,23.999954023638903,23.770253932690398
train,2018-08-15 17:15:00,23.99995394419985,23.781985082374387
train,2018-08-15 17:20:00,23.99995393470191,23.79295678071176
train,2018-08-15 17:25:00,23.99995395448549,23.80322850932643
train,2018-08-15 17:30:00,23.999954027864383,23.812873225051423
train,2018-08-15 17:35:00,23.99995379944785,23.82191836171219
train,2018-08-15 17:40:00,23.999953927643283,23.83043811330325
train,2018-08-15 17:45:00,23.99995410061308,23.838483079986794
train,2018-08-15 17:50:00,23.999954119234065,23.846054907971585
train,2018-08-15 17:55:00,23.99995431843193,23.853194578859384
train,2018-08-15 18:00:00,23.999954555371964,23.85993455667036
train,2018-08-15 18:05:00,23.99995385653489,23.866963025415423
train,2018-08-15 18:10:00,23.99995411108225,23.87362117187696
train,2018-08-15 18:15:00,23.99995439078977,23.879892895497928
train,2018-08-15 18:20:00,23.999954696327784,23.885785169137804
train,2018-08-15 18:25:00,23.999955042615824,23.891309829302628
train,2018-08-15 18:30:00,23.99995548662969,23.896520831013394
train,2018-08-15 18:35:00,23.999955555461128,23.901344864221038
train,2018-08-15 18:40:00,23.99995599799556,23.905829182607278
train,2018-08-15 18:45:00,23.99995653807415,23.91001088542807
train,2018-08-15 18:50:00,23.999956937495167,23.913886939975384
train,2018-08-15 18:55:00,23.999958491632785,23.91792276720159
train,2018-08-15 19:00:00,23.999959600700645,23.921737731326715
train,2018-08-15 19:05:00,23.999962158434258,23.925000474936198
train,2018-08-15 19:10:00,23.99996313261785,23.92789794917766
train,2018-08-15 19:15:00,23.9999641656424,23.93044456536991
train,2018-08-15 19:20:00,23.999968277175867,23.932789268015725
train,2018-08-15 19:25:00,23.99997014065712,23.934865858321373
train,2018-08-15 19:30:00,23.999971936459826,23.936637298592103
train,2018-08-15 19:35:00,23.99997077694849,23.938017797871442
train,2018-08-15 19:40:00,23.99997221963537,23.939064039579744
train,2018-08-15 19:45:00,24.00004059508957,23.939817783732522
train,2018-08-15 19:50:00,23.99997375665314,23.94019056872712
train,2018-08-15 19:55:00,23.99992797628779,23.940257967624955
train,2018-08-15 20:00:00,23.999821974291702,23.940029110772176
train,2018-08-15 20:05:00,23.99999831974486,23.94013207249259
train,2018-08-15 20:10:00,23.999999985388115,23.940412557717675
train,2018-08-15 20:15:00,23.999999999690534,23.940852759955042
train,2018-08-15 20:20:00,24.000000000211084,23.94147460028635
train,2018-08-15 20:25:00,24.000000000001663,23.942223832683776
train,2018-08-15 20:30:00,24.00000000000001,23.943060176897575
train,2018-08-15 20:35:00,24.0,23.944012724476963
train,2018-08-15 20:40:00,24.0,23.945041196769253
train,2018-08-15 20:45:00,24.0,23.946118103585786
train,2018-08-15 20:50:00,24.0,23.947252596826015
train,2018-08-15 20:55:00,24.0,23.948407957103257
train,2018-08-15 21:00:00,24.0,23.94957402089303
train,2018-08-15 21:05:00,24.10958601193588,23.96180934450491
train,2018-08-15 21:10:00,24.269396024631224,23.975023465528697
train,2018-08-15 21:15:00,24.422759056605795,23.99030640362733
train,2018-08-15 21:20:00,24.54762497587045,24.007515288095895
train,2018-08-15 21:25:00,24.643348183010986,24.026045570462447
train,2018-08-15 21:30:00,24.71585541869769,24.045295018418457
train,2018-08-15 21:35:00,24.76781332744276,24.06455167921213
train,2018-08-15 21:40:00,24.80403829199102,24.083673254855842
train,2018-08-15 21:45:00,24.82827831967999,24.102371648612266
train,2018-08-15 21:50:00,24.841405516452784,24.120316143979014
train,2018-08-15 21:55:00,24.84542245911248,24.137450903598037
train,2018-08-15 22:00:00,24.84208005088907,24.153635208236356
train,2018-08-15 22:05:00,24.83363141863613,24.169110688093646
train,2018-08-15 22:10:00,24.821517659890542,24.18379890103998
train,2018-08-15 22:15:00,24.80647389582186,24.197650480275147
train,2018-08-15 22:20:00,24.78890066023438,24.210632341585814
train,2018-08-15 22:25:00,24.76909299129349,24.222720266781295
train,2018-08-15 22:30:00,24.74732143207176,24.233896510642964
train,2018-08-15 22:35:00,24.722379010302465,24.244023034398406
train,2018-08-15 22:40:00,24.69505092005452,24.253191525444585
train,2018-08-15 22:45:00,24.66626246215056,24.261382113235545
train,2018-08-15 22:50:00,24.63583221544258,24.268531732460776
train,2018-08-15 22:55:00,24.60428926837977,24.27470077759834
train,2018-08-15 23:00:00,24.572113918798507,24.27989638836003
train,2018-08-15 23:05:00,24.60921207902761,24.283803581093196
train,2018-08-15 23:10:00,24.68493033784839,24.287918498678877
train,2018-08-15 23:15:00,24.76705460560549,24.293060793898658
train,2018-08-15 23:20:00,24.84191564632812,24.299347833767197
train,2018-08-15 23:25:00,24.907002608172853,24.30660515935267
train,2018-08-15 23:30:00,24.96386708851947,24.31460955581909
train,2018-08-15 23:35:00,25.014354257113453,24.32317586551695
train,2018-08-15 23:40:00,25.0595750792389,24.33216208538529
train,2018-08-15 23:45:00,25.100201291991297,24.341452740846307
train,2018-08-15 23:50:00,25.13677645321663,24.350948951362902
train,2018-08-15 23:55:00,25.169610127239924,24.360565322315484
train,2018-08-16 00:00:00,25.198947737290045,24.37022470683238
train,2018-08-16 00:05:00,25.2248177004766,24.379847152779178
train,2018-08-16 00:10:00,25.24742285655299,24.389373993809553
train,2018-08-16 00:15:00,25.26688744577054,24.39874255593767
train,2018-08-16 00:20:00,25.28336854111972,24.40789410085504
train,2018-08-16 00:25:00,25.297004800202654,24.416774448956858
train,2018-08-16 00:30:00,25.30780807850139,24.425333504635194
train,2018-08-16 00:35:00,25.315807782857185,24.433522519163407
train,2018-08-16 00:40:00,25.32109914644516,24.441294456239074
train,2018-08-16 00:45:00,25.323821571614808,24.448605353766485
train,2018-08-16 00:50:00,25.32413165588008,24.455415187500208
train,2018-08-16 00:55:00,25.32218691642121,24.46168814086218
train,2018-08-16 01:00:00,25.318138630116835,24.46739252332679
train,2018-08-16 01:05:00,25.311915330823616,24.472774280054573
train,2018-08-16 01:10:00,25.30419933345638,24.477845233042288
train,2018-08-16 01:15:00,25.295496341520344,24.482571116851606
train,2018-08-16 01:20:00,25.28603566880389,24.486930934907726
train,2018-08-16 01:25:00,25.27589612411653,24.490910579264757
train,2018-08-16 01:30:00,25.26510933869744,24.494499299269123
train,2018-08-16 01:35:00,25.25370368547642,24.497688457610746
train,2018-08-16 01:40:00,25.241713398285327,24.500471260000882
train,2018-08-16 01:45:00,25.22917625640921,24.502842699840052
train,2018-08-16 01:50:00,25.21613041340301,24.504799470825922
train,2018-08-16 01:55:00,25.2026128131152,24.506339828998126
train,2018-08-16 02:00:00,25.18865876655439,24.507463437350637
train,2018-08-16 02:05:00,25.17478027145955,24.50786340865853
train,2018-08-16 02:10:00,25.16103089133346,24.507549644138056
train,2018-08-16 02:15:00,25.147339716272302,24.506554553654585
train,2018-08-16 02:20:00,25.13364871342753,24.504906802024873
train,2018-08-16 02:25:00,25.119933011766268,24.502631857483074
train,2018-08-16 02:30:00,25.10618646446759,24.4997529196687
train,2018-08-16 02:35:00,25.09240765579833,24.49629149926469
train,2018-08-16 02:40:00,25.078593394220583,24.492267672999763
train,2018-08-16 02:45:00,25.06473598065012,24.487700182113052
train,2018-08-16 02:50:00,25.0504774830832,24.48257663060772
train,2018-08-16 02:55:00,25.03591234030445,24.476936426764023
train,2018-08-16 03:00:00,25.02115109607833,24.470789779328367
train,2018-08-16 03:05:00,25.005481670724457,24.46408054620725
train,2018-08-16 03:10:00,24.9893636023722,24.456874369342586
train,2018-08-16 03:15:00,24.973098024905816,24.449176888664468
train,2018-08-16 03:20:00,24.956756110776272,24.44099951983466
train,2018-08-16 03:25:00,24.940306775063643,24.432354554349107
train,2018-08-16 03:30:00,24.923695294326755,24.423253047619987
train,2018-08-16 03:35:00,24.907233540174644,24.413732422757693
train,2018-08-16 03:40:00,24.890736690292385,24.40377948618842
train,2018-08-16 03:45:00,24.87395774367484,24.393405193187025
train,2018-08-16 03:50:00,24.85693563389131,24.382628991931846
train,2018-08-16 03:55:00,24.83961883213738,24.371442465355557
train,2018-08-16 04:00:00,24.82205079160785,24.359850188441243
train,2018-08-16 04:05:00,24.784180413858007,24.345309142388345
train,2018-08-16 04:10:00,24.734449834180204,24.329991070712374
train,2018-08-16 04:15:00,24.68208293947356,24.313677765388277
train,2018-08-16 04:20:00,24.631274282450978,24.296344290988454
train,2018-08-16 04:25:00,24.58278410573499,24.278051296782653
train,2018-08-16 04:30:00,24.53612335429514,24.2588728039942
train,2018-08-16 04:35:00,24.491596995689928,24.23893794438977
train,2018-08-16 04:40:00,24.44871694116522,24.218243812540756
train,2018-08-16 04:45:00,24.40697322714906,24.19684424077061
train,2018-08-16 04:50:00,24.36639027223389,24.1748148637023
train,2018-08-16 04:55:00,24.32661343415738,24.15216209621454
train,2018-08-16 05:00:00,24.28735477921545,24.128918366485017
train,2018-08-16 05:05:00,24.004311128898667,24.0843438542314
train,2018-08-16 05:10:00,23.847607997352974,24.060381146974738
train,2018-08-16 05:15:00,23.816894211477,24.034011560246974
train,2018-08-16 05:20:00,23.841873308361315,24.007950650082975
train,2018-08-16 05:25:00,23.876846827413143,23.98329868910754
train,2018-08-16 05:30:00,23.90585947290336,23.960208343744938
train,2018-08-16 05:35:00,23.925129467815218,23.938244252710675
train,2018-08-16 05:40:00,23.938636063540603,23.91742646768605
train,2018-08-16 05:45:00,23.94994439652644,23.89760306300466
train,2018-08-16 05:50:00,23.95896351910374,23.87857059431933
train,2018-08-16 05:55:00,23.96657050608053,23.86039111210218
train,2018-08-16 06:00:00,23.973583310039192,23.84301447694878
train,2018-08-16 06:05:00,23.977618052585687,23.826774166951743
train,2018-08-16 06:10:00,23.980386469450256,23.8118401610048
train,2018-08-16 06:15:00,23.983651396664413,23.798137210492808
train,2018-08-16 06:20:00,23.98637153400453,23.785461274257038
train,2018-08-16 06:25:00,23.989893900444105,23.773933968388146
train,2018-08-16 06:30:00,23.995621397036857,23.76353526228386
train,2018-08-16 06:35:00,23.999998123690645,23.753890493898126
train,2018-08-16 06:40:00,23.99999999869697,23.74490160042864
train,2018-08-16 06:45:00,23.999999999999112,23.736953022178742
train,2018-08-16 06:50:00,24.000000000000004,23.729698133390926
train,2018-08-16 06:55:00,24.0,23.72319309925246
train,2018-08-16 07:00:00,24.0,23.717421377814894
train,2018-08-16 07:05:00,24.0,23.712688812960376
train,2018-08-16 07:10:00,24.000000000000004,23.70897997569613
train,2018-08-16 07:15:00,24.0,23.70627214330071
train,2018-08-16 07:20:00,24.0,23.704539215374645
train,2018-08-16 07:25:00,24.000000000000004,23.703742476395806
train,2018-08-16 07:30:00,24.000000000000004,23.70385260764724
train,2018-08-16 07:35:00,24.0,23.70484352635869
train,2018-08-16 07:40:00,24.000000000000004,23.70667725745745
train,2018-08-16 07:45:00,24.000000000000004,23.70932574864078
train,2018-08-16 07:50:00,24.000000000000004,23.712745653373624
train,2018-08-16 07:55:00,24.0,23.716911494244506
train,2018-08-16 08:00:00,24.0,23.721812098797255
train,2018-08-16 08:05:00,24.0,23.727419205815178
train,2018-08-16 08:10:00,24.0,23.733716911668775
train,2018-08-16 08:15:00,24.000000000000004,23.740688372313027
train,2018-08-16 08:20:00,24.0,23.748318940508845
train,2018-08-16 08:25:00,24.0,23.756598784034516
train,2018-08-16 08:30:00,24.000000000000004,23.76552167941453
train,2018-08-16 08:35:00,24.0,23.77502658501379
train,2018-08-16 08:40:00,24.0,23.78510974145352
train,2018-08-16 08:45:00,24.0,23.795769616130766
train,2018-08-16 08:50:00,24.0,23.80698411550974
train,2018-08-16 08:55:00,24.0,23.818747520415094
train,2018-08-16 09:00:00,24.000000000000004,23.831056099148828
train,2018-08-16 09:05:00,24.000000000000004,23.843906425814023
train,2018-08-16 09:10:00,24.0,23.85728441114722
train,2018-08-16 09:15:00,24.0,23.871180267886825
train,2018-08-16 09:20:00,24.000000000000004,23.885590092902437
train,2018-08-16 09:25:00,24.0,23.90050636013118
train,2018-08-16 09:30:00,24.0,23.915924050363586
train,2018-08-16 09:35:00,24.0,23.931845020196434
train,2018-08-16 09:40:00,24.0,23.94826591423924
train,2018-08-16 09:45:00,24.0,23.96518212410575
train,2018-08-16 09:50:00,23.99992578732297,23.982582611675678
train,2018-08-16 09:55:00,23.99998991338428,24.000486025688975
train,2018-08-16 10:00:00,23.999985693795573,24.018858220071998
train,2018-08-16 10:05:00,23.999982825438515,24.037144113085578
train,2018-08-16 10:10:00,23.9999796900244,24.055365879093202
train,2018-08-16 10:15:00,23.99997680642812,24.07355264605605
train,2018-08-16 10:20:00,23.999974165425417,24.091731146724097
train,2018-08-16 10:25:00,23.99997174772385,24.109925655688553
train,2018-08-16 10:30:00,23.999969534026302,24.12815793584539
train,2018-08-16 10:35:00,23.999967475770333,24.146446060921836
train,2018-08-16 10:40:00,23.999965610686345,24.164805760827083
train,2018-08-16 10:45:00,23.99996390147207,24.183250793691975
train,2018-08-16 10:50:00,23.999962349853803,24.20179871814641
train,2018-08-16 10:55:00,23.99996092982005,24.220459177190218
train,2018-08-16 11:00:00,23.99995963434777,24.239242681536666
train,2018-08-16 11:05:00,23.999958628613022,24.257547048573212
train,2018-08-16 11:10:00,23.99995774106676,24.27540970224051
train,2018-08-16 11:15:00,23.99995695212104,24.29288034283035
train,2018-08-16 11:20:00,23.999956232123942,24.309995804670184
train,2018-08-16 11:25:00,23.999955566114963,24.326786407178112
train,2018-08-16 11:30:00,23.999954948218043,24.343278019439516
train,2018-08-16 11:35:00,23.999954338056018,24.359499267429957
train,2018-08-16 11:40:00,23.99995377916068,24.37545189890498
train,2018-08-16 11:45:00,23.99995324553352,24.39114502966004
train,2018-08-16 11:50:00,23.999952725102684,24.406591830092154
train,2018-08-16 11:55:00,23.999952274183148,24.421807621619344
train,2018-08-16 12:00:00,23.999951865224105,24.436806316387155
train,2018-08-16 12:05:00,23.99995139140228,24.4518819144732
train,2018-08-16 12:10:00,23.999950947881505,24.467015582437188
train,2018-08-16 12:15:00,23.999950559050585,24.482206861071326
train,2018-08-16 12:20:00,23.999950216320585,24.49745159683368
train,2018-08-16 12:25:00,23.999949915707,24.51274503733151
train,2018-08-16 12:30:00,23.999949653740387,24.528084516029338
train,2018-08-16 12:35:00,23.99994941932385,24.543468767239958
train,2018-08-16 12:40:00,23.99994922977836,24.558899472853692
train,2018-08-16 12:45:00,23.999949069811127,24.574372015802894
train,2018-08-16 12:50:00,23.99994892598504,24.58985904966953
train,2018-08-16 12:55:00,23.99994881290582,24.6053491198024
train,2018-08-16 13:00:00,23.999948729045208,24.620851640765906
train,2018-08-16 13:05:00,23.999948676459315,24.636382897834178
train,2018-08-16 13:10:00,23.9999486422867,24.651939398811518
train,2018-08-16 13:15:00,23.99994862791113,24.66751852736554
train,2018-08-16 13:20:00,23.99994862747517,24.683119492022897
train,2018-08-16 13:25:00,23.999948641170583,24.698742742817416
train,2018-08-16 13:30:00,23.999948666801835,24.714388796062913
train,2018-08-16 13:35:00,23.999948728745736,24.730046841915843
train,2018-08-16 13:40:00,23.99994878490384,24.745718213511267
train,2018-08-16 13:45:00,23.999948850738782,24.76140319652059
train,2018-08-16 13:50:00,23.99994894081095,24.777097107818857
train,2018-08-16 13:55:00,23.99994902651663,24.792800631277736
train,2018-08-16 14:00:00,23.999949118606747,24.808513132469223
train,2018-08-16 14:05:00,23.9999492013584,24.823688539028495
train,2018-08-16 14:10:00,23.99994928851182,24.83835889106634
train,2018-08-16 14:15:00,23.99994938421341,24.852537903979854
train,2018-08-16 14:20:00,23.999949479195266,24.86625328572181
train,2018-08-16 14:25:00,23.999949568666256,24.879529045306594
train,2018-08-16 14:30:00,23.99994966575353,24.892375604551187
train,2018-08-16 14:35:00,23.999951722760542,24.904558424172105
train,2018-08-16 14:40:00,23.99995217038221,24.916227071925846
train,2018-08-16 14:45:00,23.999952472204235,24.92747794469787
train,2018-08-16 14:50:00,23.99995412216712,24.93820734455095
train,2018-08-16 14:55:00,23.99995462463085,24.94849436760792
train,2018-08-16 15:00:00,23.9999550682689,24.958368281379787
train,2018-08-16 15:05:00,23.999958946437875,24.968669397511352
train,2018-08-16 15:10:00,24.00003192811402,24.97920723277467
train,2018-08-16 15:15:00,24.00010605065503,24.989837894831375
train,2018-08-16 15:20:00,24.00011769254826,25.000573715668484
train,2018-08-16 15:25:00,24.00011731257744,25.01136330710435
train,2018-08-16 15:30:00,24.000116535122245,25.022155804330755
train,2018-08-16 15:35:00,24.00011512602366,25.032896374134523
train,2018-08-16 15:40:00,24.000113996747103,25.043567060966854
train,2018-08-16 15:45:00,24.000112867482144,25.054171115951668
train,2018-08-16 15:50:00,24.000111405716183,25.06468879956573
train,2018-08-16 15:55:00,24.000108241526927,25.075110352721047
train,2018-08-16 16:00:00,24.000106757629776,25.085436446215297
train,2018-08-16 16:05:00,24.0001055096526,25.095097595356716
train,2018-08-16 16:10:00,24.000104179430785,25.104123359071487
train,2018-08-16 16:15:00,24.0001028240822,25.11254124464325
train,2018-08-16 16:20:00,24.00010027042152,25.120299037166166
train,2018-08-16 16:25:00,24.00009857149624,25.127471487356058
train,2018-08-16 16:30:00,24.00009705336477,25.13411392962928
train,2018-08-16 16:35:00,24.00009616997746,25.14028692439118
train,2018-08-16 16:40:00,24.00009503901188,25.146025238050022
train,2018-08-16 16:45:00,24.00009404363728,25.151363924801394
train,2018-08-16 16:50:00,24.000094135701698,25.156347428964896
train,2018-08-16 16:55:00,24.00009346226912,25.160987732874865
train,2018-08-16 17:00:00,24.00009281657937,25.165296870853187
train,2018-08-16 17:05:00,24.0000921547224,25.169014227207654
train,2018-08-16 17:10:00,24.000091901579363,25.17219739246681
train,2018-08-16 17:15:00,24.00009002827436,25.17493588715751
train,2018-08-16 17:20:00,24.00008101654704,25.17700813583328
train,2018-08-16 17:25:00,24.00008026591624,25.17859043505552
train,2018-08-16 17:30:00,24.00008035899748,25.17979933280233
train,2018-08-16 17:35:00,24.000074062669995,25.180484236991415
train,2018-08-16 17:40:00,24.00007568770273,25.180778716591128
train,2018-08-16 17:45:00,24.00007600541518,25.180770245457733
train,2018-08-16 17:50:00,24.000087468779377,25.180763577426017
train,2018-08-16 17:55:00,24.0000894760071,25.18063073709915
train,2018-08-16 18:00:00,24.00009085831877,25.180293101232305
train,2018-08-16 18:05:00,24.00008296030796,25.180667107089455
train,2018-08-16 18:10:00,24.00008484321131,25.18061626121854
train,2018-08-16 18:15:00,24.00008677866161,25.18011113720682
train,2018-08-16 18:20:00,24.00008874146677,25.1791620416375
train,2018-08-16 18:25:00,24.0000907856122,25.177793477037504
train,2018-08-16 18:30:00,24.00009297844986,25.17604351948596
train,2018-08-16 18:35:00,24.00009359561111,25.173813792996974
train,2018-08-16 18:40:00,24.00008617910692,25.171140175246272
train,2018-08-16 18:45:00,24.0000506494618,25.168058989268683
train,2018-08-16 18:50:00,24.00001099527585,25.164712721027
train,2018-08-16 18:55:00,23.999965287156755,25.161280896291355
train,2018-08-16 19:00:00,23.99995677874869,25.157528478771308
train,2018-08-16 19:05:00,23.99995327683268,25.1530931479976
train,2018-08-16 19:10:00,23.999952795302672,25.148551227924052
train,2018-08-16 19:15:00,23.99995245310971,25.14386492859515
train,2018-08-16 19:20:00,23.999952164227484,25.139026235446355
train,2018-08-16 19:25:00,23.999951923301253,25.13403195976356
train,2018-08-16 19:30:00,23.999951730575088,25.128880832483592
train,2018-08-16 19:35:00,23.999951587019904,25.12356587973998
train,2018-08-16 19:40:00,23.999951503024963,25.118089952524894
train,2018-08-16 19:45:00,23.99995147558839,25.11245521335741
train,2018-08-16 19:50:00,23.99995150663989,25.106657856956
train,2018-08-16 19:55:00,23.99995160578409,25.100697570135196
train,2018-08-16 20:00:00,23.999951768776864,25.094573165260094
train,2018-08-16 20:05:00,23.99995204996267,25.087970129128273
train,2018-08-16 20:10:00,23.999952422981185,25.080907312915237
train,2018-08-16 20:15:00,23.999952882378977,25.073400833577868
train,2018-08-16 20:20:00,23.999953425037376,25.065463323145543
train,2018-08-16 20:25:00,23.99995405254828,25.057104552529697
train,2018-08-16 20:30:00,23.999954754078583,25.048332373294723
train,2018-08-16 20:35:00,23.99995603483618,25.0392118342751
train,2018-08-16 20:40:00,23.999957058561296,25.029719427577582
train,2018-08-16 20:45:00,23.9999581547431,25.019840701391452
train,2018-08-16 20:50:00,23.999959723461263,25.009604297539575
train,2018-08-16 20:55:00,23.999961109816454,24.998997235134613
train,2018-08-16 21:00:00,23.99996258253536,24.988011842380587
train,2018-08-16 21:05:00,24.2196193410175,24.999181863994345
train,2018-08-16 21:10:00,24.549356748297186,25.01320159375168
train,2018-08-16 21:15:00,24.88140710092448,25.032349282672815
train,2018-08-16 21:20:00,25.17238189224344,25.056566519478856
train,2018-08-16 21:25:00,25.41919637417294,25.084892351703946
train,2018-08-16 21:30:00,25.631316438857656,25.116334894923188
train,2018-08-16 21:35:00,25.814777134039566,25.14987971516651
train,2018-08-16 21:40:00,25.97639569165655,25.18516682073892
train,2018-08-16 21:45:00,25.99986157519212,25.209813836968898
train,2018-08-16 21:50:00,25.99999956561588,25.239234732624734
train,2018-08-16 21:55:00,25.999999998433253,25.265956563310603
train,2018-08-16 22:00:00,25.99999999999409,25.290715365346976
train,2018-08-16 22:05:00,25.99999999999998,25.313369462539466
train,2018-08-16 22:10:00,26.0,25.334041841788586
train,2018-08-16 22:15:00,26.000000000000004,25.352838434516645
train,2018-08-16 22:20:00,26.0,25.36985749095828
train,2018-08-16 22:25:00,26.0,25.38521217433553
train,2018-08-16 22:30:00,26.0,25.3990001888071
train,2018-08-16 22:35:00,26.000000000000004,25.411316715858447
train,2018-08-16 22:40:00,26.0,25.42221711830729
train,2018-08-16 22:45:00,26.0,25.43175609481626
train,2018-08-16 22:50:00,26.000000000000004,25.440001983889132
train,2018-08-16 22:55:00,26.000000000000004,25.447003091951853
train,2018-08-16 23:00:00,26.0,25.45280673176106
train,2018-08-16 23:05:00,25.95629113088387,25.462648824049175
train,2018-08-16 23:10:00,25.89114940058253,25.47038549323487
train,2018-08-16 23:15:00,25.82681226086124,25.475608035675037
train,2018-08-16 23:20:00,25.77241787362467,25.478400146274538
train,2018-08-16 23:25:00,25.72859441692632,25.479041953995377
train,2018-08-16 23:30:00,25.693130152295883,25.47782060794884
train,2018-08-16 23:35:00,25.66379107144304,25.47496840895165
train,2018-08-16 23:40:00,25.639021599400408,25.47066358026417
train,2018-08-16 23:45:00,25.61781779704843,25.465046241860097
train,2018-08-16 23:50:00,25.599481304232068,25.45823126036655
train,2018-08-16 23:55:00,25.583466191211503,25.450315458433444
train,2018-08-17 00:00:00,25.569314271922195,25.441381334526966
train,2018-08-17 00:05:00,25.554208943963825,25.431489060117723
train,2018-08-17 00:10:00,25.53670598624014,25.420656619590524
train,2018-08-17 00:15:00,25.51658977048801,25.408859967466384
train,2018-08-17 00:20:00,25.49415473120679,25.396070939356665
train,2018-08-17 00:25:00,25.469764166199933,25.382268416845665
train,2018-08-17 00:30:00,25.44370593827385,25.3674396462856
train,2018-08-17 00:35:00,25.41618844508053,25.351578395765525
train,2018-08-17 00:40:00,25.38736951653947,25.334683069647408
train,2018-08-17 00:45:00,25.3573785863692,25.316755494999267
train,2018-08-17 00:50:00,25.32632742883684,25.297800217362052
train,2018-08-17 00:55:00,25.29431437904728,25.27782404564642
train,2018-08-17 01:00:00,25.261426281572376,25.256835699120312
train,2018-08-17 01:05:00,25.228129584701207,25.235113435159924
train,2018-08-17 01:10:00,25.1953490747226,25.212722755075237
train,2018-08-17 01:15:00,25.163522065559853,25.189685194452693
train,2018-08-17 01:20:00,25.13267506546588,25.166032288176535
train,2018-08-17 01:25:00,25.10267848581204,25.141796305352194
train,2018-08-17 01:30:00,25.073420387424743,25.11700675427163
train,2018-08-17 01:35:00,25.04474337971838,25.091690735999382
train,2018-08-17 01:40:00,25.016505865436148,25.06587195095971
train,2018-08-17 01:45:00,24.988614516414533,25.039571059139163
train,2018-08-17 01:50:00,24.96092623720951,25.01280673246798
train,2018-08-17 01:55:00,24.93329402472408,24.985594588987848
train,2018-08-17 02:00:00,24.90560557101441,24.957947146971662
train,2018-08-17 02:05:00,24.87688874681048,24.92956620363984
train,2018-08-17 02:10:00,24.846379331785386,24.90043733567943
train,2018-08-17 02:15:00,24.81387788085309,24.870553040245042
train,2018-08-17 02:20:00,24.77950986873711,24.839900801378324
train,2018-08-17 02:25:00,24.74349308325014,24.808470231175885
train,2018-08-17 02:30:00,24.70603143913381,24.776255038236567
train,2018-08-17 02:35:00,24.66729145022953,24.74325267587207
train,2018-08-17 02:40:00,24.62740854239228,24.709463498418746
train,2018-08-17 02:45:00,24.58649679900793,24.67489007393171
train,2018-08-17 02:50:00,24.54465505274317,24.63953672083771
train,2018-08-17 02:55:00,24.50196984214411,24.603409183945615
train,2018-08-17 03:00:00,24.458516950004103,24.566514379051828
train,2018-08-17 03:05:00,24.41460581581641,24.529470414526283
train,2018-08-17 03:10:00,24.371000081612184,24.49230735569205
train,2018-08-17 03:15:00,24.32810011127519,24.455017643943027
train,2018-08-17 03:20:00,24.28595968951225,24.41760477125613
train,2018-08-17 03:25:00,24.2444941340976,24.380075351171012
train,2018-08-17 03:30:00,24.203598105799337,24.34243587206076
train,2018-08-17 03:35:00,24.16319049317492,24.304692072357096
train,2018-08-17 03:40:00,24.123214298155176,24.266849307501797
train,2018-08-17 03:45:00,24.083612569705625,24.228912921403893
train,2018-08-17 03:50:00,24.04433649741526,24.190888112716923
train,2018-08-17 03:55:00,24.005346010016986,24.152779990063518
train,2018-08-17 04:00:00,23.96660890571817,24.114593650034248
train,2018-08-17 04:05:00,23.89885895454682,24.071545939850363
train,2018-08-17 04:10:00,23.81533034621859,24.02757949575782
train,2018-08-17 04:15:00,23.73017974519728,23.982403753150507
train,2018-08-17 04:20:00,23.649878419743125,23.936029048529683
train,2018-08-17 04:25:00,23.575505665106977,23.888598464328012
train,2018-08-17 04:30:00,23.506240574508617,23.840272817609005
train,2018-08-17 04:35:00,23.46019104501774,23.792949801210984
train,2018-08-17 04:40:00,23.429109476095444,23.745349003629734
train,2018-08-17 04:45:00,23.403134518368464,23.697795096632905
train,2018-08-17 04:50:00,23.38692065795121,23.65127832650106
train,2018-08-17 04:55:00,23.37531887312831,23.605104897665566
train,2018-08-17 05:00:00,23.36369747681306,23.5593647076027
train,2018-08-17 05:05:00,23.386185357427514,23.51903544046643
train,2018-08-17 05:10:00,23.42654353775503,23.480099263576022
train,2018-08-17 05:15:00,23.467906936592072,23.44288351829544
train,2018-08-17 05:20:00,23.503023446962327,23.40734985432439
train,2018-08-17 05:25:00,23.53108158915989,23.373309468139002
train,2018-08-17 05:30:00,23.553196021655324,23.34056401774962
train,2018-08-17 05:35:00,23.57185762797855,23.30903434638487
train,2018-08-17 05:40:00,23.587899368133417,23.278524349926137
train,2018-08-17 05:45:00,23.60159699391377,23.248949146589688
train,2018-08-17 05:50:00,23.613643908332595,23.220276906875863
train,2018-08-17 05:55:00,23.62411010799235,23.192404998583935
train,2018-08-17 06:00:00,23.63304374558031,23.165279371355567
train,2018-08-17 06:05:00,23.643442582835167,23.139697461154622
train,2018-08-17 06:10:00,23.65525623213531,23.115449026086868
train,2018-08-17 06:15:00,23.667826594800022,23.092508660348127
train,2018-08-17 06:20:00,23.65739168907192,23.068642411187163
train,2018-08-17 06:25:00,23.633142061475173,23.04556465791939
train,2018-08-17 06:30:00,23.60634670458814,23.022953332410538
train,2018-08-17 06:35:00,23.57732104821012,23.00024401103591
train,2018-08-17 06:40:00,23.54956849779568,22.97787816064973
train,2018-08-17 06:45:00,23.52536658934097,22.955871487873026
train,2018-08-17 06:50:00,23.50407361815332,22.934123135688736
train,2018-08-17 06:55:00,23.486310663894592,22.91285335349512
train,2018-08-17 07:00:00,23.472631386630766,22.892125725198994
train,2018-08-17 07:05:00,23.463149792597296,22.87203167056655
train,2018-08-17 07:10:00,23.457349385909307,22.852629736734585
train,2018-08-17 07:15:00,23.454838850919725,22.833983389135525
train,2018-08-17 07:20:00,23.45126517314729,22.8157653200637
train,2018-08-17 07:25:00,23.448061704155645,22.79832629981041
train,2018-08-17 07:30:00,23.447035332790577,22.78165927962439
train,2018-08-17 07:35:00,23.45109625659002,22.766001857239317
train,2018-08-17 07:40:00,23.459337862702977,22.751236765691804
train,2018-08-17 07:45:00,23.47044299646408,22.73743560244694
train,2018-08-17 07:50:00,23.48613151211519,22.724837360991117
train,2018-08-17 07:55:00,23.505054734345865,22.71331841547067
train,2018-08-17 08:00:00,23.52563766089402,22.702925968375546
train,2018-08-17 08:05:00,23.54894063460326,22.69373272107137
train,2018-08-17 08:10:00,23.575283032074047,22.685712445378226
train,2018-08-17 08:15:00,23.6046390619302,22.67890634798069
train,2018-08-17 08:20:00,23.63686645478889,22.673354159798347
train,2018-08-17 08:25:00,23.67180641410257,22.669091670359503
train,2018-08-17 08:30:00,23.70930826333484,22.666150461513194
train,2018-08-17 08:35:00,23.74928950755665,22.664570335444484
train,2018-08-17 08:40:00,23.791475598245984,22.664363611141525
train,2018-08-17 08:45:00,23.83561153692135,22.665548731628437
train,2018-08-17 08:50:00,23.881672828663167,22.66814499302688
train,2018-08-17 08:55:00,23.929705014045883,22.672157225614633
train,2018-08-17 09:00:00,23.97956680148563,22.677597832327393
train,2018-08-17 09:05:00,23.99997067479784,22.681488599332173
train,2018-08-17 09:10:00,23.9999999526057,22.68596794767612
train,2018-08-17 09:15:00,23.99999999993339,22.691403852209017
train,2018-08-17 09:20:00,23.999999999999886,22.69668824764675
train,2018-08-17 09:25:00,24.0,22.70220783001158
train,2018-08-17 09:30:00,24.0,22.707966676647043
train,2018-08-17 09:35:00,24.0,22.713965363078692
train,2018-08-17 09:40:00,24.000000000000004,22.720225107692993
train,2018-08-17 09:45:00,24.0,22.726757769169293
train,2018-08-17 09:50:00,24.0,22.733566161330586
train,2018-08-17 09:55:00,24.0,22.740642575152798
train,2018-08-17 10:00:00,24.0,22.748007890981302
train,2018-08-17 10:05:00,24.000000000000004,22.75583424436075
train,2018-08-17 10:10:00,24.0,22.764123127524037
train,2018-08-17 10:15:00,24.000000000000004,22.772867129742792
train,2018-08-17 10:20:00,24.0,22.78206116042291
train,2018-08-17 10:25:00,24.0,22.791704329974383
train,2018-08-17 10:30:00,24.0,22.80179387777503
train,2018-08-17 10:35:00,24.0,22.81215834003267
train,2018-08-17 10:40:00,24.0,22.822892766535638
train,2018-08-17 10:45:00,24.0,22.834063044363237
train,2018-08-17 10:50:00,24.000000000000004,22.845588689856836
train,2018-08-17 10:55:00,24.0,22.857329784376333
train,2018-08-17 11:00:00,24.0,22.86935427866199
train,2018-08-17 11:05:00,24.000000000000004,22.881481358978405
train,2018-08-17 11:10:00,24.0,22.893724206798613
train,2018-08-17 11:15:00,24.0,22.90609108468186
train,2018-08-17 11:20:00,24.0,22.918823310623
train,2018-08-17 11:25:00,24.0,22.931781967489467
train,2018-08-17 11:30:00,24.000000000000004,22.944881236521677
train,2018-08-17 11:35:00,24.0,22.958310979073158
train,2018-08-17 11:40:00,24.000000000000004,22.97200812857265
train,2018-08-17 11:45:00,24.0,22.985934500878955
train,2018-08-17 11:50:00,24.0,23.00007700105305
train,2018-08-17 11:55:00,24.000000000000007,23.01442980089042
train,2018-08-17 12:00:00,24.0,23.028988818916893
train,2018-08-17 12:05:00,24.0,23.043414501458145
train,2018-08-17 12:10:00,24.0,23.057725246027157
train,2018-08-17 12:15:00,24.000000000000004,23.071937880943036
train,2018-08-17 12:20:00,24.000000000000007,23.086058160101707
train,2018-08-17 12:25:00,24.0,23.100106179192625
train,2018-08-17 12:30:00,24.000000000000004,23.11409726904485
train,2018-08-17 12:35:00,24.000000000000004,23.128041892819002
train,2018-08-17 12:40:00,24.0,23.141952067818703
train,2018-08-17 12:45:00,24.0,23.155833374196067
train,2018-08-17 12:50:00,24.0,23.16968239986362
train,2018-08-17 12:55:00,24.0,23.183505623674836
train,2018-08-17 13:00:00,24.0,23.19731123264172
train,2018-08-17 13:05:00,24.0,23.212071829141976
train,2018-08-17 13:10:00,24.000000000000004,23.22775288223434
train,2018-08-17 13:15:00,24.0,23.24431058850506
train,2018-08-17 13:20:00,24.00000408109046,23.26169527434336
train,2018-08-17 13:25:00,24.000010969846816,23.279877934729516
train,2018-08-17 13:30:00,24.00001743051632,23.298826070795386
train,2018-08-17 13:35:00,24.000025309728805,23.318492727084188
train,2018-08-17 13:40:00,24.000031131178275,23.338853905772005
train,2018-08-17 13:45:00,24.000036589436505,23.35988127568341
train,2018-08-17 13:50:00,24.000042670272684,23.38153213650009
train,2018-08-17 13:55:00,24.000047636937907,23.40379246096288
train,2018-08-17 14:00:00,24.00005241057906,23.426633457936358
train,2018-08-17 14:05:00,24.00005550576892,23.448996607387613
train,2018-08-17 14:10:00,24.00005854301732,23.470928776957457
train,2018-08-17 14:15:00,24.0000614293863,23.492470931986805
train,2018-08-17 14:20:00,24.0000642687809,23.51365318187014
train,2018-08-17 14:25:00,24.000067093878204,23.534500201025313
train,2018-08-17 14:30:00,24.000069914601585,23.555032936391672
train,2018-08-17 14:35:00,24.00007456195709,23.575263725892217
train,2018-08-17 14:40:00,24.00007730435652,23.59522042689674
train,2018-08-17 14:45:00,24.000079882913493,23.614928064152007
train,2018-08-17 14:50:00,24.000083408668583,23.634376658653252
train,2018-08-17 14:55:00,24.000086061211093,23.65358397608092
train,2018-08-17 15:00:00,24.000088663262808,23.672558854856277
train,2018-08-17 15:05:00,24.000090884476947,23.690967753347913
train,2018-08-17 15:10:00,24.000093002063323,23.70883949405774
train,2018-08-17 15:15:00,24.00009506623533,23.72620203945645
train,2018-08-17 15:20:00,24.00009707347272,23.743080091493724
train,2018-08-17 15:25:00,24.00009899805092,23.75949878126819
train,2018-08-17 15:30:00,24.000100859780247,23.775477337085807
train,2018-08-17 15:35:00,24.00010375364868,23.791025720381167
train,2018-08-17 15:40:00,24.000105211211324,23.806206948363673
train,2018-08-17 15:45:00,24.00010630361203,23.821087026453426
train,2018-08-17 15:50:00,24.000107868198764,23.83565562679912
train,2018-08-17 15:55:00,24.00010887803677,23.849934205968406
train,2018-08-17 16:00:00,24.000109823770167,23.86393283283744
train,2018-08-17 16:05:00,24.00010873347149,23.876111251494365
train,2018-08-17 16:10:00,24.00010768407659,23.886573812744
train,2018-08-17 16:15:00,24.00010667407371,23.895407472707134
train,2018-08-17 16:20:00,24.000105611312435,23.902710438402462
train,2018-08-17 16:25:00,24.00010418374645,23.90863748294512
train,2018-08-17 16:30:00,24.00010275972248,23.913247133960407
train,2018-08-17 16:35:00,24.000103220621423,23.91652375535111
train,2018-08-17 16:40:00,24.00010248702713,23.918564304125816
train,2018-08-17 16:45:00,24.000101138299776,23.91945762111835
train,2018-08-17 16:50:00,24.000100566010968,23.919241529165124
train,2018-08-17 16:55:00,24.00009878443748,23.918045607798895
train,2018-08-17 17:00:00,24.000096905025504,23.91590484269249
train,2018-08-17 17:05:00,24.00009637146032,23.914221687112168
train,2018-08-17 17:10:00,24.000095508342543,23.91294457342708
train,2018-08-17 17:15:00,24.00009438516772,23.912048556477714
train,2018-08-17 17:20:00,24.000093055803568,23.911500455837505
train,2018-08-17 17:25:00,24.000091360461383,23.911291164119756
train,2018-08-17 17:30:00,24.00008954388861,23.91137211050781
train,2018-08-17 17:35:00,24.00009133287674,23.911578727915284
train,2018-08-17 17:40:00,24.00007361869034,23.911912063417116
train,2018-08-17 17:45:00,24.00007239838345,23.91236878556089
train,2018-08-17 17:50:00,24.00008959830926,23.912902279595283
train,2018-08-17 17:55:00,24.000088343225247,23.91351644376266
train,2018-08-17 18:00:00,24.00008661036886,23.914212021913535
train,2018-08-17 18:05:00,24.000098583794635,23.914064371612852
train,2018-08-17 18:10:00,24.00009750315026,23.913197635488856
train,2018-08-17 18:15:00,24.00009567301724,23.911736618912936
train,2018-08-17 18:20:00,24.00009804750981,23.90959601448005
train,2018-08-17 18:25:00,24.00009719999856,23.907056169056247
train,2018-08-17 18:30:00,24.00009426460782,23.90417106991486
train,2018-08-17 18:35:00,24.00009376239765,23.900856177395926
train,2018-08-17 18:40:00,24.000090813050587,23.89715792519018
train,2018-08-17 18:45:00,24.000089825720128,23.893110383425288
train,2018-08-17 18:50:00,24.000087579265216,23.888687997328557
train,2018-08-17 18:55:00,24.00008508638587,23.88373414626428
train,2018-08-17 19:00:00,24.00008225006399,23.878276911792057
train,2018-08-17 19:05:00,24.00008488016428,23.872846699337206
train,2018-08-17 19:10:00,24.00003964265668,23.86730700076193
train,2018-08-17 19:15:00,23.99996937626804,23.861646329367037
train,2018-08-17 19:20:00,23.99999971031872,23.856326190288154
train,2018-08-17 19:25:00,23.99999999692453,23.851043119026084
train,2018-08-17 19:30:00,24.00000000052497,23.8456453492296
train,2018-08-17 19:35:00,24.00000000000401,23.840346484201675
train,2018-08-17 19:40:00,24.000000000000025,23.834981595158816
train,2018-08-17 19:45:00,24.000000000000004,23.829444872096367
train,2018-08-17 19:50:00,24.000000000000004,23.823774215094996
train,2018-08-17 19:55:00,24.0,23.817921296919266
train,2018-08-17 20:00:00,24.000000000000004,23.811849301554144
train,2018-08-17 20:05:00,24.0,23.805902210332512
train,2018-08-17 20:10:00,24.0,23.800064534909357
train,2018-08-17 20:15:00,24.000000000000004,23.794309200053956
train,2018-08-17 20:20:00,24.0,23.788612215773163
train,2018-08-17 20:25:00,24.0,23.782952461031083
train,2018-08-17 20:30:00,24.0,23.777311390078857
train,2018-08-17 20:35:00,24.0,23.77172128443836
train,2018-08-17 20:40:00,24.0,23.766140479685447
train,2018-08-17 20:45:00,24.000000000000004,23.760538809523318
train,2018-08-17 20:50:00,24.0,23.754925124387974
train,2018-08-17 20:55:00,24.0,23.74927595871527
train,2018-08-17 21:00:00,24.0,23.743574546912466
train,2018-08-17 21:05:00,24.07965389000569,23.746700612536255
train,2018-08-17 21:10:00,24.198952618419863,23.750864493509756
train,2018-08-17 21:15:00,24.31812330238389,23.756918125299606
train,2018-08-17 21:20:00,24.41634160584172,23.764438142393914
train,2018-08-17 21:25:00,24.493911932545103,23.773342822756486
train,2018-08-17 21:30:00,24.556500483324083,23.78317244035047
train,2018-08-17 21:35:00,24.606504642294063,23.793410508353787
train,2018-08-17 21:40:00,24.6473832175296,23.803991646565464
train,2018-08-17 21:45:00,24.681623334338017,23.814733254288672
train,2018-08-17 21:50:00,24.710687819137576,23.82551028090993
train,2018-08-17 21:55:00,24.735478843345568,23.836231443893155
train,2018-08-17 22:00:00,24.756707210562844,23.846826181162633
train,2018-08-17 22:05:00,24.7734731800326,23.8565276294696
train,2018-08-17 22:10:00,24.785484708018995,23.865316238200396
train,2018-08-17 22:15:00,24.79275252738158,23.873158720682838
train,2018-08-17 22:20:00,24.795520666113653,23.88001846490538
train,2018-08-17 22:25:00,24.79411039472092,23.885860932064457
train,2018-08-17 22:30:00,24.78881789536473,23.890655543448567
train,2018-08-17 22:35:00,24.77996933583507,23.894379338541768
train,2018-08-17 22:40:00,24.76781885770963,23.897005612292222
train,2018-08-17 22:45:00,24.752603041464337,23.898514830006516
train,2018-08-17 22:50:00,24.734572516133102,23.898892161877416
train,2018-08-17 22:55:00,24.713939789881312,23.898122304859562
train,2018-08-17 23:00:00,24.69090121315836,23.896194541549473
train,2018-08-17 23:05:00,24.696397035655217,23.893462034463163
train,2018-08-17 23:10:00,24.71817879471288,23.890540838850097
train,2018-08-17 23:15:00,24.74262553161567,23.88778145936141
train,2018-08-17 23:20:00,24.76345463392538,23.885232558271372
train,2018-08-17 23:25:00,24.77939441127484,23.882806798132485
train,2018-08-17 23:30:00,24.79100902697042,23.88039228727155
train,2018-08-17 23:35:00,24.79908813997388,23.877892727606763
train,2018-08-17 23:40:00,24.804255835585263,23.87523181049905
train,2018-08-17 23:45:00,24.80671234995284,23.8723490699104
train,2018-08-17 23:50:00,24.806579141324622,23.869190284143595
train,2018-08-17 23:55:00,24.80398977077431,23.865705576760853
train,2018-08-18 00:00:00,24.79911763680494,23.861849530335686
train,2018-08-18 00:05:00,24.79252376572212,23.858264229812367
train,2018-08-18 00:10:00,24.784679925883903,23.85488672463669
train,2018-08-18 00:15:00,24.77581059089581,23.85165363689622
train,2018-08-18 00:20:00,24.76599935328508,23.848512193347837
train,2018-08-18 00:25:00,24.75528625810229,23.845416547053176
train,2018-08-18 00:30:00,24.74371072652636,23.84232631138257
train,2018-08-18 00:35:00,24.731320841891684,23.839206076902318
train,2018-08-18 00:40:00,24.71817093307473,23.8360251610129
train,2018-08-18 00:45:00,24.704318068379013,23.832757333259806
train,2018-08-18 00:50:00,24.689820026972058,23.829380494328767
train,2018-08-18 00:55:00,24.67473439860736,23.825876341771576
train,2018-08-18 01:00:00,24.65911811746699,23.82223004640149
train,2018-08-18 01:05:00,24.64116528431899,23.817056529309994
train,2018-08-18 01:10:00,24.6204576189938,23.810456406498066
train,2018-08-18 01:15:00,24.597204949161664,23.802454026563726
train,2018-08-18 01:20:00,24.571711532979744,23.793072157628572
train,2018-08-18 01:25:00,24.544212043315685,23.782334646998738
train,2018-08-18 01:30:00,24.51486869750716,23.770265424265776
train,2018-08-18 01:35:00,24.48380134013624,23.7568874065716
train,2018-08-18 01:40:00,24.45110775476291,23.74222202115105
train,2018-08-18 01:45:00,24.416871348610464,23.72628912762276
train,2018-08-18 01:50:00,24.381162663720623,23.709107066659236
train,2018-08-18 01:55:00,24.34403946155584,23.690692705595836
train,2018-08-18 02:00:00,24.3055471659607,23.671061455171266
train,2018-08-18 02:05:00,24.267124123539805,23.651214803554335
train,2018-08-18 02:10:00,24.229372151181103,23.631109597502352
train,2018-08-18 02:15:00,24.19234442105636,23.61074159346874
train,2018-08-18 02:20:00,24.155965824690448,23.59011080507584
train,2018-08-18 02:25:00,24.12020485780264,23.56921835502829
train,2018-08-18 02:30:00,24.0848716746432,23.548067105615555
train,2018-08-18 02:35:00,24.049813013680176,23.52665798382918
train,2018-08-18 02:40:00,24.014937642272432,23.50499059681108
train,2018-08-18 02:45:00,23.980192528825235,23.483064392114926
train,2018-08-18 02:50:00,23.94554214467237,23.46087929388473
train,2018-08-18 02:55:00,23.91095918170071,23.438435896195507
train,2018-08-18 03:00:00,23.876422026957087,23.415735468907194
train,2018-08-18 03:05:00,23.84117115512372,23.392729542297342
train,2018-08-18 03:10:00,23.805342698087244,23.369456463016924
train,2018-08-18 03:15:00,23.76918418599179,23.345907175117834
train,2018-08-18 03:20:00,23.73283102534109,23.322078958062395
train,2018-08-18 03:25:00,23.69632412346247,23.29797276396546
train,2018-08-18 03:30:00,23.65966512188383,23.27359102299783
train,2018-08-18 03:35:00,23.622849185434657,23.24893669563369
train,2018-08-18 03:40:00,23.58587566735014,23.22401305536574
train,2018-08-18 03:45:00,23.548748606613376,23.198823709900005
train,2018-08-18 03:50:00,23.51147924886613,23.17337263783309
train,2018-08-18 03:55:00,23.474069749189656,23.147664282437116
train,2018-08-18 04:00:00,23.436532962903744,23.121703303728136
train,2018-08-18 04:05:00,23.375360694437905,23.092458973197665
train,2018-08-18 04:10:00,23.30194746650305,23.06289461295705
train,2018-08-18 04:15:00,23.22789666118285,23.032760797614472
train,2018-08-18 04:20:00,23.158233331426302,23.00205688848065
train,2018-08-18 04:25:00,23.093698019192853,22.97088736323387
train,2018-08-18 04:30:00,23.03354623036339,22.93936988057355
train,2018-08-18 04:35:00,22.97694494115796,22.90760403729972
train,2018-08-18 04:40:00,22.923392871217857,22.875669969759894
train,2018-08-18 04:45:00,22.872590211154368,22.843635700663967
train,2018-08-18 04:50:00,22.824366147088856,22.811561583734505
train,2018-08-18 04:55:00,22.77857721670368,22.779503127169967
train,2018-08-18 05:00:00,22.73507928567664,22.747511640900473
train,2018-08-18 05:05:00,22.71556653315656,22.718984030970507
train,2018-08-18 05:10:00,22.7109257262947,22.691564420933922
train,2018-08-18 05:15:00,22.71123205839268,22.66551577033483
train,2018-08-18 05:20:00,22.711803530598097,22.640888225894976
train,2018-08-18 05:25:00,22.71135920270322,22.617635300310464
train,2018-08-18 05:30:00,22.709977804124524,22.595687507380823
train,2018-08-18 05:35:00,22.70805574476009,22.574981866680886
train,2018-08-18 05:40:00,22.70588916024756,22.555468050334706
train,2018-08-18 05:45:00,22.703640001708724,22.53710527199393
train,2018-08-18 05:50:00,22.701400634732163,22.51985894443763
train,2018-08-18 05:55:00,22.69924271047763,22.50369883883804
train,2018-08-18 06:00:00,22.69723680313328,22.488598397460045
train,2018-08-18 06:05:00,22.696326213182,22.47490600943703
train,2018-08-18 06:10:00,22.69640783336668,22.462542452725767
train,2018-08-18 06:15:00,22.697240620261063,22.451488493222918
train,2018-08-18 06:20:00,22.70011310667274,22.44182622276289
train,2018-08-18 06:25:00,22.7045483206286,22.433457485518286
train,2018-08-18 06:30:00,22.70993697103372,22.42638133810517
train,2018-08-18 06:35:00,22.71928223163642,22.42081914235774
train,2018-08-18 06:40:00,22.731639031556004,22.416586859426324
train,2018-08-18 06:45:00,22.74567204269032,22.413717697286888
train,2018-08-18 06:50:00,22.76185399169902,22.41230710321757
train,2018-08-18 06:55:00,22.77961639862615,22.41227946668814
train,2018-08-18 07:00:00,22.79845988435341,22.41363932017164
train,2018-08-18 07:05:00,22.81400284450642,22.41603119772948
train,2018-08-18 07:10:00,22.827855899616186,22.419714265859724
train,2018-08-18 07:15:00,22.84205587986837,22.424628405246015
train,2018-08-18 07:20:00,22.8555297255528,22.430575093105606
train,2018-08-18 07:25:00,22.86955377845658,22.437703351565936
train,2018-08-18 07:30:00,22.885587245986567,22.44600399658731
train,2018-08-18 07:35:00,22.90447222536046,22.45552202406315
train,2018-08-18 07:40:00,22.92624115652319,22.46627406289185
train,2018-08-18 07:45:00,22.950842754797204,22.478299708987944
train,2018-08-18 07:50:00,22.97353718456651,22.49125218754356
train,2018-08-18 07:55:00,22.99597825041898,22.505457795973705
train,2018-08-18 08:00:00,23.02028820138869,22.520889063043658
train,2018-08-18 08:05:00,23.045199675108243,22.536465360953457
train,2018-08-18 08:10:00,23.0712184969331,22.55237369113188
train,2018-08-18 08:15:00,23.09895355821733,22.568662302780094
train,2018-08-18 08:20:00,23.1287037386736,22.585387773630238
train,2018-08-18 08:25:00,23.16053633365956,22.602608464150418
train,2018-08-18 08:30:00,23.19442011063982,22.620379773425316
train,2018-08-18 08:35:00,23.23267812508903,22.63894022651149
train,2018-08-18 08:40:00,23.274798732234554,22.65819719667345
train,2018-08-18 08:45:00,23.31967278599016,22.678232384576532
train,2018-08-18 08:50:00,23.367798202217017,22.699196030709672
train,2018-08-18 08:55:00,23.418444023562262,22.721050907608976
train,2018-08-18 09:00:00,23.470944122970486,22.743838843896018
train,2018-08-18 09:05:00,23.525335643671184,22.768542607229737
train,2018-08-18 09:10:00,23.58194253599073,22.795156383506264
train,2018-08-18 09:15:00,23.640871193065248,22.823663033965786
train,2018-08-18 09:20:00,23.70227268700492,22.854050629153104
train,2018-08-18 09:25:00,23.76614426636238,22.886313078645237
train,2018-08-18 09:30:00,23.83244452701277,22.9204464987733
train,2018-08-18 09:35:00,23.90116630708804,22.956457186775673
train,2018-08-18 09:40:00,23.97216115094306,22.994334832778115
train,2018-08-18 09:45:00,23.99993471838882,23.029800643648148
train,2018-08-18 09:50:00,23.99999977407871,23.06592249267872
train,2018-08-18 09:55:00,23.99999999926208,23.103012331098356
train,2018-08-18 10:00:00,23.99999999999721,23.139737480814063
train,2018-08-18 10:05:00,23.99999999999999,23.1759680782927
train,2018-08-18 10:10:00,24.0,23.21172178255279
train,2018-08-18 10:15:00,24.0,23.246975134119822
train,2018-08-18 10:20:00,24.000000000000004,23.28188411157583
train,2018-08-18 10:25:00,24.0,23.31638606508265
train,2018-08-18 10:30:00,24.0,23.35044348264748
train,2018-08-18 10:35:00,24.000000000000004,23.384113048442146
train,2018-08-18 10:40:00,24.000000000000004,23.417389995073446
train,2018-08-18 10:45:00,24.0,23.450275631794288
train,2018-08-18 10:50:00,24.0,23.4827708674765
train,2018-08-18 10:55:00,24.0,23.514885970314783
train,2018-08-18 11:00:00,24.0,23.54664861184554
train,2018-08-18 11:05:00,24.0,23.577793230582724
train,2018-08-18 11:10:00,24.0,23.608344545023723
train,2018-08-18 11:15:00,24.0,23.63833887945931
train,2018-08-18 11:20:00,24.0,23.667807276423147
train,2018-08-18 11:25:00,24.0,23.696778880406168
train,2018-08-18 11:30:00,24.0,23.72527738824306
train,2018-08-18 11:35:00,24.0,23.753266389685862
train,2018-08-18 11:40:00,24.0,23.780808030837854
train,2018-08-18 11:45:00,24.000000000000004,23.80794318004346
train,2018-08-18 11:50:00,24.0,23.834686517771445
train,2018-08-18 11:55:00,24.0,23.86106502949275
train,2018-08-18 12:00:00,24.0,23.887080067634155
train,2018-08-18 12:05:00,24.0,23.91214337436781
train,2018-08-18 12:10:00,24.00000342424824,23.936306532443304
train,2018-08-18 12:15:00,24.000010358648588,23.95961117297595
train,2018-08-18 12:20:00,24.000016878230664,23.98210299683272
train,2018-08-18 12:25:00,24.00002296909549,24.00382413406321
train,2018-08-18 12:30:00,24.0000286756203,24.024812043114462
train,2018-08-18 12:35:00,24.00003465722981,24.045099653507023
train,2018-08-18 12:40:00,24.000040082770287,24.06469905185771
train,2018-08-18 12:45:00,24.00004493993414,24.083651775691752
train,2018-08-18 12:50:00,24.000049787079924,24.101980769270767
train,2018-08-18 12:55:00,24.00005380914744,24.11972830363963
train,2018-08-18 13:00:00,24.000057484765247,24.13692093188946
train,2018-08-18 13:05:00,24.00006298484297,24.154528689547124
train,2018-08-18 13:10:00,24.00006825125968,24.17250629483526
train,2018-08-18 13:15:00,24.00006526909449,24.190813151760743
train,2018-08-18 13:20:00,24.000077383589183,24.209417734040716
train,2018-08-18 13:25:00,24.00008164696607,24.228286281341994
train,2018-08-18 13:30:00,24.00008548621689,24.247394473794003
train,2018-08-18 13:35:00,24.00008955557023,24.26670427440318
train,2018-08-18 13:40:00,24.000092953468123,24.28620412771831
train,2018-08-18 13:45:00,24.00009617458896,24.305870685318332
train,2018-08-18 13:50:00,24.000104331359285,24.325610964264197
train,2018-08-18 13:55:00,24.000107257380776,24.345456535394785
train,2018-08-18 14:00:00,24.000109671140944,24.365434348851313
train,2018-08-18 14:05:00,24.000112880039392,24.38487273800431
train,2018-08-18 14:10:00,24.00011439548222,24.40380753265827
train,2018-08-18 14:15:00,24.00011566887303,24.42229160861735
train,2018-08-18 14:20:00,24.00011682620433,24.44035386107535
train,2018-08-18 14:25:00,24.000117954754664,24.45800203313392
train,2018-08-18 14:30:00,24.0001189838862,24.47525899824935
train,2018-08-18 14:35:00,24.00012011272093,24.492151201516858
train,2018-08-18 14:40:00,24.00012090788018,24.508702070343862
train,2018-08-18 14:45:00,24.000121638403208,24.524921268192045
train,2018-08-18 14:50:00,24.00012240767,24.540810589324458
train,2018-08-18 14:55:00,24.000123035870843,24.556376386399023
train,2018-08-18 15:00:00,24.00012364827803,24.57160685106738
train,2018-08-18 15:05:00,24.000125245301525,24.58540243046209
train,2018-08-18 15:10:00,24.000125198252565,24.597878251141616
train,2018-08-18 15:15:00,24.00012505421737,24.60912495050973
train,2018-08-18 15:20:00,24.00012506982099,24.61914119605749
train,2018-08-18 15:25:00,24.000124718884283,24.628002118253402
train,2018-08-18 15:30:00,24.00012430010528,24.635766447984818
train,2018-08-18 15:35:00,24.000123766800964,24.64244662670215
train,2018-08-18 15:40:00,24.00012316893766,24.64808685052245
train,2018-08-18 15:45:00,24.00012250098128,24.652730331208513
train,2018-08-18 15:50:00,24.00011463019742,24.65764715430443
train,2018-08-18 15:55:00,24.00011313408642,24.661643476693705
train,2018-08-18 16:00:00,24.00011199892879,24.66481147422039
train,2018-08-18 16:05:00,24.000112218947,24.667125342796144
train,2018-08-18 16:10:00,24.000111830857303,24.669129325002313
train,2018-08-18 16:15:00,24.00011137926786,24.670771014356333
train,2018-08-18 16:20:00,24.00011197128463,24.67143839702477
train,2018-08-18 16:25:00,24.00011862231946,24.671797885119368
train,2018-08-18 16:30:00,24.00011844369765,24.671830890322056
train,2018-08-18 16:35:00,24.00011788450028,24.67158500505813
train,2018-08-18 16:40:00,24.0001177737467,24.67112421682155
train,2018-08-18 16:45:00,24.00011783817286,24.670548079258953
train,2018-08-18 16:50:00,24.00011770969653,24.669805506457035
train,2018-08-18 16:55:00,24.00011774382967,24.668907727220347
train,2018-08-18 17:00:00,24.00011781159954,24.667870535851257
train,2018-08-18 17:05:00,24.00011794174939,24.667056880298155
train,2018-08-18 17:10:00,24.0001181612649,24.66651331924861
train,2018-08-18 17:15:00,24.00011831214309,24.66618636016614
train,2018-08-18 17:20:00,24.000118411358976,24.66606051053874
train,2018-08-18 17:25:00,24.00011845875048,24.6661768592372
train,2018-08-18 17:30:00,24.00011839992804,24.666509950868996
train,2018-08-18 17:35:00,24.00011829573253,24.666811466718745
train,2018-08-18 17:40:00,24.00011816370141,24.66705324535951
train,2018-08-18 17:45:00,24.000118000485053,24.667267733745803
train,2018-08-18 17:50:00,24.000117872889646,24.66741376899006
train,2018-08-18 17:55:00,24.000117671620643,24.66751588755366
train,2018-08-18 18:00:00,24.00011744434143,24.66755527290322
train,2018-08-18 18:05:00,24.00011726704887,24.667024423453732
train,2018-08-18 18:10:00,24.000116799808712,24.665473575086335
train,2018-08-18 18:15:00,24.000116246197976,24.66291820722586
train,2018-08-18 18:20:00,24.000104402518588,24.659422241401366
train,2018-08-18 18:25:00,24.000115462795947,24.654988203138778
train,2018-08-18 18:30:00,24.00011475285423,24.649694521556153
train,2018-08-18 18:35:00,24.00011421358433,24.64352514694377
train,2018-08-18 18:40:00,24.000113173971915,24.63656623718095
train,2018-08-18 18:45:00,24.00011191297812,24.62888210433994
train,2018-08-18 18:50:00,24.00011033064765,24.620718166213063
train,2018-08-18 18:55:00,24.00009449359084,24.611893528278582
train,2018-08-18 19:00:00,24.00010802561754,24.602375181731606
train,2018-08-18 19:05:00,24.000105134796,24.592472923997516
train,2018-08-18 19:10:00,24.00010332698567,24.5822518055659
train,2018-08-18 19:15:00,24.00008583865965,24.571696852738054
train,2018-08-18 19:20:00,24.0001017966366,24.560810565575782
train,2018-08-18 19:25:00,24.00009984694249,24.549585121301714
train,2018-08-18 19:30:00,24.000097457285,24.53802956733883
train,2018-08-18 19:35:00,24.00009436222908,24.52613159917361
train,2018-08-18 19:40:00,24.00001712384932,24.513893800679448
train,2018-08-18 19:45:00,23.999965837266693,24.50134082606753
train,2018-08-18 19:50:00,23.99996662559013,24.48846409119507
train,2018-08-18 19:55:00,23.99996789427504,24.47524486724104
train,2018-08-18 20:00:00,23.99996928216139,24.46170011606073
train,2018-08-18 20:05:00,23.99997063349379,24.44783860477715
train,2018-08-18 20:10:00,23.999890125113247,24.43365967615944
train,2018-08-18 20:15:00,23.999998844515915,24.419203108228228
train,2018-08-18 20:20:00,23.99999998904724,24.40442489278262
train,2018-08-18 20:25:00,23.999999999614506,24.38936392318469
train,2018-08-18 20:30:00,24.000000001058083,24.374011158393724
train,2018-08-18 20:35:00,23.99999999902703,24.35853882943933
train,2018-08-18 20:40:00,24.00000000306541,24.342855280460423
train,2018-08-18 20:45:00,24.00000000052509,24.326898579564794
train,2018-08-18 20:50:00,24.00000000000422,24.310740629282737
train,2018-08-18 20:55:00,24.00000000000003,24.294333799018418
train,2018-08-18 21:00:00,24.0,24.277632708690785
train,2018-08-18 21:05:00,24.15290831157469,24.27819863015982
train,2018-08-18 21:10:00,24.38238773913811,24.280938259530785
train,2018-08-18 21:15:00,24.613310159256205,24.287473850880364
train,2018-08-18 21:20:00,24.81290363806781,24.297520420180987
train,2018-08-18 21:25:00,24.979663560614448,24.310539206310025
train,2018-08-18 21:30:00,25.121054253091813,24.325762956669784
train,2018-08-18 21:35:00,25.23602110235021,24.341892083065158
train,2018-08-18 21:40:00,25.33164256619102,24.359087721570013
train,2018-08-18 21:45:00,25.414055037607653,24.376935446114803
train,2018-08-18 21:50:00,25.48297947435568,24.394805571657518
train,2018-08-18 21:55:00,25.541844389736927,24.412798024779566
train,2018-08-18 22:00:00,25.59362221094033,24.430725078765423
train,2018-08-18 22:05:00,25.64022699428481,24.448841777703397
train,2018-08-18 22:10:00,25.68251438874549,24.46704415251378
train,2018-08-18 22:15:00,25.720822996880905,24.48524801937239
train,2018-08-18 22:20:00,25.75546071693347,24.50337816597208
train,2018-08-18 22:25:00,25.786547953427696,24.521367374872437
train,2018-08-18 22:30:00,25.8141831149888,24.539152108787604
train,2018-08-18 22:35:00,25.837276775823337,24.556549597892392
train,2018-08-18 22:40:00,25.856561378739567,24.57360310946937
train,2018-08-18 22:45:00,25.87261551568373,24.590246788582917
train,2018-08-18 22:50:00,25.885119256176,24.60636847905863
train,2018-08-18 22:55:00,25.89446321611766,24.621971796376545
train,2018-08-18 23:00:00,25.90107123019356,24.637007846311953
train,2018-08-18 23:05:00,25.905117562777352,24.651100047762323
train,2018-08-18 23:10:00,25.906512315760267,24.66422407383738
train,2018-08-18 23:15:00,25.90518338826115,24.67636825805535
train,2018-08-18 23:20:00,25.901194958251192,24.687517528982397
train,2018-08-18 23:25:00,25.89469827313375,24.697656665866248
train,2018-08-18 23:30:00,25.885874453876173,24.706772392667965
train,2018-08-18 23:35:00,25.87453942808485,24.714822256446926
train,2018-08-18 23:40:00,25.86097817208633,24.72182359036021
train,2018-08-18 23:45:00,25.845511122219232,24.727766134064424
train,2018-08-18 23:50:00,25.82820604174041,24.732631699373748
train,2018-08-18 23:55:00,25.80927303412896,24.73643146001091
train,2018-08-19 00:00:00,25.788907303420224,24.739165879577204
train,2018-08-19 00:05:00,25.76737542805872,24.74117132570626
train,2018-08-19 00:10:00,25.744963645145987,24.74244287814061
train,2018-08-19 00:15:00,25.72183776102695,24.742972644545123
train,2018-08-19 00:20:00,25.698076067179592,24.742758096386815
train,2018-08-19 00:25:00,25.673720410094635,24.741799903909087
train,2018-08-19 00:30:00,25.648805153582646,24.74010093761508
train,2018-08-19 00:35:00,25.62336138420333,24.737665927636378
train,2018-08-19 00:40:00,25.597421614567224,24.73450122782389
train,2018-08-19 00:45:00,25.57101846049396,24.730614693657802
train,2018-08-19 00:50:00,25.544183352073333,24.726015541029458
train,2018-08-19 00:55:00,25.516946084046648,24.720714187675977
train,2018-08-19 01:00:00,25.48933576721017,24.714722096122763
train,2018-08-19 01:05:00,25.460403418409804,24.707650655440013
train,2018-08-19 01:10:00,25.430300242155287,24.699583301361407
train,2018-08-19 01:15:00,25.399356738149308,24.69053663598395
train,2018-08-19 01:20:00,25.3677883105826,24.680532583700586
train,2018-08-19 01:25:00,25.33569516102388,24.669595894354195
train,2018-08-19 01:30:00,25.303121444644933,24.6577517047944
train,2018-08-19 01:35:00,25.27009464966644,24.64502443184953
train,2018-08-19 01:40:00,25.236640151058,24.631437532011013
train,2018-08-19 01:45:00,25.20278326088582,24.617013569516534
train,2018-08-19 01:50:00,25.168547901385512,24.60177431640995
train,2018-08-19 01:55:00,25.13395550247812,24.58574081240302
train,2018-08-19 02:00:00,25.09902469675539,24.568933391671024
train,2018-08-19 02:05:00,25.064008514380102,24.55139603348767
train,2018-08-19 02:10:00,25.02880061693305,24.53312772213909
train,2018-08-19 02:15:00,24.993282631818182,24.51414911731258
train,2018-08-19 02:20:00,24.957402454966388,24.494477370057897
train,2018-08-19 02:25:00,24.921153412418736,24.47412767731291
train,2018-08-19 02:30:00,24.884544619491177,24.453114339730096
train,2018-08-19 02:35:00,24.84758444177352,24.43145115099281
train,2018-08-19 02:40:00,24.810279780859137,24.40915141958899
train,2018-08-19 02:45:00,24.7726499808562,24.38622797239586
train,2018-08-19 02:50:00,24.73471317658219,24.36269345257834
train,2018-08-19 02:55:00,24.69648746248705,24.338560315717828
train,2018-08-19 03:00:00,24.657985065313376,24.313840849465592
train,2018-08-19 03:05:00,24.61805648687384,24.28783696892425
train,2018-08-19 03:10:00,24.576630485508645,24.260634858233868
train,2018-08-19 03:15:00,24.53393086076673,24.23225770254133
train,2018-08-19 03:20:00,24.48759200143745,24.202483570730998
train,2018-08-19 03:25:00,24.43880236130316,24.17153553371827
train,2018-08-19 03:30:00,24.38881657727692,24.139407747902347
train,2018-08-19 03:35:00,24.336944972891487,24.105996074830184
train,2018-08-19 03:40:00,24.283864496822112,24.071428142870044
train,2018-08-19 03:45:00,24.23014391299566,24.035718034902136
train,2018-08-19 03:50:00,24.176007273883503,23.998889903476147
train,2018-08-19 03:55:00,24.121475108526344,23.960970520546862
train,2018-08-19 04:00:00,24.06650177741225,23.921985024362208
train,2018-08-19 04:05:00,23.98051995147529,23.878521976119384
train,2018-08-19 04:10:00,23.87842401067454,23.83478912424072
train,2018-08-19 04:15:00,23.775167451251075,23.790417160275492
train,2018-08-19 04:20:00,23.676961003281683,23.74536505291846
train,2018-08-19 04:25:00,23.58496544242489,23.699728143867443
train,2018-08-19 04:30:00,23.49858641857352,23.65362769815893
train,2018-08-19 04:35:00,23.41699432031728,23.607172787154727
train,2018-08-19 04:40:00,23.33955490515294,23.560455166702237
train,2018-08-19 04:45:00,23.265827836135266,23.51355341928732
train,2018-08-19 04:50:00,23.195472271324185,23.466537021492524
train,2018-08-19 04:55:00,23.12819193154368,23.419468374538777
train,2018-08-19 05:00:00,23.06371842961186,23.37240367573171
train,2018-08-19 05:05:00,23.02870742932708,23.32900954631921
train,2018-08-19 05:10:00,23.010715035340773,23.285837692084815
train,2018-08-19 05:15:00,22.996745368179376,23.243244289726583
train,2018-08-19 05:20:00,22.982628598034424,23.201368981385183
train,2018-08-19 05:25:00,22.96693647423104,23.160135474977263
train,2018-08-19 05:30:00,22.94954398226684,23.1194930428486
train,2018-08-19 05:35:00,22.94951109387097,23.08106911525879
train,2018-08-19 05:40:00,22.960591411360745,23.043505263726416
train,2018-08-19 05:45:00,22.974844193144683,23.007016393523344
train,2018-08-19 05:50:00,22.99726522019826,22.972464578866614
train,2018-08-19 05:55:00,23.02355631821369,22.93915390487277
train,2018-08-19 06:00:00,23.04984816492427,22.907135038504492
train,2018-08-19 06:05:00,23.056330957253383,22.876165718222182
train,2018-08-19 06:10:00,23.05115844019308,22.847585275729877
train,2018-08-19 06:15:00,23.04375068788773,22.821036297614917
train,2018-08-19 06:20:00,23.03349726462587,22.795900790026725
train,2018-08-19 06:25:00,23.02370972887224,22.772524524971015
train,2018-08-19 06:30:00,23.017060176950142,22.750843776049976
train,2018-08-19 06:35:00,23.01499696166496,22.73089767682594
train,2018-08-19 06:40:00,23.01744583969054,22.71267747408292
train,2018-08-19 06:45:00,23.02402037083574,22.69621776375005
train,2018-08-19 06:50:00,23.03477181370212,22.681569877684037
train,2018-08-19 06:55:00,23.049824819273244,22.66874455387412
train,2018-08-19 07:00:00,23.06911060791514,22.657780102464116
train,2018-08-19 07:05:00,23.09232013074344,22.64807843516889
train,2018-08-19 07:10:00,23.11864523611109,22.63969373303942
train,2018-08-19 07:15:00,23.147554280563803,22.632679694145267
train,2018-08-19 07:20:00,23.178834646395384,22.627076533136595
train,2018-08-19 07:25:00,23.212433268655708,22.622918200401106
train,2018-08-19 07:30:00,23.248334162048582,22.620236010758976
train,2018-08-19 07:35:00,23.28875887880504,22.61926637969396
train,2018-08-19 07:40:00,23.33275531270667,22.619873300700302
train,2018-08-19 07:45:00,23.37911195087008,22.62210958988315
train,2018-08-19 07:50:00,23.4281991926471,22.62610456697002
train,2018-08-19 07:55:00,23.479766552599123,22.63178394877884
train,2018-08-19 08:00:00,23.533396172588706,22.63917331168771
train,2018-08-19 08:05:00,23.58942362019102,22.648348962114667
train,2018-08-19 08:10:00,23.64760048782459,22.659271258604196
train,2018-08-19 08:15:00,23.70771304796561,22.671956229649002
train,2018-08-19 08:20:00,23.769690046107115,22.68641463438896
train,2018-08-19 08:25:00,23.83353222518025,22.702655194361963
train,2018-08-19 08:30:00,23.89926033558688,22.720686225549624
train,2018-08-19 08:35:00,23.967264293764483,22.740558759807847
train,2018-08-19 08:40:00,23.99993970738687,22.75848079469559
train,2018-08-19 08:45:00,23.99999985020669,22.77632157154053
train,2018-08-19 08:50:00,23.99999999970119,22.795774242332968
train,2018-08-19 08:55:00,23.99999999999927,22.814781410827724
train,2018-08-19 09:00:00,24.0,22.833963582063955
train,2018-08-19 09:05:00,24.000000000000004,22.85328381342148
train,2018-08-19 09:10:00,24.0,22.872753451118214
train,2018-08-19 09:15:00,24.0,22.892375307770358
train,2018-08-19 09:20:00,24.0,22.912153561632408
train,2018-08-19 09:25:00,24.0,22.93209263267347
train,2018-08-19 09:30:00,24.000000000000004,22.95219860037328
train,2018-08-19 09:35:00,24.000000000000004,22.97248038025008
train,2018-08-19 09:40:00,24.0,22.992951483626463
train,2018-08-19 09:45:00,24.000000000000004,23.013613640962934
train,2018-08-19 09:50:00,24.0,23.034482667314972
train,2018-08-19 09:55:00,24.000000000000004,23.05556211346065
train,2018-08-19 10:00:00,24.0,23.076844384746483
train,2018-08-19 10:05:00,24.0,23.097999349360325
train,2018-08-19 10:10:00,24.0,23.119036112479975
train,2018-08-19 10:15:00,24.000000000000004,23.13997151007315
train,2018-08-19 10:20:00,24.0,23.160839117687253
train,2018-08-19 10:25:00,24.000000000000004,23.18165832399175
train,2018-08-19 10:30:00,24.0,23.20244689363975
train,2018-08-19 10:35:00,24.0,23.22322281253297
train,2018-08-19 10:40:00,24.0,23.24400308874955
train,2018-08-19 10:45:00,24.0,23.264781665516566
train,2018-08-19 10:50:00,24.000000000000004,23.285576112452667
train,2018-08-19 10:55:00,24.0,23.306413507474904
train,2018-08-19 11:00:00,24.0,23.327303960907944
train,2018-08-19 11:05:00,24.0,23.348266982930145
train,2018-08-19 11:10:00,24.000000000000004,23.369315631340232
train,2018-08-19 11:15:00,24.0,23.39044595576871
train,2018-08-19 11:20:00,24.0,23.411716370829687
train,2018-08-19 11:25:00,24.000000000000004,23.433107861559886
train,2018-08-19 11:30:00,24.000000000000004,23.454597495086173
train,2018-08-19 11:35:00,24.0,23.476208041846345
train,2018-08-19 11:40:00,24.0,23.4978983359114
train,2018-08-19 11:45:00,24.0,23.519647263416612
train,2018-08-19 11:50:00,24.0,23.541430320581675
train,2018-08-19 11:55:00,24.0,23.56324476141748
train,2018-08-19 12:00:00,24.000015117877968,23.585102154961067
train,2018-08-19 12:05:00,24.000015881734203,23.606982834188855
train,2018-08-19 12:10:00,24.00002377165683,23.62888763184141
train,2018-08-19 12:15:00,24.00003141543248,23.650810814536115
train,2018-08-19 12:20:00,24.000038749673305,23.67274635044442
train,2018-08-19 12:25:00,24.00004565566424,23.69467436622646
train,2018-08-19 12:30:00,24.00005226502082,23.716608306526318
train,2018-08-19 12:35:00,24.00005891682445,23.738551882433192
train,2018-08-19 12:40:00,24.00006466336136,23.760511416847287
train,2018-08-19 12:45:00,24.000070084220702,23.782485922085936
train,2018-08-19 12:50:00,24.00007569475505,23.804444473890086
train,2018-08-19 12:55:00,24.00008081949698,23.82638505046903
train,2018-08-19 13:00:00,24.00008547113892,23.84832341717527
train,2018-08-19 13:05:00,24.000088499106216,23.869588616010393
train,2018-08-19 13:10:00,24.00009134278401,23.890244048652907
train,2018-08-19 13:15:00,24.0000939352968,23.910346603467957
train,2018-08-19 13:20:00,24.0000963622038,23.929938750470455
train,2018-08-19 13:25:00,24.00009879932161,23.94903395783527
train,2018-08-19 13:30:00,24.000100897705444,23.967693780680207
train,2018-08-19 13:35:00,24.00010307567153,23.985950273431293
train,2018-08-19 13:40:00,24.000104908194203,24.003823018019492
train,2018-08-19 13:45:00,24.00010657913588,24.02134001247178
train,2018-08-19 13:50:00,24.000105891276828,24.038598543810892
train,2018-08-19 13:55:00,24.000107038840262,24.055594954338485
train,2018-08-19 14:00:00,24.00010828991609,24.072310611974817
train,2018-08-19 14:05:00,24.00010670423073,24.087039287739152
train,2018-08-19 14:10:00,24.00010609424427,24.099908395844103
train,2018-08-19 14:15:00,24.000105554826018,24.11102884306704
train,2018-08-19 14:20:00,24.00010938315505,24.120425064792993
train,2018-08-19 14:25:00,24.00010918220391,24.1282521947139
train,2018-08-19 14:30:00,24.00009902226623,24.13464277472187
train,2018-08-19 14:35:00,24.00011113024592,24.139693908254
train,2018-08-19 14:40:00,24.000110545738853,24.143522405149234
train,2018-08-19 14:45:00,24.00010955262238,24.146223032452262
train,2018-08-19 14:50:00,23.99995818142264,24.1478331261567
train,2018-08-19 14:55:00,23.99995672028118,24.148449446867378
train,2018-08-19 15:00:00,23.999957187584645,24.148072993131198
train,2018-08-19 15:05:00,23.999955697683227,24.149518225744092
train,2018-08-19 15:10:00,23.999955451281576,24.15269059413294
train,2018-08-19 15:15:00,23.999955296200696,24.157457698584118
train,2018-08-19 15:20:00,23.99995252919622,24.163368364381075
train,2018-08-19 15:25:00,24.00006319275157,24.170540755906654
train,2018-08-19 15:30:00,24.000117742956498,24.178998997380283
train,2018-08-19 15:35:00,24.000120332124524,24.18838513393037
train,2018-08-19 15:40:00,24.00012082158836,24.198666620849977
train,2018-08-19 15:45:00,24.000121224425417,24.209832645901145
train,2018-08-19 15:50:00,24.000118409504225,24.222165336615294
train,2018-08-19 15:55:00,24.00011842697,24.23541618956759
train,2018-08-19 16:00:00,24.00010883924393,24.249413205746226
train,2018-08-19 16:05:00,24.00011761242532,24.26229101431089
train,2018-08-19 16:10:00,24.000117100173465,24.274135911175755
train,2018-08-19 16:15:00,24.00011641414929,24.28503407093795
train,2018-08-19 16:20:00,24.00011644935789,24.295003081250847
train,2018-08-19 16:25:00,24.000115903119536,24.3041223028454
train,2018-08-19 16:30:00,24.000115336327696,24.312452035480337
train,2018-08-19 16:35:00,24.00011542042282,24.32007367482819
train,2018-08-19 16:40:00,24.000100097054503,24.327076347815343
train,2018-08-19 16:45:00,23.99998178922204,24.33350551868718
train,2018-08-19 16:50:00,23.999954580125785,24.33939209825092
train,2018-08-19 16:55:00,23.9999545579694,24.344757728244122
train,2018-08-19 17:00:00,23.99995494923348,24.34964217731841
train,2018-08-19 17:05:00,23.99995638922214,24.35380733157654
train,2018-08-19 17:10:00,23.999957093195416,24.35722118158334
train,2018-08-19 17:15:00,23.999957793626702,24.359898010677874
train,2018-08-19 17:20:00,23.999959218136617,24.361928205005356
train,2018-08-19 17:25:00,23.99996020444464,24.363333353500657
train,2018-08-19 17:30:00,23.999961154347304,24.36410160967936
train,2018-08-19 17:35:00,23.999961125817624,24.364151885392964
train,2018-08-19 17:40:00,23.9999618524977,24.363530795348662
train,2018-08-19 17:45:00,23.999962664948253,24.36228278271361
train,2018-08-19 17:50:00,23.999963037301512,24.360405584722788
train,2018-08-19 17:55:00,23.99996387880064,24.357941918434936
train,2018-08-19 18:00:00,23.999964812582068,24.354926711248357
train,2018-08-19 18:05:00,23.99996368499985,24.351950248287164
train,2018-08-19 18:10:00,23.99996466879616,24.348802565014925
train,2018-08-19 18:15:00,23.9999657671108,24.34547529084406
train,2018-08-19 18:20:00,23.99996695843695,24.341959248621716
train,2018-08-19 18:25:00,23.999968242668665,24.338245551629914
train,2018-08-19 18:30:00,23.999969628526767,24.334325986039588
train,2018-08-19 18:35:00,23.99996993638142,24.330127868097332
train,2018-08-19 18:40:00,23.99997124594389,24.325673912072006
train,2018-08-19 18:45:00,23.99997272587193,24.320978603994487
train,2018-08-19 18:50:00,24.000047214289733,24.316032367104352
train,2018-08-19 18:55:00,23.99989254343348,24.310797411365
train,2018-08-19 19:00:00,23.99999891757805,24.30535216474216
train,2018-08-19 19:05:00,23.999999988748048,24.300011386199504
train,2018-08-19 19:10:00,24.000000001651795,24.29478357628094
train,2018-08-19 19:15:00,24.000000002218872,24.289622001330635
train,2018-08-19 19:20:00,23.99999999917194,24.28450491867688
train,2018-08-19 19:25:00,24.000000000971724,24.279411530256287
train,2018-08-19 19:30:00,23.99999999891053,24.274323398041105
train,2018-08-19 19:35:00,24.00000000179098,24.26921473131489
train,2018-08-19 19:40:00,24.00000000075124,24.264073771254406
train,2018-08-19 19:45:00,24.000000001085272,24.258891551023314
train,2018-08-19 19:50:00,23.999999999494392,24.253652226240902
train,2018-08-19 19:55:00,23.999999999109303,24.24834668254829
train,2018-08-19 20:00:00,23.99999999999264,24.242955928774933
train,2018-08-19 20:05:00,23.99999999999994,24.237099098717692
train,2018-08-19 20:10:00,24.0,24.23081475174178
train,2018-08-19 20:15:00,24.0,24.224122169719415
train,2018-08-19 20:20:00,24.0,24.217041029999972
train,2018-08-19 20:25:00,24.000000000000007,24.20958752721319
train,2018-08-19 20:30:00,24.0,24.20177725978467
train,2018-08-19 20:35:00,24.0,24.193734799424167
train,2018-08-19 20:40:00,24.000000000000004,24.185409344402935
train,2018-08-19 20:45:00,24.0,24.176771282358388
train,2018-08-19 20:50:00,24.000000000000004,24.167876954862354
train,2018-08-19 20:55:00,24.0,24.15870455230703
train,2018-08-19 21:00:00,24.0,24.149244347062748
train,2018-08-19 21:05:00,24.12590597089927,24.154995188013814
train,2018-08-19 21:10:00,24.31720553780705,24.162466807614134
train,2018-08-19 21:15:00,24.512946972171413,24.173067282795827
train,2018-08-19 21:20:00,24.682858260651503,24.186370493859798
train,2018-08-19 21:25:00,24.825898309990546,24.202262570962734
train,2018-08-19 21:30:00,24.9489871368042,24.220133643507964
train,2018-08-19 21:35:00,25.05267979042473,24.238998266969027
train,2018-08-19 21:40:00,25.142431691490707,24.258994126088343
train,2018-08-19 21:45:00,25.22268849958383,24.27982551761678
train,2018-08-19 21:50:00,25.29471190181483,24.301142646968557
train,2018-08-19 21:55:00,25.360441898179804,24.32294304156667
train,2018-08-19 22:00:00,25.421252416668,24.345106995190324
train,2018-08-19 22:05:00,25.476105268592345,24.366989829560325
train,2018-08-19 22:10:00,25.525684071241976,24.388686729677506
train,2018-08-19 22:15:00,25.57074785247103,24.41012923357591
train,2018-08-19 22:20:00,25.61111295035956,24.43117880421929
train,2018-08-19 22:25:00,25.64738026761758,24.451862051253073
train,2018-08-19 22:30:00,25.679984796447293,24.47212943896963
train,2018-08-19 22:35:00,25.709106653421628,24.491934216356793
train,2018-08-19 22:40:00,25.734935072116336,24.51124126466408
train,2018-08-19 22:45:00,25.75767378080961,24.530013039817018
train,2018-08-19 22:50:00,25.777283570167207,24.548212768649556
train,2018-08-19 22:55:00,25.79382909723237,24.565806027794032
train,2018-08-19 23:00:00,25.80745558064069,24.582756554253262
train,2018-08-19 23:05:00,25.77262782261299,24.599809453231163
train,2018-08-19 23:10:00,25.70962830868054,24.615865407869737
train,2018-08-19 23:15:00,25.64004769387952,24.63031738257522
train,2018-08-19 23:20:00,25.57339499654496,24.6430470873166
train,2018-08-19 23:25:00,25.51155692556147,24.6541491576551
train,2018-08-19 23:30:00,25.453687697318948,24.66375960663868
train,2018-08-19 23:35:00,25.39877389409948,24.67199507965893
train,2018-08-19 23:40:00,25.346327990437384,24.678949422398603
train,2018-08-19 23:45:00,25.29612911220159,24.684705385304756
train,2018-08-19 23:50:00,25.24803240655239,24.689340410006185
train,2018-08-19 23:55:00,25.201893237472564,24.69292815840295
train,2018-08-20 00:00:00,25.15755877044036,24.69553839291135
train,2018-08-20 00:05:00,25.16122344990074,24.696474681000886
train,2018-08-20 00:10:00,25.19262771465754,24.696862834048414
train,2018-08-20 00:15:00,25.23015274092204,24.697343244366003
train,2018-08-20 00:20:00,25.26393178006008,24.69806879659155
train,2018-08-20 00:25:00,25.29197597400505,24.698973028723273
train,2018-08-20 00:30:00,25.315101870864936,24.699946438878083
train,2018-08-20 00:35:00,25.33423194335872,24.700898269596657
train,2018-08-20 00:40:00,25.3497823657902,24.701758392459173
train,2018-08-20 00:45:00,25.3619088020687,24.70246598578651
train,2018-08-20 00:50:00,25.370693772777702,24.702963826499442
train,2018-08-20 00:55:00,25.37627192904264,24.70319676471993
train,2018-08-20 01:00:00,25.37882701682058,24.703112918881935
train,2018-08-20 01:05:00,25.3787795877794,24.702962484328154
train,2018-08-20 01:10:00,25.37714643948679,24.702757077090574
train,2018-08-20 01:15:00,25.37456556805797,24.702456450908883
train,2018-08-20 01:20:00,25.37129455572799,24.702036367503883
train,2018-08-20 01:25:00,25.36740979673998,24.701482711975885
train,2018-08-20 01:30:00,25.362939166211163,24.700785152912122
train,2018-08-20 01:35:00,25.3579112450647,24.69993010621811
train,2018-08-20 01:40:00,25.35236399406139,24.69890591842105
train,2018-08-20 01:45:00,25.34633790404636,24.69770288629937
train,2018-08-20 01:50:00,25.33987190586939,24.69631314582789
train,2018-08-20 01:55:00,25.333008678094743,24.69473049143403
train,2018-08-20 02:00:00,25.3257848463048,24.692950326416614
train,2018-08-20 02:05:00,25.31854641703143,24.690997426908773
train,2018-08-20 02:10:00,25.31123748636177,24.688847474919427
train,2018-08-20 02:15:00,25.3037517144468,24.686504135281773
train,2018-08-20 02:20:00,25.2960414872801,24.683968987863402
train,2018-08-20 02:25:00,25.28810660283847,24.681242803064553
train,2018-08-20 02:30:00,25.21685144280488,24.67832654182587
train,2018-08-20 02:35:00,25.110193505629365,24.673597556487653
train,2018-08-20 02:40:00,25.00007089949421,24.666638791378986
train,2018-08-20 02:45:00,24.90076829706576,24.657442051617476
train,2018-08-20 02:50:00,24.81280524251628,24.64616220111222
train,2018-08-20 02:55:00,24.73476132330402,24.6332418552318
train,2018-08-20 03:00:00,24.665265098865824,24.61893943928064
train,2018-08-20 03:05:00,24.60270045975487,24.603412976810656
train,2018-08-20 03:10:00,24.54645821141748,24.58690889378711
train,2018-08-20 03:15:00,24.496059554059872,24.56958972554116
train,2018-08-20 03:20:00,24.450951330567847,24.551603034264613
train,2018-08-20 03:25:00,24.41054765424353,24.533080296017406
train,2018-08-20 03:30:00,24.37429442851285,24.51413670144918
train,2018-08-20 03:35:00,24.3417057097717,24.4948702549459
train,2018-08-20 03:40:00,24.312370399437675,24.47536996424643
train,2018-08-20 03:45:00,24.28604615259508,24.455711483370226
train,2018-08-20 03:50:00,24.26235776556213,24.4359633613297
train,2018-08-20 03:55:00,24.240946641813885,24.416183869307677
train,2018-08-20 04:00:00,24.221554603206968,24.39642224334353
train,2018-08-20 04:05:00,24.190917341829905,24.374046851619376
train,2018-08-20 04:10:00,24.15393009906387,24.350807156310694
train,2018-08-20 04:15:00,24.116218093356512,24.326621212446295
train,2018-08-20 04:20:00,24.08034978596739,24.30152278108681
train,2018-08-20 04:25:00,24.04675138971216,24.27559491589315
train,2018-08-20 04:30:00,24.01505062832775,24.24892442292592
train,2018-08-20 04:35:00,23.986476797616813,24.221747196666644
train,2018-08-20 04:40:00,23.96011750939313,24.193992151966288
train,2018-08-20 04:45:00,23.934947656313973,24.165731297297338
train,2018-08-20 04:50:00,23.911202461942867,24.137092668340994
train,2018-08-20 04:55:00,23.88830492004501,24.10804181724031
train,2018-08-20 05:00:00,23.865707099552267,24.07861311194939
train,2018-08-20 05:05:00,23.865517162164355,24.0522320138626
train,2018-08-20 05:10:00,23.87824312116456,24.02665303000875
train,2018-08-20 05:15:00,23.893526976720985,24.002104482139092
train,2018-08-20 05:20:00,23.903297880440835,23.97822708368674
train,2018-08-20 05:25:00,23.90792345755646,23.955233563036426
train,2018-08-20 05:30:00,23.90937230914791,23.93297339558661
train,2018-08-20 05:35:00,23.90785753259548,23.91121227027409
train,2018-08-20 05:40:00,23.90459315477035,23.889994955960475
train,2018-08-20 05:45:00,23.90030497524248,23.869259288368035
train,2018-08-20 05:50:00,23.895615907465,23.848985692556244
train,2018-08-20 05:55:00,23.890644769934635,23.829121182491175
train,2018-08-20 06:00:00,23.8854648632318,23.80964201232297
train,2018-08-20 06:05:00,23.88112568206953,23.791552169851727
train,2018-08-20 06:10:00,23.87760123405528,23.77471736163388
train,2018-08-20 06:15:00,23.87469412797228,23.759081998923957
train,2018-08-20 06:20:00,23.87227351500372,23.74459295707372
train,2018-08-20 06:25:00,23.870292911942983,23.731200432864128
train,2018-08-20 06:30:00,23.86877976807005,23.71885919452256
train,2018-08-20 06:35:00,23.86845399733617,23.70755176089323
train,2018-08-20 06:40:00,23.869686392149795,23.697246111219478
train,2018-08-20 06:45:00,23.872865893990497,23.687939919008123
train,2018-08-20 06:50:00,23.878124944010587,23.67965249625082
train,2018-08-20 06:55:00,23.88547156974084,23.672385024605415
train,2018-08-20 07:00:00,23.89497330926536,23.666151751523373
train,2018-08-20 07:05:00,23.907270779226547,23.660912636071636
train,2018-08-20 07:10:00,23.92199670648501,23.65668693535034
train,2018-08-20 07:15:00,23.938749986894763,23.653503092670547
train,2018-08-20 07:20:00,23.957498501536776,23.651381051776436
train,2018-08-20 07:25:00,23.978298172135364,23.65034025191476
train,2018-08-20 07:30:00,24.00119524749861,23.65040144814115
train,2018-08-20 07:35:00,24.0000017486376,23.648727904968904
train,2018-08-20 07:40:00,24.000000001154334,23.64940396708679
train,2018-08-20 07:45:00,24.0000000000012,23.64998787130832
train,2018-08-20 07:50:00,24.000000000000007,23.650971700189324
train,2018-08-20 07:55:00,24.000000000000004,23.652171815482763
train,2018-08-20 08:00:00,24.0,23.653557919515485
train,2018-08-20 08:05:00,24.0,23.65517606713405
train,2018-08-20 08:10:00,24.0,23.65706093678501
train,2018-08-20 08:15:00,24.0,23.65924095718899
train,2018-08-20 08:20:00,24.0,23.661713384054007
train,2018-08-20 08:25:00,24.0,23.664802071732012
train,2018-08-20 08:30:00,24.000000000000004,23.66849274466361
train,2018-08-20 08:35:00,24.0,23.67275989834486
train,2018-08-20 08:40:00,24.0,23.677578742644712
train,2018-08-20 08:45:00,24.0,23.682927111451146
train,2018-08-20 08:50:00,24.000000000000004,23.688784033340312
train,2018-08-20 08:55:00,24.0,23.695130490084015
train,2018-08-20 09:00:00,24.000000000000004,23.70194960398136
train,2018-08-20 09:05:00,24.0,23.708865374537712
train,2018-08-20 09:10:00,24.000000000000007,23.715881095818396
train,2018-08-20 09:15:00,24.0,23.723004519142812
train,2018-08-20 09:20:00,24.000000000000007,23.730245843940533
train,2018-08-20 09:25:00,24.0,23.737615735862896
train,2018-08-20 09:30:00,24.0,23.745124757746066
train,2018-08-20 09:35:00,24.0,23.752533519719773
train,2018-08-20 09:40:00,24.0,23.759992521791613
train,2018-08-20 09:45:00,23.99999999984557,23.767611431166596
train,2018-08-20 09:50:00,23.99996613692213,23.775606155841203
train,2018-08-20 09:55:00,23.99996290452588,23.783751451807255
train,2018-08-20 10:00:00,23.99996074793544,23.79215166090258
train,2018-08-20 10:05:00,23.99996131682855,23.800802834618807
train,2018-08-20 10:10:00,23.999960228217653,23.80958383495591
train,2018-08-20 10:15:00,23.99995910138776,23.818438366439125
train,2018-08-20 10:20:00,23.9999538193056,23.827391569414615
train,2018-08-20 10:25:00,24.00009364212299,23.836508974491682
train,2018-08-20 10:30:00,23.999979757043004,23.845629012347608
train,2018-08-20 10:35:00,24.00013815194856,23.854590398235384
train,2018-08-20 10:40:00,23.999980760877538,23.86354366573568
train,2018-08-20 10:45:00,23.999978039370426,23.87258205676983
train,2018-08-20 10:50:00,23.99997649343582,23.88165229309524
train,2018-08-20 10:55:00,23.999975153299435,23.890784263012122
train,2018-08-20 11:00:00,23.99997385570663,23.899981424400035
train,2018-08-20 11:05:00,23.99997273052092,23.908520332046205
train,2018-08-20 11:10:00,23.999971810738245,23.916466523209753
train,2018-08-20 11:15:00,23.999970944144767,23.92387168115374
train,2018-08-20 11:20:00,23.99997009309336,23.930774601023117
train,2018-08-20 11:25:00,23.999969252764,23.937208442769435
train,2018-08-20 11:30:00,23.999968429304275,23.943201919659437
train,2018-08-20 11:35:00,23.9999675751098,23.9487909448453
train,2018-08-20 11:40:00,23.99996685575236,23.953992488204033
train,2018-08-20 11:45:00,23.999966163769844,23.958819916258946
train,2018-08-20 11:50:00,23.999965456243107,23.96328764038181
train,2018-08-20 11:55:00,23.99996480370729,23.96740006833508
train,2018-08-20 12:00:00,23.9999642098774,23.971177336385917
train,2018-08-20 12:05:00,23.999963771111773,23.97466297921501
train,2018-08-20 12:10:00,23.9999634260264,23.977890576599055
train,2018-08-20 12:15:00,23.99996316559079,23.980886381887633
train,2018-08-20 12:20:00,23.99996287599137,23.983637610552936
train,2018-08-20 12:25:00,23.999962658972592,23.986168244089914
train,2018-08-20 12:30:00,23.99996250886386,23.98849696964678
train,2018-08-20 12:35:00,23.999963075851102,23.990696586721086
train,2018-08-20 12:40:00,23.99996315751757,23.992784536857883
train,2018-08-20 12:45:00,23.99996315477301,23.994742861051588
train,2018-08-20 12:50:00,23.999963472670405,23.99660064505896
train,2018-08-20 12:55:00,23.99996353839556,23.998365689050438
train,2018-08-20 13:00:00,23.999963621097308,24.000049651747698
train,2018-08-20 13:05:00,23.99996355136146,24.00238688307497
train,2018-08-20 13:10:00,23.99996343174808,24.005324299357277
train,2018-08-20 13:15:00,23.999963301390128,24.008816168995978
train,2018-08-20 13:20:00,23.99996311086045,24.012802904221466
train,2018-08-20 13:25:00,23.99996295621576,24.01726353148601
train,2018-08-20 13:30:00,23.999962803474304,24.02216714515133
train,2018-08-20 13:35:00,23.999962628046585,24.02749802686101
train,2018-08-20 13:40:00,23.999962594701586,24.03324181424377
train,2018-08-20 13:45:00,23.9999625434074,24.039355912636744
train,2018-08-20 13:50:00,23.999962413905745,24.045799478363342
train,2018-08-20 13:55:00,23.999962366819947,24.052557615763984
train,2018-08-20 14:00:00,23.999962305800647,24.0595985804812
train,2018-08-20 14:05:00,23.99995653651981,24.06619173204965
train,2018-08-20 14:10:00,23.999956099132103,24.072531279229946
train,2018-08-20 14:15:00,23.99995589673117,24.078740334375997
train,2018-08-20 14:20:00,23.99995430284323,24.08465975133395
train,2018-08-20 14:25:00,23.99995410091045,24.09040160078169
train,2018-08-20 14:30:00,23.99995397143504,24.09603515437101
train,2018-08-20 14:35:00,23.99995629308289,24.101862683353517
train,2018-08-20 14:40:00,23.99995637849108,24.107705084161374
train,2018-08-20 14:45:00,23.999956312155128,24.113461119540688
train,2018-08-20 14:50:00,23.99995707838289,24.11917503402247
train,2018-08-20 14:55:00,23.999957022331483,24.12478932384796
train,2018-08-20 15:00:00,23.999956837844707,24.13023145148648
train,2018-08-20 15:05:00,23.99995610796877,24.135427373165697
train,2018-08-20 15:10:00,23.999955850008902,24.140413103812193
train,2018-08-20 15:15:00,23.99995562365811,24.14521148833603
train,2018-08-20 15:20:00,23.99995518345709,24.14977979261919
train,2018-08-20 15:25:00,23.9999549395634,24.154132805519694
train,2018-08-20 15:30:00,23.999954696392127,24.15826510606407
train,2018-08-20 15:35:00,23.999954345776395,24.1622368714703
train,2018-08-20 15:40:00,23.99995423696226,24.166108372187182
train,2018-08-20 15:45:00,23.99995415850781,24.16989669569889
train,2018-08-20 15:50:00,23.999954033388605,24.173631190519725
train,2018-08-20 15:55:00,23.999953987492365,24.177306197840007
train,2018-08-20 16:00:00,23.99995395561058,24.180929962776634
train,2018-08-20 16:05:00,23.999954542772368,24.184584819243025
train,2018-08-20 16:10:00,23.99995466919929,24.188298245115163
train,2018-08-20 16:15:00,23.99995475827604,24.19201493669141
train,2018-08-20 16:20:00,23.99995533131593,24.195826416289268
train,2018-08-20 16:25:00,23.99995561463584,24.19973603051186
train,2018-08-20 16:30:00,23.99995592570813,24.203734786044315
train,2018-08-20 16:35:00,23.99995552896328,24.207506546389144
train,2018-08-20 16:40:00,23.999955384304474,24.211041162743417
train,2018-08-20 16:45:00,23.99995518293964,24.214310561810567
train,2018-08-20 16:50:00,23.99995488075768,24.21734723940501
train,2018-08-20 16:55:00,23.99995467083553,24.22013342282811
train,2018-08-20 17:00:00,23.99995452450786,24.22274097460966
train,2018-08-20 17:05:00,23.99995441308144,24.224829278557802
train,2018-08-20 17:10:00,23.99995435839236,24.226450573790636
train,2018-08-20 17:15:00,23.999954255830183,24.227574354012866
train,2018-08-20 17:20:00,23.999954226049542,24.22832022724713
train,2018-08-20 17:25:00,23.9999542208523,24.228745936604437
train,2018-08-20 17:30:00,23.999954224709963,24.228882893480947
train,2018-08-20 17:35:00,23.9999541157709,24.228883494968986
train,2018-08-20 17:40:00,23.999954270966104,24.228836389973196
train,2018-08-20 17:45:00,23.99995445992297,24.228763584116003
train,2018-08-20 17:50:00,23.99995451245131,24.22861381883977
train,2018-08-20 17:55:00,23.999954706430284,24.22841357106427
train,2018-08-20 18:00:00,23.999954931608983,24.228165126978908
train,2018-08-20 18:05:00,23.999954258386712,24.228089272838996
train,2018-08-20 18:10:00,23.9999544238263,24.22793220809944
train,2018-08-20 18:15:00,23.99995461018082,24.227673322438623
train,2018-08-20 18:20:00,23.9999548262996,24.22732381233611
train,2018-08-20 18:25:00,23.9999550986304,24.226920369450472
train,2018-08-20 18:30:00,23.999955428963023,24.226485946931767
train,2018-08-20 18:35:00,23.99995535162205,24.22585080225882
train,2018-08-20 18:40:00,23.99995554648708,24.22503710106009
train,2018-08-20 18:45:00,23.99995579113088,24.224083520211483
train,2018-08-20 18:50:00,23.99995609699118,24.223165214606784
train,2018-08-20 18:55:00,23.999956434387013,24.22214109460552
train,2018-08-20 19:00:00,23.99995675617525,24.22097995083833
train,2018-08-20 19:05:00,23.99995845652533,24.219589473338562
train,2018-08-20 19:10:00,23.99995894673909,24.21809369083393
train,2018-08-20 19:15:00,23.99995946105458,24.216503836144536
train,2018-08-20 19:20:00,23.99996003388998,24.214834223104194
train,2018-08-20 19:25:00,23.99996066869839,24.213098159578426
train,2018-08-20 19:30:00,23.999961371260788,24.211306810437772
train,2018-08-20 19:35:00,23.99996219463268,24.209453977060388
train,2018-08-20 19:40:00,23.999963019160752,24.207551393988332
train,2018-08-20 19:45:00,23.99996392729893,24.20560858428369
train,2018-08-20 19:50:00,23.99996494546955,24.203621428584324
train,2018-08-20 19:55:00,23.99996598814167,24.201592457162164
train,2018-08-20 20:00:00,23.99996711001264,24.19952265301745
train,2018-08-20 20:05:00,23.99996446834893,24.196487502150834
train,2018-08-20 20:10:00,23.999965236275635,24.192640675547327
train,2018-08-20 20:15:00,23.999966209781945,24.188076449284473
train,2018-08-20 20:20:00,23.99996544138445,24.1827694171334
train,2018-08-20 20:25:00,23.99996703713668,24.17699007847147
train,2018-08-20 20:30:00,23.99996875109101,24.170809242905147
train,2018-08-20 20:35:00,23.9998218109302,24.16443404267199
train,2018-08-20 20:40:00,23.99999820863908,24.15785730081898
train,2018-08-20 20:45:00,23.99999998281436,24.150948521940375
train,2018-08-20 20:50:00,24.00000000331961,24.1438668895164
train,2018-08-20 20:55:00,24.00000000201929,24.136333086944614
train,2018-08-20 21:00:00,23.999999998645265,24.128333045640993
train,2018-08-20 21:05:00,24.1540039284152,24.139308100751162
train,2018-08-20 21:10:00,24.384246464912675,24.15209164576135
train,2018-08-20 21:15:00,24.61396842908164,24.168324893059356
train,2018-08-20 21:20:00,24.81195782906768,24.187954851331646
train,2018-08-20 21:25:00,24.97586939918907,24.210262348265697
train,2018-08-20 21:30:00,25.11258289445072,24.234496625423684
train,2018-08-20 21:35:00,25.21982613168352,24.25918004411142
train,2018-08-20 21:40:00,25.305319591978023,24.284608860672957
train,2018-08-20 21:45:00,25.376070076322662,24.310336807249282
train,2018-08-20 21:50:00,25.43025011071947,24.335478383250997
train,2018-08-20 21:55:00,25.471958359661244,24.360328671201852
train,2018-08-20 22:00:00,25.50502875473209,24.384659342820154
train,2018-08-20 22:05:00,25.531870790770093,24.407872001190334
train,2018-08-20 22:10:00,25.55434274000276,24.429983871586693
train,2018-08-20 22:15:00,25.57342653876164,24.45097075139954
train,2018-08-20 22:20:00,25.58957249765232,24.470826390612874
train,2018-08-20 22:25:00,25.60309014531024,24.489550809284783
train,2018-08-20 22:30:00,25.614319090532927,24.50714732761008
train,2018-08-20 22:35:00,25.62093070400456,24.523369825288086
train,2018-08-20 22:40:00,25.623968649268825,24.538434508922876
train,2018-08-20 22:45:00,25.62475281206982,24.552316347386384
train,2018-08-20 22:50:00,25.622745072564133,24.56489299044663
train,2018-08-20 22:55:00,25.61847757744845,24.57628041368143
train,2018-08-20 23:00:00,25.61242852763484,24.5864759004478
train,2018-08-20 23:05:00,25.63761705063984,24.5966627059672
train,2018-08-20 23:10:00,25.680708142903946,24.60745578755875
train,2018-08-20 23:15:00,25.72707025870113,24.619183345121535
train,2018-08-20 23:20:00,25.77012786349988,24.631852105037545
train,2018-08-20 23:25:00,25.80832694675696,24.645330203696744
train,2018-08-20 23:30:00,25.84223140014471,24.659459631913986
train,2018-08-20 23:35:00,25.87168428550628,24.674015373935806
train,2018-08-20 23:40:00,25.8975357170455,24.688954244876975
train,2018-08-20 23:45:00,25.92035715777283,24.704167735085708
train,2018-08-20 23:50:00,25.93992089212443,24.719522297508917
train,2018-08-20 23:55:00,25.95653068272852,24.73497321371897
train,2018-08-21 00:00:00,25.97028302873128,24.750442236341087
train,2018-08-21 00:05:00,25.981144315934383,24.76511034235512
train,2018-08-21 00:10:00,25.98927601532565,24.778978637220877
train,2018-08-21 00:15:00,25.99488814258793,24.792036013791336
train,2018-08-21 00:20:00,25.998168151583226,24.80427345181986
train,2018-08-21 00:25:00,25.99926325919144,24.81568377624239
train,2018-08-21 00:30:00,25.998440832670425,24.82626100103314
train,2018-08-21 00:35:00,25.99536955149396,24.83596183240661
train,2018-08-21 00:40:00,25.99022629828248,24.84481819788689
train,2018-08-21 00:45:00,25.98330824262446,24.85282174881383
train,2018-08-21 00:50:00,25.974628480240057,24.85994868409879
train,2018-08-21 00:55:00,25.964462403716663,24.866216444157452
train,2018-08-21 01:00:00,25.95314139316936,24.871625930890794
train,2018-08-21 01:05:00,25.93989537197045,24.87610817292892
train,2018-08-21 01:10:00,25.92493440931988,24.87973127108995
train,2018-08-21 01:15:00,25.908583182936,24.882488492318753
train,2018-08-21 01:20:00,25.891213456274663,24.884379576781615
train,2018-08-21 01:25:00,25.873023353890847,24.885411643455697
train,2018-08-21 01:30:00,25.853952111610784,24.885595311690956
train,2018-08-21 01:35:00,25.833898860230235,24.88493340197311
train,2018-08-21 01:40:00,25.81306788680528,24.883437465944255
train,2018-08-21 01:45:00,25.7915547458742,24.88111699616517
train,2018-08-21 01:50:00,25.76929768375779,24.877979942538524
train,2018-08-21 01:55:00,25.746293127557685,24.874038369579484
train,2018-08-21 02:00:00,25.72257370400545,24.869300647951654
train,2018-08-21 02:05:00,25.698792997936145,24.86415411917001
train,2018-08-21 02:10:00,25.675045340809863,24.858566242377755
train,2018-08-21 02:15:00,25.651228678211165,24.85253759951825
train,2018-08-21 02:20:00,25.62727105095757,24.846068387362184
train,2018-08-21 02:25:00,25.603299144330204,24.83915887802349
train,2018-08-21 02:30:00,25.579273579459453,24.8318134964531
train,2018-08-21 02:35:00,25.553296408493257,24.823841102173724
train,2018-08-21 02:40:00,25.526126738129328,24.815409125646013
train,2018-08-21 02:45:00,25.49862568877389,24.80650066514273
train,2018-08-21 02:50:00,25.47032849985544,24.79702340431088
train,2018-08-21 02:55:00,25.44170966964028,24.78706934707296
train,2018-08-21 03:00:00,25.41314599037764,24.776643067694092
train,2018-08-21 03:05:00,25.38446492815167,24.766040184494955
train,2018-08-21 03:10:00,25.35611280270944,24.755310490215955
train,2018-08-21 03:15:00,25.328391802848525,24.74445183751626
train,2018-08-21 03:20:00,25.301378637895905,24.73347084944013
train,2018-08-21 03:25:00,25.27503626227941,24.722377579995058
train,2018-08-21 03:30:00,25.249301386348986,24.711182750901667
train,2018-08-21 03:35:00,25.22411955665763,24.699896964367728
train,2018-08-21 03:40:00,25.19943905416172,24.688530710148044
train,2018-08-21 03:45:00,25.17522659115936,24.677094263192362
train,2018-08-21 03:50:00,25.154050205013966,24.665864297916475
train,2018-08-21 03:55:00,25.13479841718923,24.654632039299212
train,2018-08-21 04:00:00,25.1163377218455,24.643438490310555
train,2018-08-21 04:05:00,25.08210230827287,24.629890946799154
train,2018-08-21 04:10:00,25.03927330841628,24.616183283999398
train,2018-08-21 04:15:00,24.99556312957977,24.602143006737766
train,2018-08-21 04:20:00,24.954417506616096,24.587763518527165
train,2018-08-21 04:25:00,24.91646831793527,24.573110428971074
train,2018-08-21 04:30:00,24.88132175951768,24.558260867386085
train,2018-08-21 04:35:00,24.849350722734023,24.543359030214564
train,2018-08-21 04:40:00,24.81993267305944,24.52839844916028
train,2018-08-21 04:45:00,24.79260361438028,24.513437285887044
train,2018-08-21 04:50:00,24.767443011276733,24.4985613366176
train,2018-08-21 04:55:00,24.74404728576708,24.483778134992694
train,2018-08-21 05:00:00,24.72208933577864,24.469125499048065
train,2018-08-21 05:05:00,24.18284125248719,24.40049524754111
train,2018-08-21 05:10:00,23.879417648838142,24.379825931568064
train,2018-08-21 05:15:00,23.823388967022364,24.352814069592057
train,2018-08-21 05:20:00,23.89627332996652,24.326713598426128
train,2018-08-21 05:25:00,24.001347573547893,24.302505747181222
train,2018-08-21 05:30:00,24.000007059208045,24.270489573615578
train,2018-08-21 05:35:00,24.00000001394665,24.246917789011384
train,2018-08-21 05:40:00,24.000000000042263,24.22168202661939
train,2018-08-21 05:45:00,24.000000000000124,24.19701549114649
train,2018-08-21 05:50:00,24.000000000000004,24.172868775034047
train,2018-08-21 05:55:00,24.0,24.14925737559505
train,2018-08-21 06:00:00,24.0,24.126161663395443
train,2018-08-21 06:05:00,24.0,24.10434825204195
train,2018-08-21 06:10:00,24.0,24.083646620994372
train,2018-08-21 06:15:00,24.0,24.063960603674243
train,2018-08-21 06:20:00,24.000000000000004,24.04530840333235
train,2018-08-21 06:25:00,24.000000000000004,24.027567880388563
train,2018-08-21 06:30:00,24.0,24.010683426543096
train,2018-08-21 06:35:00,24.000000000000004,23.994648244607273
train,2018-08-21 06:40:00,24.000000000000004,23.979414299800652
train,2018-08-21 06:45:00,24.0,23.964942865425783
train,2018-08-21 06:50:00,24.0,23.951203125151746
train,2018-08-21 06:55:00,24.0,23.9381709440021
train,2018-08-21 07:00:00,24.000000000000007,23.925808541593163
train,2018-08-21 07:05:00,24.000000000000004,23.913954364621542
train,2018-08-21 07:10:00,24.0,23.902598588607667
train,2018-08-21 07:15:00,24.000000000000004,23.891731479127728
train,2018-08-21 07:20:00,24.000000000000007,23.881344415104568
train,2018-08-21 07:25:00,24.000000000000004,23.871426495939907
train,2018-08-21 07:30:00,24.0,23.861966270935554
train,2018-08-21 07:35:00,24.000000000000004,23.85284787047661
train,2018-08-21 07:40:00,24.000000000000004,23.844103478074928
train,2018-08-21 07:45:00,24.0,23.83572103617262
train,2018-08-21 07:50:00,24.0,23.827705173838677
train,2018-08-21 07:55:00,24.0,23.820081245684378
train,2018-08-21 08:00:00,24.0,23.812780097395947
train,2018-08-21 08:05:00,24.000000000000004,23.80624376922534
train,2018-08-21 08:10:00,24.0,23.80063167399829
train,2018-08-21 08:15:00,24.0,23.795939353315525
train,2018-08-21 08:20:00,24.000000000000004,23.792076947485622
train,2018-08-21 08:25:00,24.000000000000004,23.78904383936289
train,2018-08-21 08:30:00,24.0,23.78681804716205
train,2018-08-21 08:35:00,24.000000000000007,23.785400839872715
train,2018-08-21 08:40:00,24.0,23.784805440580698
train,2018-08-21 08:45:00,24.0,23.7849985715267
train,2018-08-21 08:50:00,24.0,23.786130175294772
train,2018-08-21 08:55:00,24.000000000000004,23.788036737994396
train,2018-08-21 09:00:00,24.000000000000004,23.79060104301067
train,2018-08-21 09:05:00,24.0,23.79344841158585
train,2018-08-21 09:10:00,24.0,23.796566083732046
train,2018-08-21 09:15:00,24.0,23.79994232066044
train,2018-08-21 09:20:00,24.0,23.80355244783281
train,2018-08-21 09:25:00,24.0,23.80738340742417
train,2018-08-21 09:30:00,24.0,23.811448219087627
train,2018-08-21 09:35:00,24.000000000000004,23.81575106028974
train,2018-08-21 09:40:00,24.000000000000004,23.820290290777294
train,2018-08-21 09:45:00,24.0,23.825063698996413
train,2018-08-21 09:50:00,24.0,23.830070138629164
train,2018-08-21 09:55:00,24.0,23.835308003153976
train,2018-08-21 10:00:00,24.0,23.840762020504652
train,2018-08-21 10:05:00,24.0,23.846193274535487
train,2018-08-21 10:10:00,24.0,23.851620210979558
train,2018-08-21 10:15:00,24.0,23.857055958533707
train,2018-08-21 10:20:00,24.0,23.8625168122484
train,2018-08-21 10:25:00,24.000000000000004,23.86801652557001
train,2018-08-21 10:30:00,24.0,23.87356866408866
train,2018-08-21 10:35:00,24.0,23.879193156295152
train,2018-08-21 10:40:00,24.0,23.884901270401304
train,2018-08-21 10:45:00,24.0,23.890702088306746
train,2018-08-21 10:50:00,24.0,23.89660584464577
train,2018-08-21 10:55:00,24.0,23.902616168905762
train,2018-08-21 11:00:00,23.99999999929974,23.908734317316227
train,2018-08-21 11:05:00,24.00000000096724,23.914853168211955
train,2018-08-21 11:10:00,23.99999999945327,23.920988901127874
train,2018-08-21 11:15:00,23.99999999978417,23.927154797191093
train,2018-08-21 11:20:00,23.99984823008676,23.933347066060723
train,2018-08-21 11:25:00,23.999925012116705,23.93962556049743
train,2018-08-21 11:30:00,23.999979683078465,23.94594898910248
train,2018-08-21 11:35:00,23.999974951299656,23.952283233842188
train,2018-08-21 11:40:00,23.999972983792485,23.95867961245188
train,2018-08-21 11:45:00,23.99997128694364,23.965159466800202
train,2018-08-21 11:50:00,23.99996855344294,23.971701793746398
train,2018-08-21 11:55:00,23.99996711286236,23.97832614644129
train,2018-08-21 12:00:00,23.999965782749133,23.985028735288083
train,2018-08-21 12:05:00,23.999966560987428,23.991592613929633
train,2018-08-21 12:10:00,23.999965606994788,23.998014703118724
train,2018-08-21 12:15:00,23.99996458447184,24.004276290757055
train,2018-08-21 12:20:00,23.99996453346226,24.010423383583284
train,2018-08-21 12:25:00,23.99996370791839,24.016454182122274
train,2018-08-21 12:30:00,23.99996291413541,24.022372568099
train,2018-08-21 12:35:00,23.999962131023857,24.028190576756064
train,2018-08-21 12:40:00,23.999961457486823,24.033922625045196
train,2018-08-21 12:45:00,23.999960840151832,24.039581266126525
train,2018-08-21 12:50:00,23.999960258879767,24.045177261375486
train,2018-08-21 12:55:00,23.9999597169079,24.050710769699425
train,2018-08-21 13:00:00,23.99995922024588,24.056192293020565
train,2018-08-21 13:05:00,23.999958812180463,24.061635937007914
train,2018-08-21 13:10:00,23.99995841293566,24.06704683227787
train,2018-08-21 13:15:00,23.999958044050867,24.072429304667846
train,2018-08-21 13:20:00,23.99995770449441,24.07778806342891
train,2018-08-21 13:25:00,23.99995739676145,24.083127855911783
train,2018-08-21 13:30:00,23.99995711488849,24.088452872507194
train,2018-08-21 13:35:00,23.999957791644373,24.09381263658403
train,2018-08-21 13:40:00,23.99995759407339,24.099176657201944
train,2018-08-21 13:45:00,23.999957360415745,24.104526779116178
train,2018-08-21 13:50:00,23.99995761050842,24.109889429522177
train,2018-08-21 13:55:00,23.99995740593266,24.115238014260925
train,2018-08-21 14:00:00,23.99995720216559,24.120571417595304
train,2018-08-21 14:05:00,23.999957376005835,24.124941350387843
train,2018-08-21 14:10:00,23.999957548684165,24.128415104083537
train,2018-08-21 14:15:00,23.99995770684659,24.131038807443662
train,2018-08-21 14:20:00,23.99995788846192,24.132871654496856
train,2018-08-21 14:25:00,23.999958074427585,24.133959293318654
train,2018-08-21 14:30:00,23.9999582629092,24.134340121699516
train,2018-08-21 14:35:00,23.999958479784823,24.13411176895286
train,2018-08-21 14:40:00,23.99995888044127,24.133325404853625
train,2018-08-21 14:45:00,23.999959307654898,24.131999606042495
train,2018-08-21 14:50:00,23.99995980761448,24.130195847447084
train,2018-08-21 14:55:00,23.999960391132166,24.12792312157973
train,2018-08-21 15:00:00,23.99996102382473,24.125193934367772
train,2018-08-21 15:05:00,23.9999622089814,24.120745153052813
train,2018-08-21 15:10:00,23.9999635093208,24.114669555854164
train,2018-08-21 15:15:00,23.999964965664297,24.107068945611267
train,2018-08-21 15:20:00,23.99996651578198,24.09801112210201
train,2018-08-21 15:25:00,23.9999682837447,24.087591956353634
train,2018-08-21 15:30:00,23.999970249044207,24.075880455659465
train,2018-08-21 15:35:00,23.99996365416532,24.06250702490186
train,2018-08-21 15:40:00,23.999964235833524,24.047718274159926
train,2018-08-21 15:45:00,23.99996523260888,24.031699994305132
train,2018-08-21 15:50:00,23.99996339973661,24.014369278434643
train,2018-08-21 15:55:00,23.99996423546116,23.99590200711336
train,2018-08-21 16:00:00,23.99996532291949,23.976426420033846
train,2018-08-21 16:05:00,23.99996459331136,23.957548113004826
train,2018-08-21 16:10:00,23.99996508855096,23.939247496252285
train,2018-08-21 16:15:00,23.999965720194268,23.921491518209784
train,2018-08-21 16:20:00,23.99996574839577,23.90418570825761
train,2018-08-21 16:25:00,23.999966452604347,23.887301203786993
train,2018-08-21 16:30:00,23.999967277861337,23.87080193143712
train,2018-08-21 16:35:00,23.999967105285496,23.854493865178895
train,2018-08-21 16:40:00,23.99996761451046,23.838331790140938
train,2018-08-21 16:45:00,23.999968268187583,23.82232257072821
train,2018-08-21 16:50:00,23.99983519262713,23.807115347880966
train,2018-08-21 16:55:00,23.99999812080063,23.792084194951375
train,2018-08-21 17:00:00,23.999999979680485,23.77709900765012
train,2018-08-21 17:05:00,24.00000000091735,23.76247836633807
train,2018-08-21 17:10:00,23.99999999950825,23.74815346292854
train,2018-08-21 17:15:00,23.99999999873627,23.733339527967228
train,2018-08-21 17:20:00,24.00000000010817,23.718702235584132
train,2018-08-21 17:25:00,24.00000000102132,23.704275438671992
train,2018-08-21 17:30:00,23.999999998232,23.690050352172
train,2018-08-21 17:35:00,24.00000000033517,23.67601184443444
train,2018-08-21 17:40:00,24.000000002689948,23.66219951654365
train,2018-08-21 17:45:00,24.000000000378407,23.648596902115017
train,2018-08-21 17:50:00,24.000000002522583,23.635074691980794
train,2018-08-21 17:55:00,24.000000001363667,23.62165181948428
train,2018-08-21 18:00:00,24.00000000215713,23.608316189535675
train,2018-08-21 18:05:00,24.00000000143228,23.59465115124064
train,2018-08-21 18:10:00,24.00000000119803,23.58154928435744
train,2018-08-21 18:15:00,23.999999998986443,23.568957521422238
train,2018-08-21 18:20:00,23.99999999999167,23.55688727114169
train,2018-08-21 18:25:00,23.999999999999936,23.545260287369715
train,2018-08-21 18:30:00,24.0,23.53402498284482
train,2018-08-21 18:35:00,24.0,23.523355546685057
train,2018-08-21 18:40:00,24.000000000000004,23.513416615155883
train,2018-08-21 18:45:00,24.0,23.503868037185978
train,2018-08-21 18:50:00,24.0,23.49452682580139
train,2018-08-21 18:55:00,24.0,23.485383714768943
train,2018-08-21 19:00:00,24.0,23.47644162555325
train,2018-08-21 19:05:00,24.0,23.468232590081165
train,2018-08-21 19:10:00,24.000000000000004,23.45997503676205
train,2018-08-21 19:15:00,24.000000000000004,23.451679838935195
train,2018-08-21 19:20:00,24.0,23.44336158421789
train,2018-08-21 19:25:00,24.000000000000004,23.435639044459638
train,2018-08-21 19:30:00,24.0,23.427954081472805
train,2018-08-21 19:35:00,24.0,23.420265599920242
train,2018-08-21 19:40:00,24.0,23.41257837562425
train,2018-08-21 19:45:00,24.0,23.4048974224171
train,2018-08-21 19:50:00,24.000000000000004,23.39724173085288
train,2018-08-21 19:55:00,24.000000000000004,23.389622682679136
train,2018-08-21 20:00:00,24.000000000000004,23.382049766187606
train,2018-08-21 20:05:00,24.000000000000004,23.37422324881329
train,2018-08-21 20:10:00,24.0,23.36617843409174
train,2018-08-21 20:15:00,24.0,23.357937642091684
train,2018-08-21 20:20:00,24.0,23.34964297081727
train,2018-08-21 20:25:00,24.0,23.341242422147275
train,2018-08-21 20:30:00,24.000000000000004,23.332707300558937
train,2018-08-21 20:35:00,24.0,23.32417502090517
train,2018-08-21 20:40:00,24.0,23.31501298039764
train,2018-08-21 20:45:00,24.0,23.305714043495087
train,2018-08-21 20:50:00,24.000000000000004,23.296343388862432
train,2018-08-21 20:55:00,24.0,23.28688584928096
train,2018-08-21 21:00:00,24.0,23.277341097066788
train,2018-08-21 21:05:00,24.057221170546867,23.273751720204828
train,2018-08-21 21:10:00,24.144034837527023,23.270949321547537
train,2018-08-21 21:15:00,24.232476254129622,23.269563278429807
train,2018-08-21 21:20:00,24.310917852110897,23.269613108801916
train,2018-08-21 21:25:00,24.37767999070677,23.270871816559524
train,2018-08-21 21:30:00,24.434733628795247,23.273082631189915
train,2018-08-21 21:35:00,24.47716321463103,23.275397058852317
train,2018-08-21 21:40:00,24.50860808828076,23.27816441735876
train,2018-08-21 21:45:00,24.53300308336339,23.281160839608948
train,2018-08-21 21:50:00,24.54895203269238,23.283930675121034
train,2018-08-21 21:55:00,24.558671811532715,23.28663946082754
train,2018-08-21 22:00:00,24.564238300061657,23.289174299145895
train,2018-08-21 22:05:00,24.56556538342554,23.291658658583984
train,2018-08-21 22:10:00,24.56386850235944,23.294139671334364
train,2018-08-21 22:15:00,24.560188227947965,23.296555702503994
train,2018-08-21 22:20:00,24.55427651140563,23.298805145985526
train,2018-08-21 22:25:00,24.542975098634454,23.30091244941799
train,2018-08-21 22:30:00,24.527876196592853,23.30277182913303
train,2018-08-21 22:35:00,24.51073165977472,23.30431450487509
train,2018-08-21 22:40:00,24.49239760612584,23.305510904029127
train,2018-08-21 22:45:00,24.47314984761996,23.306350640469084
train,2018-08-21 22:50:00,24.45304933157556,23.306829712430055
train,2018-08-21 22:55:00,24.432121489978147,23.306945757511976
train,2018-08-21 23:00:00,24.4104050355414,23.306697219126235
train,2018-08-21 23:05:00,24.38787123748068,23.305425428079165
train,2018-08-21 23:10:00,24.36439659937324,23.303158272069517
train,2018-08-21 23:15:00,24.339954891763576,23.299930025514243
train,2018-08-21 23:20:00,24.314595997261428,23.29577039515398
train,2018-08-21 23:25:00,24.28839703089133,23.290706591140218
train,2018-08-21 23:30:00,24.26143555551629,23.284764266472383
train,2018-08-21 23:35:00,24.233780935100967,23.277967829707293
train,2018-08-21 23:40:00,24.209548439617794,23.270340536058217
train,2018-08-21 23:45:00,24.187347627992725,23.261989753521355
train,2018-08-21 23:50:00,24.16537320938563,23.252989009966903
train,2018-08-21 23:55:00,24.142722891256856,23.243370422127747
train,2018-08-22 00:00:00,24.119183366887256,23.23314501706643
train,2018-08-22 00:05:00,24.094798539103355,23.222373356948797
train,2018-08-22 00:10:00,24.069763815318662,23.211064782268064
train,2018-08-22 00:15:00,24.0442343691366,23.199223766207478
train,2018-08-22 00:20:00,24.01830744100433,23.18685741154673
train,2018-08-22 00:25:00,23.99204751661512,23.173974205677137
train,2018-08-22 00:30:00,23.96550520762683,23.16058333638005
train,2018-08-22 00:35:00,23.938724204841552,23.146694420087762
train,2018-08-22 00:40:00,23.911742100719813,23.132317380374488
train,2018-08-22 00:45:00,23.88458981750736,23.117462343878703
train,2018-08-22 00:50:00,23.85729148276817,23.10213952421524
train,2018-08-22 00:55:00,23.80691173153693,23.086359103942453
train,2018-08-22 01:00:00,23.74438600124256,23.069648797230098
train,2018-08-22 01:05:00,23.680367817012336,23.052006960737263
train,2018-08-22 01:10:00,23.620035572004152,23.033475235169618
train,2018-08-22 01:15:00,23.564409018720408,23.01414727782205
train,2018-08-22 01:20:00,23.512881134656155,22.994136447057386
train,2018-08-22 01:25:00,23.464637728255543,22.973540967676634
train,2018-08-22 01:30:00,23.419073398133964,22.952439942218152
train,2018-08-22 01:35:00,23.3757894911887,22.930898221421767
train,2018-08-22 01:40:00,23.33451933395826,22.908971094664153
train,2018-08-22 01:45:00,23.295048879308403,22.886707278475022
train,2018-08-22 01:50:00,23.257194589827872,22.864150156768574
train,2018-08-22 01:55:00,23.220796984468866,22.841338525558402
train,2018-08-22 02:00:00,23.18571802768197,22.818307185061315
train,2018-08-22 02:05:00,23.152052509108657,22.795077106557805
train,2018-08-22 02:10:00,23.11961975846961,22.7716613921805
train,2018-08-22 02:15:00,23.088215100302985,22.74809019637002
train,2018-08-22 02:20:00,23.057723760910527,22.724388700469866
train,2018-08-22 02:25:00,23.028058264481903,22.700579129654336
train,2018-08-22 02:30:00,22.999161452536544,22.676681397496385
train,2018-08-22 02:35:00,22.970978485082,22.652713796073304
train,2018-08-22 02:40:00,22.943458951466425,22.628693079105002
train,2018-08-22 02:45:00,22.91655297982572,22.604634535086117
train,2018-08-22 02:50:00,22.890214301352323,22.58055203771876
train,2018-08-22 02:55:00,22.864401002920225,22.556458205636115
train,2018-08-22 03:00:00,22.839075238860207,22.532364520039472
train,2018-08-22 03:05:00,22.81361814510216,22.508260819768175
train,2018-08-22 03:10:00,22.78823315465981,22.484195689834575
train,2018-08-22 03:15:00,22.763160343157782,22.4601690811461
train,2018-08-22 03:20:00,22.738519419363552,22.43618618276938
train,2018-08-22 03:25:00,22.714317793766373,22.41225472385929
train,2018-08-22 03:30:00,22.690525311490912,22.388382524461782
train,2018-08-22 03:35:00,22.66710873969797,22.36457668787958
train,2018-08-22 03:40:00,22.64404450442251,22.34084354200481
train,2018-08-22 03:45:00,22.62130681740396,22.317188851184092
train,2018-08-22 03:50:00,22.598880719074707,22.293617773681436
train,2018-08-22 03:55:00,22.57675011127904,22.270135095518427
train,2018-08-22 04:00:00,22.55491012481305,22.24674520711765
train,2018-08-22 04:05:00,22.512058031583955,22.2205401419767
train,2018-08-22 04:10:00,22.457758819361665,22.194104663725422
train,2018-08-22 04:15:00,22.396635813645947,22.16721043412056
train,2018-08-22 04:20:00,22.33530378122852,22.13973091170483
train,2018-08-22 04:25:00,22.27709833054981,22.111679645472666
train,2018-08-22 04:30:00,22.222754918165748,22.083138601534806
train,2018-08-22 04:35:00,22.17197079330702,22.054202527230938
train,2018-08-22 04:40:00,22.12423190793448,22.02495715566747
train,2018-08-22 04:45:00,22.07908868381025,21.995475112326837
train,2018-08-22 04:50:00,22.03618377468782,21.965817634520402
train,2018-08-22 04:55:00,21.99522108614561,21.936036813090123
train,2018-08-22 05:00:00,21.955877840602056,21.906177127337155
train,2018-08-22 05:05:00,21.93788331075599,21.878659383825987
train,2018-08-22 05:10:00,21.93226886451698,21.851147176461886
train,2018-08-22 05:15:00,21.92954422193917,21.8239099839003
train,2018-08-22 05:20:00,21.92589943022129,21.797043321741594
train,2018-08-22 05:25:00,21.92093220297794,21.770500549755486
train,2018-08-22 05:30:00,21.9146577002096,21.74426153065188
train,2018-08-22 05:35:00,21.90908370507245,21.71844863255048
train,2018-08-22 05:40:00,21.90389359354201,21.692921652197764
train,2018-08-22 05:45:00,21.898497544368805,21.66768741073862
train,2018-08-22 05:50:00,21.89937856891068,21.642814801271786
train,2018-08-22 05:55:00,21.90408683064481,21.61835601812743
train,2018-08-22 06:00:00,21.909697318362507,21.59438453628189
train,2018-08-22 06:05:00,21.91594431712908,21.571600718917086
train,2018-08-22 06:10:00,21.92256835450217,21.54990359914773
train,2018-08-22 06:15:00,21.929549977582024,21.529255808005026
train,2018-08-22 06:20:00,21.93699787624426,21.509622781556228
train,2018-08-22 06:25:00,21.94515751477537,21.490975175085037
train,2018-08-22 06:30:00,21.954445461010927,21.47329141011784
train,2018-08-22 06:35:00,21.96550708232832,21.456590618204174
train,2018-08-22 06:40:00,21.97848992065173,21.440841993325776
train,2018-08-22 06:45:00,21.99357675692572,21.426051594836398
train,2018-08-22 06:50:00,22.011251074010307,21.412246449425272
train,2018-08-22 06:55:00,22.031954038721256,21.399432628111537
train,2018-08-22 07:00:00,22.05600157837671,21.38764226875996
train,2018-08-22 07:05:00,22.079875447904147,21.376572769196876
train,2018-08-22 07:10:00,22.10491193769976,21.36653796164696
train,2018-08-22 07:15:00,22.13213262903363,21.357532484594405
train,2018-08-22 07:20:00,22.15980383596454,21.349392432290024
train,2018-08-22 07:25:00,22.18872122311776,21.34228368225804
train,2018-08-22 07:30:00,22.21954273306875,21.336204958998625
train,2018-08-22 07:35:00,22.25395715665784,21.331308061525057
train,2018-08-22 07:40:00,22.291375868467693,21.32749958342071
train,2018-08-22 07:45:00,22.331161695031827,21.324814793969026
train,2018-08-22 07:50:00,22.37383124715913,21.323345094404644
train,2018-08-22 07:55:00,22.418959946925423,21.32305092106241
train,2018-08-22 08:00:00,22.466056448688818,21.323954899941633
train,2018-08-22 08:05:00,22.516020886143767,21.32644116943922
train,2018-08-22 08:10:00,22.568641321684044,21.330462599258574
train,2018-08-22 08:15:00,22.623169041854386,21.336028092328107
train,2018-08-22 08:20:00,22.67906759576183,21.343132116200533
train,2018-08-22 08:25:00,22.73621638297005,21.351759442256313
train,2018-08-22 08:30:00,22.79465127357456,21.36189405400569
train,2018-08-22 08:35:00,22.85441668481066,21.37353361712408
train,2018-08-22 08:40:00,22.91535254198696,21.386653593766976
train,2018-08-22 08:45:00,22.9773198241034,21.401239585937525
train,2018-08-22 08:50:00,23.04035331939076,21.417282109677085
train,2018-08-22 08:55:00,23.10454983409192,21.43476051135608
train,2018-08-22 09:00:00,23.16983205230052,21.453663966653767
train,2018-08-22 09:05:00,23.236047839002545,21.4742743904351
train,2018-08-22 09:10:00,23.30335399986349,21.496583146477903
train,2018-08-22 09:15:00,23.37185189198356,21.52056369276439
train,2018-08-22 09:20:00,23.44154643840024,21.54619419992467
train,2018-08-22 09:25:00,23.51239054929311,21.5734552113856
train,2018-08-22 09:30:00,23.58432719124493,21.602328320967768
train,2018-08-22 09:35:00,23.66424055387964,21.6334303305378
train,2018-08-22 09:40:00,23.74938665693837,21.66624414467936
train,2018-08-22 09:45:00,23.83654691456966,21.700837740133014
train,2018-08-22 09:50:00,23.92767764428642,21.73752687732569
train,2018-08-22 09:55:00,23.999910600320103,21.773981866590596
train,2018-08-22 10:00:00,23.999999573077712,21.80603901202895
train,2018-08-22 10:05:00,23.99999999898733,21.84140220655111
train,2018-08-22 10:10:00,23.99999999999657,21.874853267912595
train,2018-08-22 10:15:00,23.99999999999999,21.907738625801528
train,2018-08-22 10:20:00,24.000000000000004,21.940050172303376
train,2018-08-22 10:25:00,24.0,21.971836518876962
train,2018-08-22 10:30:00,24.0,22.003141364986565
train,2018-08-22 10:35:00,24.0,22.034005933684774
train,2018-08-22 10:40:00,24.0,22.064480456087082
train,2018-08-22 10:45:00,24.0,22.094601974501668
train,2018-08-22 10:50:00,24.0,22.124322141667857
train,2018-08-22 10:55:00,24.0,22.153664624065357
train,2018-08-22 11:00:00,24.000000000000004,22.182643597183795
train,2018-08-22 11:05:00,24.0,22.211867382831816
train,2018-08-22 11:10:00,24.0,22.241174997738632
train,2018-08-22 11:15:00,24.0,22.27049659314519
train,2018-08-22 11:20:00,24.0,22.299851934429206
train,2018-08-22 11:25:00,24.000000000000004,22.329324576290144
train,2018-08-22 11:30:00,24.0,22.358901907701306
train,2018-08-22 11:35:00,24.000000000000004,22.388557636411466
train,2018-08-22 11:40:00,24.000000000000004,22.418287477111242
train,2018-08-22 11:45:00,24.000000000000004,22.448105154207465
train,2018-08-22 11:50:00,24.0,22.478010558563266
train,2018-08-22 11:55:00,24.000000000000004,22.508019630228347
train,2018-08-22 12:00:00,24.000000000000004,22.53810999241464
train,2018-08-22 12:05:00,24.0,22.5681456152174
train,2018-08-22 12:10:00,24.0,22.59813331537966
train,2018-08-22 12:15:00,24.0,22.628081434472374
train,2018-08-22 12:20:00,24.00000000130701,22.657788965132887
train,2018-08-22 12:25:00,23.99986464691001,22.68735672253068
train,2018-08-22 12:30:00,24.000116238391648,22.716917515069966
train,2018-08-22 12:35:00,23.99997155862975,22.74628523399552
train,2018-08-22 12:40:00,23.99996781907586,22.775635317509856
train,2018-08-22 12:45:00,23.999965714374536,22.80495027890406
train,2018-08-22 12:50:00,23.99996390370197,22.834258265226506
train,2018-08-22 12:55:00,23.999962290145973,22.863561739228835
train,2018-08-22 13:00:00,23.999960840004093,22.89286404404415
train,2018-08-22 13:05:00,23.99995990918317,22.921291731684615
train,2018-08-22 13:10:00,23.99995905038149,22.948909810777042
train,2018-08-22 13:15:00,23.99995828242667,22.975776703970823
train,2018-08-22 13:20:00,23.99995759285662,23.0019442048629
train,2018-08-22 13:25:00,23.9999569776978,23.02745911954209
train,2018-08-22 13:30:00,23.999956429410386,23.052363460924187
train,2018-08-22 13:35:00,23.999961427137688,23.077045265764806
train,2018-08-22 13:40:00,23.99996151400823,23.101361189623088
train,2018-08-22 13:45:00,23.99996129263952,23.12522963101214
train,2018-08-22 13:50:00,23.99996211980121,23.148697167851978
train,2018-08-22 13:55:00,23.99996201176976,23.171757344519975
train,2018-08-22 14:00:00,23.99996187480104,23.19441201826154
train,2018-08-22 14:05:00,23.999961973385744,23.216373561197532
train,2018-08-22 14:10:00,23.99996208792956,23.237683075021824
train,2018-08-22 14:15:00,23.9999622989244,23.258395056084538
train,2018-08-22 14:20:00,23.99996254680193,23.278538283134473
train,2018-08-22 14:25:00,23.99996285845097,23.298148387702177
train,2018-08-22 14:30:00,23.999963285303245,23.317270037375785
train,2018-08-22 14:35:00,23.999963150408465,23.33585628503428
train,2018-08-22 14:40:00,23.9999633552239,23.353935089987196
train,2018-08-22 14:45:00,23.999963638448104,23.37154882360143
train,2018-08-22 14:50:00,23.99996374152712,23.388716943399032
train,2018-08-22 14:55:00,23.99996408641281,23.405473280392986
train,2018-08-22 15:00:00,23.9999644788098,23.421841922569666
train,2018-08-22 15:05:00,23.999959998344625,23.435337532382842
train,2018-08-22 15:10:00,23.99996058960818,23.446305369350725
train,2018-08-22 15:15:00,23.999961481012267,23.454993214214202
train,2018-08-22 15:20:00,23.999965963246616,23.46169924020698
train,2018-08-22 15:25:00,23.999967651674496,23.466464843042388
train,2018-08-22 15:30:00,23.99996927602118,23.469356176502227
train,2018-08-22 15:35:00,23.999999695677467,23.47139203473684
train,2018-08-22 15:40:00,23.999999999586507,23.472696418917824
train,2018-08-22 15:45:00,23.999999999632443,23.472671173648457
train,2018-08-22 15:50:00,24.00000000239742,23.471049253502912
train,2018-08-22 15:55:00,24.000000001884967,23.467984799159062
train,2018-08-22 16:00:00,24.00000000001493,23.463596294491698
train,2018-08-22 16:05:00,24.00000000000012,23.459624772826366
train,2018-08-22 16:10:00,24.0,23.456818896374678
train,2018-08-22 16:15:00,24.000000000000004,23.454279046051113
train,2018-08-22 16:20:00,24.0,23.451921446139856
train,2018-08-22 16:25:00,24.0,23.44965138796815
train,2018-08-22 16:30:00,24.0,23.44740294184216
train,2018-08-22 16:35:00,24.0,23.4450877810748
train,2018-08-22 16:40:00,24.0,23.442686755790273
train,2018-08-22 16:45:00,24.0,23.440207554529653
val,2018-08-22 16:50:00,24.0,23.437539660695588
val,2018-08-22 16:55:00,24.0,23.434697372275114
val,2018-08-22 17:00:00,24.0,23.43170846939116
val,2018-08-22 17:05:00,24.0,23.429452672068464
val,2018-08-22 17:10:00,24.000000000000004,23.427871244277902
val,2018-08-22 17:15:00,24.0,23.4269035677499
val,2018-08-22 17:20:00,24.0,23.426479969846184
val,2018-08-22 17:25:00,24.000000000000004,23.426539318324128
val,2018-08-22 17:30:00,24.000000000000004,23.427024661720864
val,2018-08-22 17:35:00,24.0,23.42782522126395
val,2018-08-22 17:40:00,24.0,23.428927208264724
val,2018-08-22 17:45:00,24.000000000000004,23.430325987120934
val,2018-08-22 17:50:00,24.0,23.431955389933357
val,2018-08-22 17:55:00,24.000000000000004,23.432973132188557
val,2018-08-22 18:00:00,24.0,23.4341544324135
val,2018-08-22 18:05:00,24.0,23.434371591519405
val,2018-08-22 18:10:00,24.0,23.43413995118607
val,2018-08-22 18:15:00,24.0,23.433497561877193
val,2018-08-22 18:20:00,24.0,23.43244894819021
val,2018-08-22 18:25:00,24.0,23.431035877665124
val,2018-08-22 18:30:00,24.0,23.42925452018437
val,2018-08-22 18:35:00,24.0,23.42705516509367
val,2018-08-22 18:40:00,24.0,23.424593382712903
val,2018-08-22 18:45:00,24.0,23.421826709792388
val,2018-08-22 18:50:00,24.0,23.4186984632946
val,2018-08-22 18:55:00,24.000000000000007,23.415232885315838
val,2018-08-22 19:00:00,24.0,23.411450827761872
val,2018-08-22 19:05:00,24.000000000000004,23.407490214565783
val,2018-08-22 19:10:00,24.000000000000004,23.402817088115498
val,2018-08-22 19:15:00,24.0,23.39746746808137
val,2018-08-22 19:20:00,24.0,23.391476219837944
val,2018-08-22 19:25:00,24.0,23.38487539017267
val,2018-08-22 19:30:00,24.0,23.37769548761425
val,2018-08-22 19:35:00,24.000000000000004,23.370141493643487
val,2018-08-22 19:40:00,24.0,23.362110462200345
val,2018-08-22 19:45:00,24.0,23.353560036234786
val,2018-08-22 19:50:00,24.000000000000004,23.344585855785002
val,2018-08-22 19:55:00,24.0,23.335150154166747
val,2018-08-22 20:00:00,24.000000000000004,23.32524620738524
val,2018-08-22 20:05:00,24.0,23.315707701721212
val,2018-08-22 20:10:00,24.000000000000004,23.306485428831028
val,2018-08-22 20:15:00,24.0,23.29753699308027
val,2018-08-22 20:20:00,24.0,23.288825151277635
val,2018-08-22 20:25:00,24.0,23.280317667449808
val,2018-08-22 20:30:00,24.0,23.271986545222102
val,2018-08-22 20:35:00,24.0,23.26383207941929
val,2018-08-22 20:40:00,24.0,23.25580931713887
val,2018-08-22 20:45:00,24.001414962137737,23.248032848618195
val,2018-08-22 20:50:00,24.00066769860421,23.240089411850516
val,2018-08-22 20:55:00,23.996778242190604,23.23207115087565
val,2018-08-22 21:00:00,23.99003012177941,23.223916421247825
val,2018-08-22 21:05:00,23.974402753053447,23.215581774019736
val,2018-08-22 21:10:00,23.95326502826941,23.206878181571664
val,2018-08-22 21:15:00,23.930053679413312,23.19770382464116
val,2018-08-22 21:20:00,23.906402377822747,23.188032768863046
val,2018-08-22 21:25:00,23.882736510426373,23.177874425254313
val,2018-08-22 21:30:00,23.85903566455256,23.167246895205135
val,2018-08-22 21:35:00,23.83239393688648,23.155910453905445
val,2018-08-22 21:40:00,23.80381052944212,23.14408403954911
val,2018-08-22 21:45:00,23.774609292125724,23.131745062203382
val,2018-08-22 21:50:00,23.74406701397123,23.118769595918582
val,2018-08-22 21:55:00,23.71288783252384,23.1052815595839
val,2018-08-22 22:00:00,23.681847390411694,23.09128643639971
val,2018-08-22 22:05:00,23.651371210400104,23.076799703869046
val,2018-08-22 22:10:00,23.6215542997808,23.06185744070432
val,2018-08-22 22:15:00,23.59237666102944,23.04649053385516
val,2018-08-22 22:20:00,23.563784707596,23.030728445831805
val,2018-08-22 22:25:00,23.535727529137294,23.01459855618683
val,2018-08-22 22:30:00,23.50816480302546,22.998126286888088
val,2018-08-22 22:35:00,23.4796186853713,22.981204571603264
val,2018-08-22 22:40:00,23.4505728976684,22.963959501735676
val,2018-08-22 22:45:00,23.42167310794728,22.946393222557184
val,2018-08-22 22:50:00,23.39252147049427,22.928455937684543
val,2018-08-22 22:55:00,23.363449064162538,22.910221517109083
val,2018-08-22 23:00:00,23.334763131626463,22.891703359248037
val,2018-08-22 23:05:00,23.322808689843257,22.87293302531135
val,2018-08-22 23:10:00,23.320205348975254,22.854260959833557
val,2018-08-22 23:15:00,23.31922754112591,22.83588364505252
val,2018-08-22 23:20:00,23.31644142170323,22.817829037975653
val,2018-08-22 23:25:00,23.311256928617173,22.80005210989156
val,2018-08-22 23:30:00,23.30412355671823,22.782496911296633
val,2018-08-22 23:35:00,23.295427426861693,22.7651187413633
val,2018-08-22 23:40:00,23.285321707503964,22.74788243163375
val,2018-08-22 23:45:00,23.273854504232105,22.73075712293327
val,2018-08-22 23:50:00,23.261085081490748,22.713713899458984
val,2018-08-22 23:55:00,23.24710186554122,22.696725944555553
val,2018-08-23 00:00:00,23.23200995824516,22.679769073809283
val,2018-08-23 00:05:00,23.215898179212854,22.66281474961352
val,2018-08-23 00:10:00,23.198930125680025,22.64585157902449
val,2018-08-23 00:15:00,23.18124050266904,22.628864650782173
val,2018-08-23 00:20:00,23.16292604584231,22.61184226070692
val,2018-08-23 00:25:00,23.14405781570556,22.594775012797424
val,2018-08-23 00:30:00,23.124697970764696,22.57765520777586
val,2018-08-23 00:35:00,23.10490487351664,22.560476604055896
val,2018-08-23 00:40:00,23.084732370452304,22.54323429419295
val,2018-08-23 00:45:00,23.064237517355902,22.52592457062119
val,2018-08-23 00:50:00,23.043450367214053,22.50854495849168
val,2018-08-23 00:55:00,23.02241068683644,22.49109361255908
val,2018-08-23 01:00:00,23.00115524480353,22.473569504674067
val,2018-08-23 01:05:00,22.978478521720763,22.455244809087
val,2018-08-23 01:10:00,22.95427455066152,22.436200176011862
val,2018-08-23 01:15:00,22.928775447075992,22.416450853368406
val,2018-08-23 01:20:00,22.902201576933223,22.396012546253544
val,2018-08-23 01:25:00,22.87469238753569,22.3749016439756
val,2018-08-23 01:30:00,22.846330904518823,22.3531339235091
val,2018-08-23 01:35:00,22.817173828297744,22.330723753088044
val,2018-08-23 01:40:00,22.787266866859586,22.307683906132816
val,2018-08-23 01:45:00,22.75664930953061,22.28402566307619
val,2018-08-23 01:50:00,22.725354466968675,22.259758971483883
val,2018-08-23 01:55:00,22.69340952676907,22.234892580245972
val,2018-08-23 02:00:00,22.66083583392973,22.209434140152947
val,2018-08-23 02:05:00,22.6282164494696,22.183747393389048
val,2018-08-23 02:10:00,22.595672248635186,22.157803543609116
val,2018-08-23 02:15:00,22.563147065803747,22.131599953610618
val,2018-08-23 02:20:00,22.53056491397659,22.10513398842392
val,2018-08-23 02:25:00,22.49787301169213,22.07840246558482
val,2018-08-23 02:30:00,22.46503898383544,22.05140204532031
val,2018-08-23 02:35:00,22.43169858406625,22.02409743299662
val,2018-08-23 02:40:00,22.39792218379227,21.996511507472306
val,2018-08-23 02:45:00,22.36393809678544,21.96863653530291
val,2018-08-23 02:50:00,22.32969611540233,21.940455151884425
val,2018-08-23 02:55:00,22.295148573180363,21.911980273406684
val,2018-08-23 03:00:00,22.26030086337418,21.883208685945053
val,2018-08-23 03:05:00,22.22491360717984,21.854419040410008
val,2018-08-23 03:10:00,22.1895561526829,21.82563547294429
val,2018-08-23 03:15:00,22.15452719102389,21.796841827142952
val,2018-08-23 03:20:00,22.119849009720028,21.768030956636593
val,2018-08-23 03:25:00,22.085429440241967,21.739198345147962
val,2018-08-23 03:30:00,22.05117682052797,21.710339375150102
val,2018-08-23 03:35:00,22.01735154019483,21.681479368131026
val,2018-08-23 03:40:00,21.98382367202181,21.652589407128755
val,2018-08-23 03:45:00,21.95046622712368,21.623669973544345
val,2018-08-23 03:50:00,21.917394711674543,21.59473699859659
val,2018-08-23 03:55:00,21.88451311356806,21.565775154724083
val,2018-08-23 04:00:00,21.85173326107377,21.53678539341771
val,2018-08-23 04:05:00,21.79177425924636,21.50332488088836
val,2018-08-23 04:10:00,21.709706598227413,21.469041680712618
val,2018-08-23 04:15:00,21.62050693296378,21.433510041384285
val,2018-08-23 04:20:00,21.53276437474789,21.39662720815075
val,2018-08-23 04:25:00,21.44871653649698,21.358470397873795
val,2018-08-23 04:30:00,21.368171919927203,21.31916022807456
val,2018-08-23 04:35:00,21.292023242929787,21.27895406701065
val,2018-08-23 04:40:00,21.21942135418689,21.23782906771487
val,2018-08-23 04:45:00,21.14934600684117,21.195889246543494
val,2018-08-23 04:50:00,21.08194509344918,21.153286856046446
val,2018-08-23 04:55:00,21.01657587940021,21.110025597589452
val,2018-08-23 05:00:00,20.95264467283099,21.06616808984257
val,2018-08-23 05:05:00,20.999791069940425,21.034852645508032
val,2018-08-23 05:10:00,21.025724501010977,20.996669477140514
val,2018-08-23 05:15:00,21.01667242296009,20.96037082214767
val,2018-08-23 05:20:00,21.000010964608133,20.926248091015047
val,2018-08-23 05:25:00,21.00000001598295,20.894447763247936
val,2018-08-23 05:30:00,21.00000000001479,20.862570187401015
val,2018-08-23 05:35:00,21.00000000000001,20.832096365590026
val,2018-08-23 05:40:00,21.0,20.802680487548155
val,2018-08-23 05:45:00,21.0,20.774269985218456
val,2018-08-23 05:50:00,21.0,20.746822107675396
val,2018-08-23 05:55:00,21.0,20.719686115948754
val,2018-08-23 06:00:00,21.0,20.693450163612034
val,2018-08-23 06:05:00,21.0,20.6686775101745
val,2018-08-23 06:10:00,21.0,20.64531576119364
val,2018-08-23 06:15:00,21.0,20.62330585296975
val,2018-08-23 06:20:00,21.000000000000004,20.60258546881318
val,2018-08-23 06:25:00,21.0,20.583095384903178
val,2018-08-23 06:30:00,21.0,20.56476570098636
val,2018-08-23 06:35:00,21.0,20.547582099504744
val,2018-08-23 06:40:00,21.0,20.531490735775638
val,2018-08-23 06:45:00,21.0,20.516441344080924
val,2018-08-23 06:50:00,21.0,20.502380137930917
val,2018-08-23 06:55:00,21.0,20.489259100665834
val,2018-08-23 07:00:00,21.000000000000004,20.477056332707896
val,2018-08-23 07:05:00,21.0,20.465155683905873
val,2018-08-23 07:10:00,21.0,20.45355868242177
val,2018-08-23 07:15:00,21.0,20.442283378490373
val,2018-08-23 07:20:00,21.0,20.431340159135473
val,2018-08-23 07:25:00,21.000000000000004,20.420734482044946
val,2018-08-23 07:30:00,21.0,20.410484733548167
val,2018-08-23 07:35:00,21.0,20.40053609509764
val,2018-08-23 07:40:00,21.0,20.39089154805547
val,2018-08-23 07:45:00,20.99867931329613,20.381417152687682
val,2018-08-23 07:50:00,20.999999771568504,20.37257749655825
val,2018-08-23 07:55:00,21.00139030690061,20.363871165631082
val,2018-08-23 08:00:00,21.00403104956212,20.35569099832896
val,2018-08-23 08:05:00,21.0105634995203,20.349464244734822
val,2018-08-23 08:10:00,21.02175396579269,20.345109560353553
val,2018-08-23 08:15:00,21.037254650225144,20.342633523123553
val,2018-08-23 08:20:00,21.056513803061726,20.342042246382512
val,2018-08-23 08:25:00,21.07913874321277,20.34333625442459
val,2018-08-23 08:30:00,21.104901279876845,20.346513263728166
val,2018-08-23 08:35:00,21.138129606862936,20.351980600503378
val,2018-08-23 08:40:00,21.177019398317025,20.35941345161492
val,2018-08-23 08:45:00,21.21942225818685,20.368869403040268
val,2018-08-23 08:50:00,21.26216588313885,20.38016348211614
val,2018-08-23 08:55:00,21.30597559414292,20.393448098415266
val,2018-08-23 09:00:00,21.35174623209477,20.40869124909759
val,2018-08-23 09:05:00,21.397030194242905,20.424641286703576
val,2018-08-23 09:10:00,21.44236156026247,20.441548944911162
val,2018-08-23 09:15:00,21.488741052013808,20.459429939256598
val,2018-08-23 09:20:00,21.536803971988085,20.478316209101138
val,2018-08-23 09:25:00,21.586961026489373,20.498248318038147
val,2018-08-23 09:30:00,21.639260800032098,20.519270959647624
val,2018-08-23 09:35:00,21.69342435728825,20.541425834326663
val,2018-08-23 09:40:00,21.749314466023275,20.564732150676072
val,2018-08-23 09:45:00,21.806907500668288,20.589208608333916
val,2018-08-23 09:50:00,21.86619945748931,20.614873760108654
val,2018-08-23 09:55:00,21.927213677134247,20.64173979564203
val,2018-08-23 10:00:00,21.990027179682794,20.66982020819654
val,2018-08-23 10:05:00,22.052613733368112,20.699325157376716
val,2018-08-23 10:10:00,22.115852937701323,20.730407152005274
val,2018-08-23 10:15:00,22.18077046376797,20.76303004728237
val,2018-08-23 10:20:00,22.24703571866273,20.797106562795193
val,2018-08-23 10:25:00,22.315044348999336,20.832696609349487
val,2018-08-23 10:30:00,22.3851321096196,20.869792991705857
val,2018-08-23 10:35:00,22.45743125237406,20.908399352376446
val,2018-08-23 10:40:00,22.531903460048984,20.948525105511898
val,2018-08-23 10:45:00,22.60841288046465,20.99017891424172
val,2018-08-23 10:50:00,22.686782504134868,21.033366586365087
val,2018-08-23 10:55:00,22.766819286500787,21.07809023667618
val,2018-08-23 11:00:00,22.848318739169382,21.12434801413085
val,2018-08-23 11:05:00,22.931348278782693,21.172018965356763
val,2018-08-23 11:10:00,23.01566743526245,21.22108827427616
val,2018-08-23 11:15:00,23.101067212429648,21.27155479035651
val,2018-08-23 11:20:00,23.1873889415194,21.323412325023703
val,2018-08-23 11:25:00,23.2745045588072,21.376650957928273
val,2018-08-23 11:30:00,23.362337764685392,21.431257874521265
val,2018-08-23 11:35:00,23.4724924611954,21.48927805712784
val,2018-08-23 11:40:00,23.59685947206449,21.549054460376773
val,2018-08-23 11:45:00,23.72552355035973,21.610845365550304
val,2018-08-23 11:50:00,23.86438098808158,21.675720777841605
val,2018-08-23 11:55:00,23.9999327185036,21.7419719561605
val,2018-08-23 12:00:00,23.999999419243498,21.797085481401503
val,2018-08-23 12:05:00,23.999999997707945,21.859096682197205
val,2018-08-23 12:10:00,23.999999999987,21.916859574660624
val,2018-08-23 12:15:00,23.99999999999992,21.97311922084797
val,2018-08-23 12:20:00,24.0,22.02802163656978
val,2018-08-23 12:25:00,24.0,22.08153356858584
val,2018-08-23 12:30:00,24.000000000000004,22.133676850878057
val,2018-08-23 12:35:00,24.0,22.184482748804797
val,2018-08-23 12:40:00,24.0,22.23398416810295
val,2018-08-23 12:45:00,24.0,22.28221045155993
val,2018-08-23 12:50:00,24.0,22.32920923296317
val,2018-08-23 12:55:00,24.0,22.375011373722856
val,2018-08-23 13:00:00,24.000000000000004,22.41965389813297
val,2018-08-23 13:05:00,24.0,22.462532329593415
val,2018-08-23 13:10:00,24.0,22.50373083304402
val,2018-08-23 13:15:00,24.0,22.54333366179072
val,2018-08-23 13:20:00,24.0,22.58141005368251
val,2018-08-23 13:25:00,24.0,22.61801241591204
val,2018-08-23 13:30:00,24.0,22.653209959125622
val,2018-08-23 13:35:00,24.000000000000004,22.68707579054309
val,2018-08-23 13:40:00,24.0,22.719672594396936
val,2018-08-23 13:45:00,24.0,22.751056830075367
val,2018-08-23 13:50:00,24.0,22.781279182437974
val,2018-08-23 13:55:00,24.0,22.810389956487935
val,2018-08-23 14:00:00,24.0,22.838439544457867
val,2018-08-23 14:05:00,24.000000000000004,22.86612779917241
val,2018-08-23 14:10:00,24.000000000000004,22.89345882135371
val,2018-08-23 14:15:00,23.99999999878301,22.920427652799507
val,2018-08-23 14:20:00,24.000000001309346,22.94703598692323
val,2018-08-23 14:25:00,24.000000000274834,22.97328836828552
val,2018-08-23 14:30:00,24.00000000023812,22.999195186662533
val,2018-08-23 14:35:00,24.000000000001965,23.024762368920435
val,2018-08-23 14:40:00,24.000000000559435,23.049957915865736
val,2018-08-23 14:45:00,23.999999998391,23.074771754928886
val,2018-08-23 14:50:00,23.99999999998684,23.099232814232103
val,2018-08-23 14:55:00,23.99999999999989,23.123331861612474
val,2018-08-23 15:00:00,24.0,23.147067144840413
val,2018-08-23 15:05:00,24.000000000375355,23.17103627222912
val,2018-08-23 15:10:00,23.99999999895877,23.195224436175693
val,2018-08-23 15:15:00,23.99999999963074,23.2196136002477
val,2018-08-23 15:20:00,23.999999999108947,23.24414176574385
val,2018-08-23 15:25:00,24.000000000408047,23.268782019015607
val,2018-08-23 15:30:00,23.99999999979542,23.293530595928154
val,2018-08-23 15:35:00,23.99999999891089,23.318253934369555
val,2018-08-23 15:40:00,24.000000000274525,23.342982217488885
val,2018-08-23 15:45:00,23.99985112757874,23.367708338644515
val,2018-08-23 15:50:00,23.999940464321337,23.392429460588485
val,2018-08-23 15:55:00,23.999988758512856,23.41709665529565
val,2018-08-23 16:00:00,23.999979184850297,23.44168668882041
val,2018-08-23 16:05:00,23.999978259315693,23.46558109823993
val,2018-08-23 16:10:00,23.99997726988167,23.488813365855467
val,2018-08-23 16:15:00,23.999976241132533,23.511412842925896
val,2018-08-23 16:20:00,23.99997515760196,23.53340213301112
val,2018-08-23 16:25:00,23.99997402085524,23.55480010838521
val,2018-08-23 16:30:00,23.999972484882395,23.57556039208566
val,2018-08-23 16:35:00,23.999970476490336,23.595805124732635
val,2018-08-23 16:40:00,23.999970156484668,23.61566954916077
val,2018-08-23 16:45:00,23.99996988579326,23.635163578883635
val,2018-08-23 16:50:00,23.99996907758388,23.654282330748703
val,2018-08-23 16:55:00,23.999968829502663,23.673047057901478
val,2018-08-23 17:00:00,23.999968654788937,23.691474160101766
val,2018-08-23 17:05:00,23.999965347668613,23.70885783317609
val,2018-08-23 17:10:00,23.999965247939723,23.725310012610105
val,2018-08-23 17:15:00,23.99996533815656,23.74091079387062
val,2018-08-23 17:20:00,23.99996404769833,23.75566482765043
val,2018-08-23 17:25:00,23.999964090707085,23.769640989097404
val,2018-08-23 17:30:00,23.999964246139506,23.782891844643427
val,2018-08-23 17:35:00,23.999962670912005,23.795345123485404
val,2018-08-23 17:40:00,23.999962566104607,23.80707023226263
val,2018-08-23 17:45:00,23.99996256946976,23.81811770002988
val,2018-08-23 17:50:00,23.999961889425137,23.828482707647893
val,2018-08-23 17:55:00,23.9999619058862,23.838220013258532
val,2018-08-23 18:00:00,23.99996202607876,23.847374020442377
val,2018-08-23 18:05:00,23.99996013011752,23.855586654624982
val,2018-08-23 18:10:00,23.99996064265038,23.862629863628076
val,2018-08-23 18:15:00,23.999961339882283,23.868595894956183
val,2018-08-23 18:20:00,23.9999621917612,23.873564206367966
val,2018-08-23 18:25:00,23.99996310719161,23.877568165566128
val,2018-08-23 18:30:00,23.99996414997068,23.88065854477964
val,2018-08-23 18:35:00,23.99996385263508,23.882769308332737
val,2018-08-23 18:40:00,23.99996554130184,23.884219615140147
val,2018-08-23 18:45:00,23.999966986139093,23.88488105348299
val,2018-08-23 18:50:00,23.999967487899383,23.884658039681362
val,2018-08-23 18:55:00,23.999968717656653,23.88358807272583
val,2018-08-23 19:00:00,23.99997010397159,23.88170685982422
val,2018-08-23 19:05:00,23.9999697266908,23.8807770656484
val,2018-08-23 19:10:00,23.99997025627597,23.88063482958707
val,2018-08-23 19:15:00,23.9999708457376,23.881191991548103
val,2018-08-23 19:20:00,23.99997149741216,23.882375159041107
val,2018-08-23 19:25:00,24.00015579583528,23.884138962245995
val,2018-08-23 19:30:00,23.999943920472987,23.886359553542004
val,2018-08-23 19:35:00,23.999999435772644,23.889204046995864
val,2018-08-23 19:40:00,23.999999994576147,23.892475844375888
val,2018-08-23 19:45:00,23.99999999945733,23.89612796019312
val,2018-08-23 19:50:00,24.00000000070584,23.900163888041522
val,2018-08-23 19:55:00,23.99999999951899,23.9045126517874
val,2018-08-23 20:00:00,24.000000000157684,23.909120988508747
val,2018-08-23 20:05:00,24.000000000001293,23.913449650833606
val,2018-08-23 20:10:00,24.00000000000001,23.91744778737185
val,2018-08-23 20:15:00,24.0,23.921087296609603
val,2018-08-23 20:20:00,24.0,23.924438997797736
val,2018-08-23 20:25:00,24.0,23.927475727652816
val,2018-08-23 20:30:00,24.0,23.93018386883841
val,2018-08-23 20:35:00,24.0,23.93269486055617
val,2018-08-23 20:40:00,24.000000000000004,23.934944257372052
val,2018-08-23 20:45:00,24.0,23.936894587323643
val,2018-08-23 20:50:00,24.0,23.938606077255393
val,2018-08-23 20:55:00,24.0,23.940047890728607
val,2018-08-23 21:00:00,23.99999999999999,23.941204193652947
val,2018-08-23 21:05:00,24.097488908169662,23.95169061956606
val,2018-08-23 21:10:00,24.2452076603686,23.962654800721072
val,2018-08-23 21:15:00,24.395766073604747,23.975216485145303
val,2018-08-23 21:20:00,24.529423669097465,23.989455626045096
val,2018-08-23 21:25:00,24.644043792343613,24.005028693866166
val,2018-08-23 21:30:00,24.743274867001016,24.021552454388647
val,2018-08-23 21:35:00,24.83092928309284,24.038726892906716
val,2018-08-23 21:40:00,24.90991824647159,24.056336245336897
val,2018-08-23 21:45:00,24.98167867832873,24.074227704574504
val,2018-08-23 21:50:00,25.046959577964326,24.092278779417672
val,2018-08-23 21:55:00,25.10636609702581,24.11038216503174
val,2018-08-23 22:00:00,25.16053450445602,24.12844249641496
val,2018-08-23 22:05:00,25.210358955530232,24.146710417486037
val,2018-08-23 22:10:00,25.25623464935705,24.165098458018125
val,2018-08-23 22:15:00,25.298503975128234,24.1835267044205
val,2018-08-23 22:20:00,25.33744985221286,24.20192372282639
val,2018-08-23 22:25:00,25.37322139274402,24.220225145819395
val,2018-08-23 22:30:00,25.40579042331051,24.238370738817466
val,2018-08-23 22:35:00,25.43514013315092,24.25630063246727
val,2018-08-23 22:40:00,25.461100195488253,24.273955631721023
val,2018-08-23 22:45:00,25.483637072045163,24.291274038178372
val,2018-08-23 22:50:00,25.5028402730035,24.30819467541625
val,2018-08-23 22:55:00,25.51886648380521,24.324659536900274
val,2018-08-23 23:00:00,25.531898865245864,24.34061517763128
val,2018-08-23 23:05:00,25.50784361825552,24.356028402013614
val,2018-08-23 23:10:00,25.46268419721641,24.370117046687376
val,2018-08-23 23:15:00,25.41312690878811,24.382473184341958
val,2018-08-23 23:20:00,25.36663933654288,24.393052695383503
val,2018-08-23 23:25:00,25.324556734939595,24.401970060938925
val,2018-08-23 23:30:00,25.28605005226757,24.40936449885063
val,2018-08-23 23:35:00,25.25010766990177,24.415353633117487
val,2018-08-23 23:40:00,25.21605315221066,24.42003029984571
val,2018-08-23 23:45:00,25.183490589999607,24.423470363036678
val,2018-08-23 23:50:00,25.152156735557867,24.42573914447954
val,2018-08-23 23:55:00,25.12185819938536,24.42689454158188
val,2018-08-24 00:00:00,25.0924432799045,24.426988725140262
val,2018-08-24 00:05:00,25.06340544636933,24.426394941214195
val,2018-08-24 00:10:00,25.0346520502678,24.42513418131917
val,2018-08-24 00:15:00,25.006062063359952,24.423217448736793
val,2018-08-24 00:20:00,24.977517312834607,24.42065498736172
val,2018-08-24 00:25:00,24.94894368908414,24.417456099381976
val,2018-08-24 00:30:00,24.920298758677955,24.413629867591403
val,2018-08-24 00:35:00,24.89155666607072,24.40918562268991
val,2018-08-24 00:40:00,24.86269172064896,24.40413310341726
val,2018-08-24 00:45:00,24.83368451593069,24.3984822886141
val,2018-08-24 00:50:00,24.804549630905512,24.39224338292419
val,2018-08-24 00:55:00,24.77530630088056,24.38542740295387
val,2018-08-24 01:00:00,24.74597333826125,24.37804614391883
val,2018-08-24 01:05:00,24.715675152465604,24.370048414091695
val,2018-08-24 01:10:00,24.68454869805966,24.361493804862235
val,2018-08-24 01:15:00,24.652891198117448,24.35237999433479
val,2018-08-24 01:20:00,24.62089535262887,24.342711364541717
val,2018-08-24 01:25:00,24.58865367106092,24.332496545992445
val,2018-08-24 01:30:00,24.556212113324627,24.321746137163576
val,2018-08-24 01:35:00,24.52360456609008,24.310471626466907
val,2018-08-24 01:40:00,24.490865030257787,24.298685076174994
val,2018-08-24 01:45:00,24.45802885605708,24.286399076434563
val,2018-08-24 01:50:00,24.45566856122737,24.273626730758846
val,2018-08-24 01:55:00,24.4712859419783,24.26102194093858
val,2018-08-24 02:00:00,24.49135820354733,24.248957255938407
val,2018-08-24 02:05:00,24.509412431196186,24.236863917060894
val,2018-08-24 02:10:00,24.523520901851853,24.224706206014844
val,2018-08-24 02:15:00,24.533781530799608,24.212429006368534
val,2018-08-24 02:20:00,24.54075512598265,24.19997731827171
val,2018-08-24 02:25:00,24.54486238143317,24.187306328620803
val,2018-08-24 02:30:00,24.52008410528445,24.17437851695375
val,2018-08-24 02:35:00,24.47889258305744,24.16057765929141
val,2018-08-24 02:40:00,24.4344963220266,24.145628794081013
val,2018-08-24 02:45:00,24.39276530426229,24.12950763010425
val,2018-08-24 02:50:00,24.3545203416666,24.11229640682696
val,2018-08-24 02:55:00,24.319022981206857,24.094120777580553
val,2018-08-24 03:00:00,24.2853639785297,24.075070602050403
val,2018-08-24 03:05:00,24.25175713594896,24.055491239294795
val,2018-08-24 03:10:00,24.21778958425376,24.0354435289651
val,2018-08-24 03:15:00,24.18350929872857,24.014922192334996
val,2018-08-24 03:20:00,24.148985930710047,23.99392416717399
val,2018-08-24 03:25:00,24.114209451090872,23.972448874679095
val,2018-08-24 03:30:00,24.07912066565748,23.950496370277016
val,2018-08-24 03:35:00,24.04400925156051,23.928096574828757
val,2018-08-24 03:40:00,24.008723708579456,23.905224633459316
val,2018-08-24 03:45:00,23.97308823660347,23.88188405716409
val,2018-08-24 03:50:00,23.93717579875525,23.858090351590338
val,2018-08-24 03:55:00,23.90093428977224,23.833830094456488
val,2018-08-24 04:00:00,23.864353379618827,23.80910476775796
val,2018-08-24 04:05:00,23.806199142247472,23.78069813960887
val,2018-08-24 04:10:00,23.736768349323707,23.75145337102407
val,2018-08-24 04:15:00,23.66676395768064,23.721159844488234
val,2018-08-24 04:20:00,23.598349070344742,23.68957842139252
val,2018-08-24 04:25:00,23.53333845946511,23.657029894373114
val,2018-08-24 04:30:00,23.47223650057649,23.623609482739756
val,2018-08-24 04:35:00,23.413486690839346,23.589294565149803
val,2018-08-24 04:40:00,23.35709153717017,23.554281540824967
val,2018-08-24 04:45:00,23.30314757400156,23.51863633059526
val,2018-08-24 04:50:00,23.25152277505425,23.482424971088427
val,2018-08-24 04:55:00,23.20193703519398,23.445708908005873
val,2018-08-24 05:00:00,23.154078543022173,23.408542083148177
val,2018-08-24 05:05:00,23.134954621492685,23.373977084878153
val,2018-08-24 05:10:00,23.131884681019702,23.33924330993814
val,2018-08-24 05:15:00,23.13151054124565,23.304690680019018
val,2018-08-24 05:20:00,23.127735267030094,23.27037650973985
val,2018-08-24 05:25:00,23.120105461416426,23.236236994859723
val,2018-08-24 05:30:00,23.10917418516186,23.202199275461947
val,2018-08-24 05:35:00,23.0933214989695,23.167940453492275
val,2018-08-24 05:40:00,23.07419111637537,23.133624692090066
val,2018-08-24 05:45:00,23.053370261678083,23.09919028044813
val,2018-08-24 05:50:00,23.030404726274806,23.064482334644907
val,2018-08-24 05:55:00,23.006050389294288,23.029594048769226
val,2018-08-24 06:00:00,22.980958167551016,22.994504232536155
val,2018-08-24 06:05:00,22.9613431897754,22.960983693399385
val,2018-08-24 06:10:00,22.946317837111987,22.928611989090285
val,2018-08-24 06:15:00,22.933961023119288,22.89740414868494
val,2018-08-24 06:20:00,22.92508298200937,22.867527425654135
val,2018-08-24 06:25:00,22.918525528747075,22.838795977505406
val,2018-08-24 06:30:00,22.91339397478409,22.81119584805946
val,2018-08-24 06:35:00,22.91075979389409,22.78484677424274
val,2018-08-24 06:40:00,22.909962416975983,22.75958667912553
val,2018-08-24 06:45:00,22.910316401273,22.73539957371511
val,2018-08-24 06:50:00,22.912338214509177,22.712335438558416
val,2018-08-24 06:55:00,22.91566273372333,22.690306204437075
val,2018-08-24 07:00:00,22.91992370478468,22.66929739656634
val,2018-08-24 07:05:00,22.925353621763765,22.6486393394882
val,2018-08-24 07:10:00,22.931864998110026,22.628348524085578
val,2018-08-24 07:15:00,22.939193921776912,22.60845729968241
val,2018-08-24 07:20:00,22.946866848118784,22.588989664313342
val,2018-08-24 07:25:00,22.954845091580776,22.56995729711805
val,2018-08-24 07:30:00,22.96322124146772,22.551369257228746
val,2018-08-24 07:35:00,22.97196708040027,22.53324995458965
val,2018-08-24 07:40:00,22.98082189359229,22.51559003803105
val,2018-08-24 07:45:00,22.989696581941395,22.49838937137465
val,2018-08-24 07:50:00,22.99466389656841,22.481254703511944
val,2018-08-24 07:55:00,22.997326154923936,22.4644999308391
val,2018-08-24 08:00:00,22.99956626304901,22.448074126133836
val,2018-08-24 08:05:00,23.00469478415853,22.432227418483414
val,2018-08-24 08:10:00,23.01187251507479,22.416751594220273
val,2018-08-24 08:15:00,23.01985776583233,22.40168578760351
val,2018-08-24 08:20:00,23.03007366931649,22.387239768814236
val,2018-08-24 08:25:00,23.041467669857045,22.373250747964413
val,2018-08-24 08:30:00,23.052823189303844,22.359735711025053
val,2018-08-24 08:35:00,23.064754781421044,22.346704563623177
val,2018-08-24 08:40:00,23.078006090977578,22.334160124792476
val,2018-08-24 08:45:00,23.092583818526524,22.32213190808101
val,2018-08-24 08:50:00,23.10846249589396,22.310654319411036
val,2018-08-24 08:55:00,23.12544440895688,22.299745253721195
val,2018-08-24 09:00:00,23.14337080757117,22.28942378723213
val,2018-08-24 09:05:00,23.162995203067982,22.280686072993355
val,2018-08-24 09:10:00,23.185269787995026,22.273514410450247
val,2018-08-24 09:15:00,23.21050525184473,22.267892801565218
val,2018-08-24 09:20:00,23.234274248547774,22.26341326966996
val,2018-08-24 09:25:00,23.257899927913314,22.260398101963137
val,2018-08-24 09:30:00,23.283131261698166,22.258789455371765
val,2018-08-24 09:35:00,23.308460325968635,22.258372348634563
val,2018-08-24 09:40:00,23.3346887935744,22.25929651822185
val,2018-08-24 09:45:00,23.36267346563047,22.261532859623397
val,2018-08-24 09:50:00,23.39282607006635,22.265076424577583
val,2018-08-24 09:55:00,23.425003827931995,22.269929189433807
val,2018-08-24 10:00:00,23.459161704037097,22.276094625401036
val,2018-08-24 10:05:00,23.494493036647977,22.283521767609304
val,2018-08-24 10:10:00,23.531007970973366,22.292256345164994
val,2018-08-24 10:15:00,23.56883798870495,22.30228938857128
val,2018-08-24 10:20:00,23.608166494892924,22.313616272304206
val,2018-08-24 10:25:00,23.64904497154686,22.326237511651275
val,2018-08-24 10:30:00,23.691440757581987,22.34015567422687
val,2018-08-24 10:35:00,23.73542653606062,22.355374649730013
val,2018-08-24 10:40:00,23.78095449630255,22.37189346204747
val,2018-08-24 10:45:00,23.827810848797352,22.389713782332432
val,2018-08-24 10:50:00,23.875934321625618,22.408833751453596
val,2018-08-24 10:55:00,23.925394220138635,22.429250131267338
val,2018-08-24 11:00:00,23.97607475460461,22.450962059063762
val,2018-08-24 11:05:00,23.99996004193354,22.47085215851105
val,2018-08-24 11:10:00,23.99999991230881,22.490446000462303
val,2018-08-24 11:15:00,23.9999999998455,22.5108903337915
val,2018-08-24 11:20:00,23.999999999999662,22.530726577900467
val,2018-08-24 11:25:00,24.0,22.55043426201183
val,2018-08-24 11:30:00,24.0,22.57002416870435
val,2018-08-24 11:35:00,24.0,22.58951307881636
val,2018-08-24 11:40:00,24.0,22.60890529954444
val,2018-08-24 11:45:00,24.0,22.62820041051074
val,2018-08-24 11:50:00,24.0,22.647300388828665
val,2018-08-24 11:55:00,24.0,22.666229082818408
val,2018-08-24 12:00:00,24.000000000000004,22.68499581376309
val,2018-08-24 12:05:00,24.0,22.70385179144605
val,2018-08-24 12:10:00,24.0,22.72281519710946
val,2018-08-24 12:15:00,24.0,22.74190793619798
val,2018-08-24 12:20:00,24.0,22.76114382523425
val,2018-08-24 12:25:00,24.0,22.7806292376718
val,2018-08-24 12:30:00,24.0,22.800345855236674
val,2018-08-24 12:35:00,24.0,22.82027765792655
val,2018-08-24 12:40:00,24.0,22.840412544702588
val,2018-08-24 12:45:00,24.000000000000004,22.860726468424158
val,2018-08-24 12:50:00,24.000000000000004,22.88122266013471
val,2018-08-24 12:55:00,24.0,22.901898440119897
val,2018-08-24 13:00:00,24.0,22.922744366056893
val,2018-08-24 13:05:00,24.0,22.94310999342687
val,2018-08-24 13:10:00,24.0,22.963030566588767
val,2018-08-24 13:15:00,24.0,22.98255720522034
val,2018-08-24 13:20:00,24.0,23.001721672498338
val,2018-08-24 13:25:00,24.000000000000004,23.02055358168253
val,2018-08-24 13:30:00,24.0,23.039065722241155
val,2018-08-24 13:35:00,24.000000000000004,23.05723523155755
val,2018-08-24 13:40:00,24.000000000000004,23.07513003050432
val,2018-08-24 13:45:00,24.00000000157296,23.092786821315446
val,2018-08-24 13:50:00,24.00000000108321,23.110205031879598
val,2018-08-24 13:55:00,23.99999999875357,23.12742198883361
val,2018-08-24 14:00:00,24.000000000462475,23.144467028167185
val,2018-08-24 14:05:00,24.000000000150223,23.161709824099553
val,2018-08-24 14:10:00,23.99990918340048,23.17913578441507
val,2018-08-24 14:15:00,24.000047796620024,23.196777647631283
val,2018-08-24 14:20:00,23.999976026519462,23.214570001318194
val,2018-08-24 14:25:00,23.99997366295336,23.23256855313534
val,2018-08-24 14:30:00,23.99997197257616,23.250738312898115
val,2018-08-24 14:35:00,23.9999698663678,23.26906773680809
val,2018-08-24 14:40:00,23.99996841067457,23.287549786695333
val,2018-08-24 14:45:00,23.99996714122863,23.306194441388293
val,2018-08-24 14:50:00,23.99995953330669,23.32476570208734
val,2018-08-24 14:55:00,23.999958317459253,23.343392173902725
val,2018-08-24 15:00:00,23.99995745193048,23.362140861003102
val,2018-08-24 15:05:00,23.99995548452352,23.379942486671315
val,2018-08-24 15:10:00,23.999955079530835,23.39692339613352
val,2018-08-24 15:15:00,23.99995479467665,23.41316983447863
val,2018-08-24 15:20:00,23.99995456596333,23.42872764078191
val,2018-08-24 15:25:00,23.999954386138462,23.443632811479436
val,2018-08-24 15:30:00,23.999954249784523,23.45791585803489
val,2018-08-24 15:35:00,23.99995410792929,23.471583470479985
val,2018-08-24 15:40:00,23.99995407663907,23.484671724721935
val,2018-08-24 15:45:00,23.99995408600704,23.497210202534422
val,2018-08-24 15:50:00,23.99995413668034,23.509210640520322
val,2018-08-24 15:55:00,23.99995423414053,23.520698696878785
val,2018-08-24 16:00:00,23.999954363245543,23.5316967816431
val,2018-08-24 16:05:00,23.999954338881263,23.542788035330023
val,2018-08-24 16:10:00,23.99995429408221,23.553817329078832
val,2018-08-24 16:15:00,23.99995426192524,23.564690471421667
val,2018-08-24 16:20:00,23.99995425252266,23.575401988800436
val,2018-08-24 16:25:00,23.99995425803533,23.585938263291677
val,2018-08-24 16:30:00,23.999954280953325,23.59629305672275
val,2018-08-24 16:35:00,23.999954260213304,23.606531637905686
val,2018-08-24 16:40:00,23.999954272707004,23.61663480508645
val,2018-08-24 16:45:00,23.999954287805576,23.626635827519834
val,2018-08-24 16:50:00,23.999954270070976,23.636577125083473
val,2018-08-24 16:55:00,23.99995426838057,23.646455711068597
val,2018-08-24 17:00:00,23.99995426698324,23.65627468225366
val,2018-08-24 17:05:00,23.99995432889394,23.665721219730113
val,2018-08-24 17:10:00,23.99995438128556,23.674824507404658
val,2018-08-24 17:15:00,23.99995442808025,23.68360759568475
val,2018-08-24 17:20:00,23.99995447040318,23.692088271998273
val,2018-08-24 17:25:00,23.999954514779944,23.700280394809553
val,2018-08-24 17:30:00,23.99995455760581,23.708198402198114
val,2018-08-24 17:35:00,23.99995464565244,23.715843967553496
val,2018-08-24 17:40:00,23.999954677775776,23.723262765605224
val,2018-08-24 17:45:00,23.999954713587,23.730459057101317
val,2018-08-24 17:50:00,23.99995476807652,23.737413337979444
val,2018-08-24 17:55:00,23.999954805521245,23.74415759305413
val,2018-08-24 18:00:00,23.99995483831744,23.750718333798908
val,2018-08-24 18:05:00,23.99995508795393,23.756439076538012
val,2018-08-24 18:10:00,23.99995520262222,23.76113634819763
val,2018-08-24 18:15:00,23.99995536065004,23.764884559373435
val,2018-08-24 18:20:00,23.999955599438408,23.767657750883057
val,2018-08-24 18:25:00,23.999955768985863,23.769572355549634
val,2018-08-24 18:30:00,23.99995599021296,23.770715159140078
val,2018-08-24 18:35:00,23.99995618725349,23.77090136683356
val,2018-08-24 18:40:00,23.99995640998369,23.770323017586247
val,2018-08-24 18:45:00,23.999956681733924,23.76900544442413
val,2018-08-24 18:50:00,23.99995742796997,23.767255235846836
val,2018-08-24 18:55:00,23.99995796862396,23.765089540458586
val,2018-08-24 19:00:00,23.9999587121381,23.76254470557656
val,2018-08-24 19:05:00,23.999958911642345,23.760469839760948
val,2018-08-24 19:10:00,23.99995932630548,23.75875034339744
val,2018-08-24 19:15:00,23.99995981052629,23.7573389049082
val,2018-08-24 19:20:00,23.999960376564506,23.75619583231029
val,2018-08-24 19:25:00,23.999961035306235,23.75528471579028
val,2018-08-24 19:30:00,23.9999617827349,23.75457160160775
val,2018-08-24 19:35:00,23.999964303122287,23.754074482578332
val,2018-08-24 19:40:00,23.99996551545444,23.753695138963554
val,2018-08-24 19:45:00,23.99996672379176,23.753365844913837
val,2018-08-24 19:50:00,23.99996948374588,23.753121382462297
val,2018-08-24 19:55:00,24.000153058858903,23.752919949583372
val,2018-08-24 20:00:00,23.99986595705417,23.752644785273407
val,2018-08-24 20:05:00,23.999998595642577,23.752110077808762
val,2018-08-24 20:10:00,23.99999998466515,23.751208089181805
val,2018-08-24 20:15:00,24.000000000914586,23.7500079579132
val,2018-08-24 20:20:00,24.000000002167123,23.748494931167933
val,2018-08-24 20:25:00,23.999999998080263,23.746674597338966
val,2018-08-24 20:30:00,24.000000000760465,23.744549581786835
val,2018-08-24 20:35:00,24.000000000006107,23.74231227505216
val,2018-08-24 20:40:00,24.00000000000005,23.73985501182843
val,2018-08-24 20:45:00,24.0,23.737110799813358
val,2018-08-24 20:50:00,24.000000000000007,23.7341608613306
val,2018-08-24 20:55:00,24.0,23.73095045869088
val,2018-08-24 21:00:00,24.0,23.72744764757372
val,2018-08-24 21:05:00,24.106376254591726,23.73483928576562
val,2018-08-24 21:10:00,24.26406025752365,23.74257822221677
val,2018-08-24 21:15:00,24.41890965623079,23.7518273931353
val,2018-08-24 21:20:00,24.549067753381408,23.76255597088249
val,2018-08-24 21:25:00,24.653322121364788,23.77426557833618
val,2018-08-24 21:30:00,24.73688892988369,23.78644250637954
val,2018-08-24 21:35:00,24.80179620306758,23.79843692964628
val,2018-08-24 21:40:00,24.852435148464576,23.810168856869993
val,2018-08-24 21:45:00,24.89228846810196,23.82139195604817
val,2018-08-24 21:50:00,24.922027324451847,23.831805347395665
val,2018-08-24 21:55:00,24.94344068007489,23.84138542931093
val,2018-08-24 22:00:00,24.958073211605583,23.850012320269226
val,2018-08-24 22:05:00,24.96652339781762,23.85860157332754
val,2018-08-24 22:10:00,24.969406763447804,23.867002495332798
val,2018-08-24 22:15:00,24.96728405863433,23.875081650741418
val,2018-08-24 22:20:00,24.997969959836457,23.88272374504977
val,2018-08-24 22:25:00,25.047079377632404,23.89062166284645
val,2018-08-24 22:30:00,25.098565147369445,23.899145646612176
val,2018-08-24 22:35:00,25.14376931658824,23.908219326346153
val,2018-08-24 22:40:00,25.18148393337246,23.917781622868862
val,2018-08-24 22:45:00,25.212897657099298,23.927651765121897
val,2018-08-24 22:50:00,25.23882367161197,23.93763333372346
val,2018-08-24 22:55:00,25.260120018055893,23.947649409025658
val,2018-08-24 23:00:00,25.277318292727514,23.95759708634699
val,2018-08-24 23:05:00,25.290563674983936,23.967036808211784
val,2018-08-24 23:10:00,25.30016921960135,23.97592996329557
val,2018-08-24 23:15:00,25.30645317604627,23.98422757916825
val,2018-08-24 23:20:00,25.309616180594016,23.991873425322368
val,2018-08-24 23:25:00,25.310091409465265,23.998843567465013
val,2018-08-24 23:30:00,25.30801591328984,24.005108836645576
val,2018-08-24 23:35:00,25.303475344760724,24.01064273236832
val,2018-08-24 23:40:00,25.296598950061007,24.015420386786857
val,2018-08-24 23:45:00,25.28754122561953,24.019419565507693
val,2018-08-24 23:50:00,25.27645290001908,24.022621237685435
val,2018-08-24 23:55:00,25.26348940085057,24.02500950136199
val,2018-08-25 00:00:00,25.24871838089869,24.026571679703615
val,2018-08-25 00:05:00,25.23265149461356,24.02762197366873
val,2018-08-25 00:10:00,25.21572711590789,24.028144697636115
val,2018-08-25 00:15:00,25.19814656707807,24.028126152889126
val,2018-08-25 00:20:00,25.17997096796928,24.027559308636732
val,2018-08-25 00:25:00,25.161216402233528,24.026440370573624
val,2018-08-25 00:30:00,25.141884797056804,24.024767501159015
val,2018-08-25 00:35:00,25.122013171664225,24.022540259728633
val,2018-08-25 00:40:00,25.101631724647145,24.019760127801682
val,2018-08-25 00:45:00,25.080767972547427,24.01643014993633
val,2018-08-25 00:50:00,25.059449631608462,24.012554692680524
val,2018-08-25 00:55:00,25.0377049859378,24.008139289213133
val,2018-08-25 01:00:00,25.01556239694935,24.003190511778783
val,2018-08-25 01:05:00,24.992338184747627,23.99765108989851
val,2018-08-25 01:10:00,24.96830659139897,23.991580934509585
val,2018-08-25 01:15:00,24.94381150105695,23.98497958254419
val,2018-08-25 01:20:00,24.919042443009428,23.977854179827254
val,2018-08-25 01:25:00,24.89407129657092,23.970215922726986
val,2018-08-25 01:30:00,24.8689213225611,23.962077398482485
val,2018-08-25 01:35:00,24.84360569106756,23.953451476416646
val,2018-08-25 01:40:00,24.81813950710383,23.944351053935474
val,2018-08-25 01:45:00,24.79254031083697,23.93478906898038
val,2018-08-25 01:50:00,24.76682613112117,23.92477852634564
val,2018-08-25 01:55:00,24.741014151563853,23.914332485296963
val,2018-08-25 02:00:00,24.71512023516632,23.903464022265037
val,2018-08-25 02:05:00,24.689054671404428,23.8918749981299
val,2018-08-25 02:10:00,24.662536352551907,23.87957578567302
val,2018-08-25 02:15:00,24.635427687362387,23.86659243653175
val,2018-08-25 02:20:00,24.60772000042912,23.852945217557647
val,2018-08-25 02:25:00,24.57946687377173,23.838651785533315
val,2018-08-25 02:30:00,24.550731002057663,23.82372881664625
val,2018-08-25 02:35:00,24.52156531439308,23.808192431492227
val,2018-08-25 02:40:00,24.492010543305472,23.79205818111726
val,2018-08-25 02:45:00,24.462099356358912,23.775340958631645
val,2018-08-25 02:50:00,24.431858768984416,23.758054980415903
val,2018-08-25 02:55:00,24.40131091630128,23.740213801351786
val,2018-08-25 03:00:00,24.37047357844072,23.7218303308678
val,2018-08-25 03:05:00,24.339093945436773,23.703195209149104
val,2018-08-25 03:10:00,24.30760057313208,23.68434877195831
val,2018-08-25 03:15:00,24.27631430964912,23.665283983465148
val,2018-08-25 03:20:00,24.245343434188943,23.646002391991992
val,2018-08-25 03:25:00,24.214678128202085,23.626509169928163
val,2018-08-25 03:30:00,24.18427400945888,23.606810329179947
val,2018-08-25 03:35:00,24.154088889467275,23.586911809031594
val,2018-08-25 03:40:00,24.124091661307244,23.566819388406085
val,2018-08-25 03:45:00,24.094259004603853,23.546538806510966
val,2018-08-25 03:50:00,24.06457248396077,23.526075826154074
val,2018-08-25 03:55:00,24.035017405467087,23.505436247602766
val,2018-08-25 04:00:00,24.005582251687088,23.484625909648305
val,2018-08-25 04:05:00,23.951216693088067,23.45998144343189
val,2018-08-25 04:10:00,23.8829620051194,23.434767047040243
val,2018-08-25 04:15:00,23.812579328884485,23.408711581206987
val,2018-08-25 04:20:00,23.74533366103201,23.38179541373155
val,2018-08-25 04:25:00,23.682167797966965,23.354108595482966
val,2018-08-25 04:30:00,23.622433121857195,23.32575815015443
val,2018-08-25 04:35:00,23.565377604813133,23.296834608034676
val,2018-08-25 04:40:00,23.51049290941556,23.267410338010333
val,2018-08-25 04:45:00,23.457463868898028,23.237545120892552
val,2018-08-25 04:50:00,23.406062565065568,23.207290513858123
val,2018-08-25 04:55:00,23.35611320680437,23.176691892836494
val,2018-08-25 05:00:00,23.30749583912945,23.145789708275025
val,2018-08-25 05:05:00,23.281201255978072,23.11774804774855
val,2018-08-25 05:10:00,23.268327577674853,23.089820685947505
val,2018-08-25 05:15:00,23.259181277031782,23.06228712108192
val,2018-08-25 05:20:00,23.247864363098287,23.03508647228584
val,2018-08-25 05:25:00,23.23425604581912,23.008294173447304
val,2018-08-25 05:30:00,23.21917830404919,22.98185426495028
val,2018-08-25 05:35:00,23.20350893759488,22.955727176589246
val,2018-08-25 05:40:00,23.18763650823388,22.929894664797292
val,2018-08-25 05:45:00,23.17182328721931,22.90434712172866
val,2018-08-25 05:50:00,23.15626102202081,22.87908064896927
val,2018-08-25 05:55:00,23.14100993167428,22.854095402028438
val,2018-08-25 06:00:00,23.126109878068466,22.829392698612608
val,2018-08-25 06:05:00,23.11248994768299,22.805375047871088
val,2018-08-25 06:10:00,23.09987915927922,22.781973267455765
val,2018-08-25 06:15:00,23.088106338888533,22.759181194066073
val,2018-08-25 06:20:00,23.077191078576167,22.736991088606114
val,2018-08-25 06:25:00,23.06724102701046,22.71539748975969
val,2018-08-25 06:30:00,23.058379478827444,22.69439880937692
val,2018-08-25 06:35:00,23.05290057927573,22.674157998602162
val,2018-08-25 06:40:00,23.050583393474888,22.654565023877918
val,2018-08-25 06:45:00,23.050856177933184,22.63566816128249
val,2018-08-25 06:50:00,23.050018096888888,22.617167751468948
val,2018-08-25 06:55:00,23.049415347724327,22.59936445022871
val,2018-08-25 07:00:00,23.050724446404963,22.582245271682265
val,2018-08-25 07:05:00,23.054989167848948,22.56614068077525
val,2018-08-25 07:10:00,23.063190730900622,22.551100645890205
val,2018-08-25 07:15:00,23.07522968755537,22.537168709536395
val,2018-08-25 07:20:00,23.091521159745145,22.524470178535335
val,2018-08-25 07:25:00,23.111323654059376,22.51297207658848
val,2018-08-25 07:30:00,23.13401441619529,22.502711078603895
val,2018-08-25 07:35:00,23.15939991766274,22.49373597038406
val,2018-08-25 07:40:00,23.18711748584376,22.486039573954997
val,2018-08-25 07:45:00,23.217003968249053,22.479634201576705
val,2018-08-25 07:50:00,23.249094793211327,22.474542563131244
val,2018-08-25 07:55:00,23.282972711852576,22.47076273205745
val,2018-08-25 08:00:00,23.31893730790115,22.46829790382959
val,2018-08-25 08:05:00,23.35808471755196,22.467555536475647
val,2018-08-25 08:10:00,23.400288170418385,22.46848248653615
val,2018-08-25 08:15:00,23.44522959631593,22.47108875063356
val,2018-08-25 08:20:00,23.492962133728103,22.475379900924796
val,2018-08-25 08:25:00,23.543511584959177,22.48136472768089
val,2018-08-25 08:30:00,23.59680138634165,22.489054299217326
val,2018-08-25 08:35:00,23.652782736161843,22.49847922742685
val,2018-08-25 08:40:00,23.711205838082343,22.50962553160455
val,2018-08-25 08:45:00,23.771908391475893,22.522497323008476
val,2018-08-25 08:50:00,23.834931408292057,22.537107158560634
val,2018-08-25 08:55:00,23.90022079103605,22.553448222390646
val,2018-08-25 09:00:00,23.96775632531851,22.571524323395682
val,2018-08-25 09:05:00,23.999925891932183,22.588255295847492
val,2018-08-25 09:10:00,23.999999772934565,22.605593819650448
val,2018-08-25 09:15:00,23.9999999994392,22.625066753879068
val,2018-08-25 09:20:00,23.99999999999828,22.644601603593987
val,2018-08-25 09:25:00,24.0,22.66476777029651
val,2018-08-25 09:30:00,24.0,22.68553620501167
val,2018-08-25 09:35:00,24.0,22.706881744091163
val,2018-08-25 09:40:00,24.000000000000004,22.72878119263376
val,2018-08-25 09:45:00,24.0,22.751212390505135
val,2018-08-25 09:50:00,24.0,22.77416239644064
val,2018-08-25 09:55:00,24.000000000000004,22.797609772414557
val,2018-08-25 10:00:00,24.0,22.821536249159923
val,2018-08-25 10:05:00,24.0,22.845306357037135
val,2018-08-25 10:10:00,24.000000000000004,22.868963956965523
val,2018-08-25 10:15:00,24.000000000000007,22.892546890224637
val,2018-08-25 10:20:00,24.0,22.9160752263696
val,2018-08-25 10:25:00,24.000000000000004,22.939592635006186
val,2018-08-25 10:30:00,24.0,22.96313293662288
val,2018-08-25 10:35:00,24.0,22.986727466184313
val,2018-08-25 10:40:00,24.0,23.01040231341926
val,2018-08-25 10:45:00,24.0,23.03417953597349
val,2018-08-25 10:50:00,24.0,23.05807833877996
val,2018-08-25 10:55:00,24.0,23.08211825309765
val,2018-08-25 11:00:00,24.0,23.106315987352545
val,2018-08-25 11:05:00,24.0,23.130064149616313
val,2018-08-25 11:10:00,24.0,23.15340123017367
val,2018-08-25 11:15:00,23.999999999195776,23.17638649853594
val,2018-08-25 11:20:00,23.99999999939571,23.199065256600004
val,2018-08-25 11:25:00,23.99999999940844,23.221477743282886
val,2018-08-25 11:30:00,23.999999999056573,23.243658451498273
val,2018-08-25 11:35:00,23.99986967321061,23.265610512930007
val,2018-08-25 11:40:00,23.99992218228888,23.287384059617843
val,2018-08-25 11:45:00,24.000115974943967,23.30899397100573
val,2018-08-25 11:50:00,23.9999781449906,23.33036631539982
val,2018-08-25 11:55:00,23.999975212601434,23.351620637205777
val,2018-08-25 12:00:00,23.999973387110973,23.37271683374575
val,2018-08-25 12:05:00,23.99997003227129,23.393623684535868
val,2018-08-25 12:10:00,23.99996832608901,23.41436744661342
val,2018-08-25 12:15:00,23.99996684508937,23.434975822160627
val,2018-08-25 12:20:00,23.9999654224544,23.455444135887277
val,2018-08-25 12:25:00,23.999964078607707,23.4757736647858
val,2018-08-25 12:30:00,23.99996283087565,23.49596892157598
val,2018-08-25 12:35:00,23.99996366835246,23.51608978508363
val,2018-08-25 12:40:00,23.999962645635787,23.536104864045377
val,2018-08-25 12:45:00,23.999961604838106,23.555998443844057
val,2018-08-25 12:50:00,23.99996151958197,23.575799593180715
val,2018-08-25 12:55:00,23.999960637253192,23.595496188396478
val,2018-08-25 13:00:00,23.99995976612293,23.61507793702088
val,2018-08-25 13:05:00,23.99995906464987,23.634222084258777
val,2018-08-25 13:10:00,23.99995842947464,23.65297166626981
val,2018-08-25 13:15:00,23.99995785081984,23.671353719537883
val,2018-08-25 13:20:00,23.999957307556723,23.68938701232167
val,2018-08-25 13:25:00,23.999956781218533,23.707076767931465
val,2018-08-25 13:30:00,23.999956328269448,23.724456860037797
val,2018-08-25 13:35:00,23.99995584778095,23.741540384365397
val,2018-08-25 13:40:00,23.99995547294848,23.75834622254279
val,2018-08-25 13:45:00,23.999955136030547,23.774886815716386
val,2018-08-25 13:50:00,23.99995368058664,23.79105111123256
val,2018-08-25 13:55:00,23.999953421984028,23.806940332237925
val,2018-08-25 14:00:00,23.99995324693005,23.82261215438226
val,2018-08-25 14:05:00,23.999952668673107,23.837958478165326
val,2018-08-25 14:10:00,23.99995262671889,23.853071811545735
val,2018-08-25 14:15:00,23.999952613625737,23.86802136972359
val,2018-08-25 14:20:00,23.99995530749032,23.883505045768977
val,2018-08-25 14:25:00,23.999955762065937,23.898850409296262
val,2018-08-25 14:30:00,23.9999560675582,23.914111168537374
val,2018-08-25 14:35:00,23.9999598636111,23.92932091175556
val,2018-08-25 14:40:00,23.999960337060248,23.94449018277259
val,2018-08-25 14:45:00,23.99996064007179,23.95963193209165
val,2018-08-25 14:50:00,23.999961017129927,23.974720446712006
val,2018-08-25 14:55:00,23.99996127565411,23.989743960379432
val,2018-08-25 15:00:00,23.999961536708703,24.004673292432255
val,2018-08-25 15:05:00,23.99996100052685,24.019461796763718
val,2018-08-25 15:10:00,23.99996127865532,24.034076246155273
val,2018-08-25 15:15:00,23.999961604931983,24.048491159661026
val,2018-08-25 15:20:00,23.9999538427132,24.061966288564957
val,2018-08-25 15:25:00,23.9999536902366,24.07515932539653
val,2018-08-25 15:30:00,23.999953804924743,24.087962951113976
val,2018-08-25 15:35:00,23.9999540695774,24.10034740452984
val,2018-08-25 15:40:00,23.99995426653132,24.112340939273448
val,2018-08-25 15:45:00,23.99995447626057,24.123959135762274
val,2018-08-25 15:50:00,23.999954758269794,24.13520619065011
val,2018-08-25 15:55:00,23.99995498996732,24.146113093609035
val,2018-08-25 16:00:00,23.99995523054838,24.156693651672033
val,2018-08-25 16:05:00,23.99995541061334,24.16669919167579
val,2018-08-25 16:10:00,23.999955601270177,24.17617113927788
val,2018-08-25 16:15:00,23.9999557790383,24.18514534744435
val,2018-08-25 16:20:00,23.99995595099476,24.19365158752467
val,2018-08-25 16:25:00,23.999956114139856,24.201718485610872
val,2018-08-25 16:30:00,23.99995627719192,24.209370378803104
val,2018-08-25 16:35:00,23.99995679283796,24.216575498051846
val,2018-08-25 16:40:00,23.999956984873307,24.22339439551992
val,2018-08-25 16:45:00,23.999957072588323,24.22991053750333
val,2018-08-25 16:50:00,23.999957292082588,24.236142995647867
val,2018-08-25 16:55:00,23.99995732825316,24.242125123652063
val,2018-08-25 17:00:00,23.99995732536616,24.247882169129927
val,2018-08-25 17:05:00,23.999957280275225,24.253166709802993
val,2018-08-25 17:10:00,23.99995717003549,24.258011740749055
val,2018-08-25 17:15:00,23.999957040331207,24.262444276167
val,2018-08-25 17:20:00,23.999956909269702,24.26648242077978
val,2018-08-25 17:25:00,23.99995677046888,24.270142767263945
val,2018-08-25 17:30:00,23.999956629532665,24.273440851773273
val,2018-08-25 17:35:00,23.999956952316417,24.276375651545678
val,2018-08-25 17:40:00,23.99995677077813,24.27900888303516
val,2018-08-25 17:45:00,23.999956584255056,24.281330465998042
val,2018-08-25 17:50:00,23.99995664354148,24.2833144161475
val,2018-08-25 17:55:00,23.99995646465409,24.284996591446045
val,2018-08-25 18:00:00,23.99995625919186,24.28639766687608
val,2018-08-25 18:05:00,23.99995726400893,24.287902632031454
val,2018-08-25 18:10:00,23.99995697478199,24.28915677887426
val,2018-08-25 18:15:00,23.999956637468284,24.29017828692381
val,2018-08-25 18:20:00,23.99995629866137,24.290982003776772
val,2018-08-25 18:25:00,23.999955965588057,24.29157608038756
val,2018-08-25 18:30:00,23.99995564764381,24.291974562885088
val,2018-08-25 18:35:00,23.999955736768648,24.29198896986496
val,2018-08-25 18:40:00,23.999955519760505,24.291749785527614
val,2018-08-25 18:45:00,23.999955359338383,24.291198152661384
val,2018-08-25 18:50:00,23.999955341182787,24.29029576365464
val,2018-08-25 18:55:00,23.99995524262038,24.28907863135067
val,2018-08-25 19:00:00,23.999955154615147,24.2875746470413
val,2018-08-25 19:05:00,23.999954916150305,24.285962113050164
val,2018-08-25 19:10:00,23.999954910997246,24.284377768094696
val,2018-08-25 19:15:00,23.999954933847565,24.282812388747843
val,2018-08-25 19:20:00,23.99995499068207,24.28126036106313
val,2018-08-25 19:25:00,23.999955083275683,24.279715119730213
val,2018-08-25 19:30:00,23.99995521656633,24.278169550553375
val,2018-08-25 19:35:00,23.999955309012314,24.27656516204156
val,2018-08-25 19:40:00,23.999955488439664,24.27492190781696
val,2018-08-25 19:45:00,23.999955716347905,24.273251331018173
val,2018-08-25 19:50:00,23.999955915990693,24.271523686832676
val,2018-08-25 19:55:00,23.999956204332594,24.26974121302141
val,2018-08-25 20:00:00,23.99995652829911,24.267892662529253
val,2018-08-25 20:05:00,23.999955618177776,24.265909622575645
val,2018-08-25 20:10:00,23.99995576631856,24.263801241973876
val,2018-08-25 20:15:00,23.99995597394429,24.261624203513236
val,2018-08-25 20:20:00,23.99995576194997,24.259302537396245
val,2018-08-25 20:25:00,23.999955929320706,24.256881265766904
val,2018-08-25 20:30:00,23.999956143266434,24.254382314140102
val,2018-08-25 20:35:00,23.99995782002502,24.25206335916088
val,2018-08-25 20:40:00,23.999958557954404,24.24976759652529
val,2018-08-25 20:45:00,23.999959250906898,24.2473917275057
val,2018-08-25 20:50:00,23.999961854727083,24.245057820624535
val,2018-08-25 20:55:00,23.99996308327122,24.242659150069613
val,2018-08-25 21:00:00,23.999964236121503,24.240126002009568
val,2018-08-25 21:05:00,24.187132016910752,24.25741916544872
val,2018-08-25 21:10:00,24.46753416013449,24.276999461903976
val,2018-08-25 21:15:00,24.74977840585781,24.300869910153057
val,2018-08-25 21:20:00,24.99737629110268,24.329032363492225
val,2018-08-25 21:25:00,25.20779794862865,24.360714242945885
val,2018-08-25 21:30:00,25.388984946428884,24.395109501643265
val,2018-08-25 21:35:00,25.542477371943416,24.431069631306958
val,2018-08-25 21:40:00,25.67545564380506,24.468566433265263
val,2018-08-25 21:45:00,25.79379984980172,24.50719254892573
val,2018-08-25 21:50:00,25.89799864694449,24.546405225908764
val,2018-08-25 21:55:00,25.991168147019003,24.586215436115648
val,2018-08-25 22:00:00,25.99996593083914,24.61886426472955
val,2018-08-25 22:05:00,25.999999943624644,24.654221259180407
val,2018-08-25 22:10:00,25.99999999988169,24.686824043246432
val,2018-08-25 22:15:00,25.999999999999744,24.717631154175496
val,2018-08-25 22:20:00,26.000000000000004,24.746897194967104
val,2018-08-25 22:25:00,26.0,24.774692765893594
val,2018-08-25 22:30:00,26.0,24.801082131535125
val,2018-08-25 22:35:00,26.000000000000004,24.826138101832818
val,2018-08-25 22:40:00,26.0,24.849908808140558
val,2018-08-25 22:45:00,26.0,24.872438864317754
val,2018-08-25 22:50:00,26.0,24.89377825220776
val,2018-08-25 22:55:00,26.000000000000004,24.91396398549218
val,2018-08-25 23:00:00,26.0,24.933031539758645
val,2018-08-25 23:05:00,26.0,24.951627950270645
val,2018-08-25 23:10:00,26.0,24.969740001835152
val,2018-08-25 23:15:00,26.0,24.987357698094975
val,2018-08-25 23:20:00,26.0,25.004473497626847
val,2018-08-25 23:25:00,26.0,25.021084452063914
val,2018-08-25 23:30:00,26.0,25.03719287722258
val,2018-08-25 23:35:00,26.0,25.052801191081905
val,2018-08-25 23:40:00,26.000000000000004,25.06791268344942
val,2018-08-25 23:45:00,26.0,25.082532884961097
val,2018-08-25 23:50:00,26.0,25.09666735114326
val,2018-08-25 23:55:00,26.0,25.11032318364565
val,2018-08-26 00:00:00,26.000000000000004,25.12350607598359
val,2018-08-26 00:05:00,26.000000000000004,25.135918060833742
val,2018-08-26 00:10:00,26.000000000000004,25.14759602245583
val,2018-08-26 00:15:00,26.0,25.15857124774881
val,2018-08-26 00:20:00,26.000000000000004,25.168872650396477
val,2018-08-26 00:25:00,26.0,25.17852685508782
val,2018-08-26 00:30:00,26.000000000000004,25.187549323220228
val,2018-08-26 00:35:00,26.000000000000004,25.19596262508977
val,2018-08-26 00:40:00,26.0,25.20379883046886
val,2018-08-26 00:45:00,26.0,25.211077685443836
val,2018-08-26 00:50:00,26.0,25.217817688213632
val,2018-08-26 00:55:00,26.0,25.224036182106104
val,2018-08-26 01:00:00,26.0,25.22974940775497
val,2018-08-26 01:05:00,26.0,25.235277208924163
val,2018-08-26 01:10:00,26.0,25.24060802270935
val,2018-08-26 01:15:00,26.0,25.245731769630257
val,2018-08-26 01:20:00,26.0,25.250651536103476
val,2018-08-26 01:25:00,26.0,25.255366493480075
val,2018-08-26 01:30:00,26.0,25.259876425525942
val,2018-08-26 01:35:00,26.0,25.2641826581356
val,2018-08-26 01:40:00,26.000000000000004,25.26829953059587
val,2018-08-26 01:45:00,26.0,25.272230099941382
val,2018-08-26 01:50:00,26.0,25.27597912521271
val,2018-08-26 01:55:00,26.000000000000004,25.2795513168409
val,2018-08-26 02:00:00,26.0,25.282951368979415
val,2018-08-26 02:05:00,26.0,25.285870978314414
val,2018-08-26 02:10:00,26.0,25.2883383852982
val,2018-08-26 02:15:00,26.0,25.290378763089922
val,2018-08-26 02:20:00,26.0,25.292014311342925
val,2018-08-26 02:25:00,26.0,25.293264984156753
val,2018-08-26 02:30:00,26.001082178341456,25.294256308942792
val,2018-08-26 02:35:00,26.00000010087385,25.294636590249464
val,2018-08-26 02:40:00,25.99830208754637,25.294754661252014
val,2018-08-26 02:45:00,25.99572294583247,25.2944248097005
val,2018-08-26 02:50:00,25.99187242988761,25.2936485786821
val,2018-08-26 02:55:00,25.986620042845576,25.292418205694734
val,2018-08-26 03:00:00,25.98002124001213,25.290722488748
val,2018-08-26 03:05:00,25.97154897083824,25.28849146575175
val,2018-08-26 03:10:00,25.961557823455312,25.285764079727755
val,2018-08-26 03:15:00,25.95044219710497,25.28252576115488
val,2018-08-26 03:20:00,25.9384325256562,25.278770091605544
val,2018-08-26 03:25:00,25.92563748133365,25.27449517975288
val,2018-08-26 03:30:00,25.912113271366163,25.26970102645151
val,2018-08-26 03:35:00,25.897901733387265,25.264388418064996
val,2018-08-26 03:40:00,25.883042396184027,25.258558647001802
val,2018-08-26 03:45:00,25.86757340873121,25.25221348847326
val,2018-08-26 03:50:00,25.85153015759918,25.245355192731648
val,2018-08-26 03:55:00,25.834944481845184,25.23798644441401
val,2018-08-26 04:00:00,25.817844683745523,25.23011030304347
val,2018-08-26 04:05:00,25.7810590312151,25.21897118717077
val,2018-08-26 04:10:00,25.7328966507602,25.206978880854475
val,2018-08-26 04:15:00,25.68230271887762,25.19392393672217
val,2018-08-26 04:20:00,25.63331933743413,25.179786829247814
val,2018-08-26 04:25:00,25.586686662770045,25.16463146757519
val,2018-08-26 04:30:00,25.541963892536355,25.148534833400387
val,2018-08-26 04:35:00,25.498599896190285,25.13156234370159
val,2018-08-26 04:40:00,25.45621348696528,25.11376596333685
val,2018-08-26 04:45:00,25.4145851772241,25.09518813179528
val,2018-08-26 04:50:00,25.373605620124607,25.075865397708554
val,2018-08-26 04:55:00,25.33319243776309,25.055830880424676
val,2018-08-26 05:00:00,25.29326562341261,25.03511494422995
val,2018-08-26 05:05:00,24.754087361777984,24.96514765385335
val,2018-08-26 05:10:00,24.02070468549556,24.89697581025097
val,2018-08-26 05:15:00,23.718951099982508,24.858818626735808
val,2018-08-26 05:20:00,23.72573593867069,24.81467080462557
val,2018-08-26 05:25:00,23.840508441559205,24.771265415292127
val,2018-08-26 05:30:00,23.95840323741468,24.73085719101345
val,2018-08-26 05:35:00,23.99988119471525,24.688214386237583
val,2018-08-26 05:40:00,23.999999723189287,24.648197731480636
val,2018-08-26 05:45:00,23.999999999557826,24.61018959188146
val,2018-08-26 05:50:00,23.99999999999916,24.572190893580938
val,2018-08-26 05:55:00,24.0,24.534931750282453
val,2018-08-26 06:00:00,24.0,24.49838350800253
val,2018-08-26 06:05:00,24.0,24.46342267249379
val,2018-08-26 06:10:00,24.0,24.429972861381984
val,2018-08-26 06:15:00,24.000000000000004,24.39796007700777
val,2018-08-26 06:20:00,24.0,24.36729738268098
val,2018-08-26 06:25:00,24.0,24.337920527958477
val,2018-08-26 06:30:00,24.000000000000004,24.309769339858022
val,2018-08-26 06:35:00,24.0,24.282699790284152
val,2018-08-26 06:40:00,24.0,24.256682201401844
val,2018-08-26 06:45:00,24.0,24.23166834940407
val,2018-08-26 06:50:00,24.0,24.2075962571672
val,2018-08-26 06:55:00,24.0,24.184440793762644
val,2018-08-26 07:00:00,24.0,24.16211078539501
val,2018-08-26 07:05:00,24.000000000000004,24.140893904531925
val,2018-08-26 07:10:00,24.0,24.12075279707661
val,2018-08-26 07:15:00,24.000000000000004,24.101681303598895
val,2018-08-26 07:20:00,24.0,24.083143818685787
val,2018-08-26 07:25:00,24.000000000000004,24.06554552629857
val,2018-08-26 07:30:00,24.0,24.048907963193418
val,2018-08-26 07:35:00,24.000000000000004,24.033140025376504
val,2018-08-26 07:40:00,24.000000000000004,24.018283538734572
val,2018-08-26 07:45:00,24.0,24.00434670330112
val,2018-08-26 07:50:00,24.000000000000004,23.991310355236905
val,2018-08-26 07:55:00,24.000000000000004,23.979157490983454
val,2018-08-26 08:00:00,24.0,23.967857987436656
val,2018-08-26 08:05:00,24.0,23.957397735339626
val,2018-08-26 08:10:00,24.0,23.947755171228966
val,2018-08-26 08:15:00,24.000000000000004,23.938901337591183
val,2018-08-26 08:20:00,24.0,23.931093503226574
val,2018-08-26 08:25:00,24.0,23.924111565882157
val,2018-08-26 08:30:00,24.0,23.917850264950722
val,2018-08-26 08:35:00,24.000000000000004,23.91227804153859
val,2018-08-26 08:40:00,24.0,23.90736147888398
val,2018-08-26 08:45:00,24.0,23.903095898529372
val,2018-08-26 08:50:00,24.0,23.899464318386375
val,2018-08-26 08:55:00,24.0,23.896452419366135
val,2018-08-26 09:00:00,24.0,23.89404451760931
val,2018-08-26 09:05:00,24.000000000000004,23.89222747269572
val,2018-08-26 09:10:00,24.0,23.89098603604934
val,2018-08-26 09:15:00,24.0,23.8903081840158
val,2018-08-26 09:20:00,24.0,23.890184118790142
val,2018-08-26 09:25:00,24.000000000000007,23.890592979439848
val,2018-08-26 09:30:00,24.0,23.89154672815352
val,2018-08-26 09:35:00,23.999999999481748,23.893041569055764
val,2018-08-26 09:40:00,23.999999999083823,23.89507612203067
val,2018-08-26 09:45:00,24.00000000086229,23.89764779403154
val,2018-08-26 09:50:00,24.00000000007699,23.900751800708896
val,2018-08-26 09:55:00,23.99985081804313,23.90437151035609
val,2018-08-26 10:00:00,23.99996770947008,23.908547423005572
val,2018-08-26 10:05:00,23.999929291873546,23.91263514147262
val,2018-08-26 10:10:00,23.999978680384668,23.916710202600886
val,2018-08-26 10:15:00,23.999976958265805,23.920752842087342
val,2018-08-26 10:20:00,23.99997666819163,23.924841261663925
val,2018-08-26 10:25:00,23.99997489196096,23.928982828737425
val,2018-08-26 10:30:00,23.99997320443497,23.933198047272732
val,2018-08-26 10:35:00,23.99997159432204,23.937513249213822
val,2018-08-26 10:40:00,23.99997018006905,23.94195239893714
val,2018-08-26 10:45:00,23.99996888819584,23.9465364696803
val,2018-08-26 10:50:00,23.99996769132275,23.951282362734148
val,2018-08-26 10:55:00,23.999966614899964,23.956207087027533
val,2018-08-26 11:00:00,23.99996563596532,23.961324944470864
val,2018-08-26 11:05:00,23.999966755962475,23.967019863446424
val,2018-08-26 11:10:00,23.999965912327323,23.97324094043368
val,2018-08-26 11:15:00,23.99996503406928,23.979955171459352
val,2018-08-26 11:20:00,23.999965277745428,23.987176132119327
val,2018-08-26 11:25:00,23.99996455742496,23.99487209980542
val,2018-08-26 11:30:00,23.99996383135089,24.003020474672986
val,2018-08-26 11:35:00,23.999963137939883,24.01160868772996
val,2018-08-26 11:40:00,23.99996247644456,24.020624418283887
val,2018-08-26 11:45:00,23.99996184609325,24.030055600527522
val,2018-08-26 11:50:00,23.999961240266945,24.039890384804032
val,2018-08-26 11:55:00,23.999960652054703,24.050117042446278
val,2018-08-26 12:00:00,23.99996002465679,24.06070446103149
val,2018-08-26 12:05:00,23.99995862875613,24.07126022030266
val,2018-08-26 12:10:00,23.99995804586844,24.081828744922458
val,2018-08-26 12:15:00,23.99995751703726,24.092430323544452
val,2018-08-26 12:20:00,23.99995662568305,24.1030356142756
val,2018-08-26 12:25:00,23.99995610235401,24.11367279370694
val,2018-08-26 12:30:00,23.99995561932652,24.124353554690654
val,2018-08-26 12:35:00,23.999955103055804,24.13508022496467
val,2018-08-26 12:40:00,23.999954679344423,24.145863791364235
val,2018-08-26 12:45:00,23.99995428531012,24.156709327212095
val,2018-08-26 12:50:00,23.999953870353384,24.167602236875442
val,2018-08-26 12:55:00,23.999953524961267,24.178560229652813
val,2018-08-26 13:00:00,23.99995321013494,24.189591735988813
val,2018-08-26 13:05:00,23.99995302344508,24.200401180609074
val,2018-08-26 13:10:00,23.999952823451288,24.210999154939103
val,2018-08-26 13:15:00,23.99995263852308,24.22140696595018
val,2018-08-26 13:20:00,23.99995248147773,24.231654204565054
val,2018-08-26 13:25:00,23.99995233309378,24.241756857852014
val,2018-08-26 13:30:00,23.999952200892047,24.251728930544413
val,2018-08-26 13:35:00,23.99995204556745,24.261574147355386
val,2018-08-26 13:40:00,23.99995193148699,24.271306857893556
val,2018-08-26 13:45:00,23.99995183037221,24.280938136593548
val,2018-08-26 13:50:00,23.999951389173827,24.290384203348637
val,2018-08-26 13:55:00,23.99995131224036,24.299702233281376
val,2018-08-26 14:00:00,23.9999512604201,24.308939562462832
val,2018-08-26 14:05:00,23.999951176287308,24.318085554183558
val,2018-08-26 14:10:00,23.999951163708207,24.327165778957728
val,2018-08-26 14:15:00,23.99995115631388,24.33619301505274
val,2018-08-26 14:20:00,23.99995121123831,24.34525340450652
val,2018-08-26 14:25:00,23.99995119242768,24.35428973749051
val,2018-08-26 14:30:00,23.99995117390701,24.36326767825286
val,2018-08-26 14:35:00,23.999951136615824,24.372139124091245
val,2018-08-26 14:40:00,23.999951135721204,24.380928543974207
val,2018-08-26 14:45:00,23.99995113638793,24.38964508913344
val,2018-08-26 14:50:00,23.99995119880655,24.398237908256238
val,2018-08-26 14:55:00,23.999951228816105,24.40672708497632
val,2018-08-26 15:00:00,23.999951261725823,24.415112019719516
val,2018-08-26 15:05:00,23.99995127948785,24.42367970822724
val,2018-08-26 15:10:00,23.99995130831936,24.43238878371237
val,2018-08-26 15:15:00,23.99995135386216,24.44120848999804
val,2018-08-26 15:20:00,23.9999527862936,24.449845566427708
val,2018-08-26 15:25:00,23.99995321627023,24.458432788729947
val,2018-08-26 15:30:00,23.99995354319682,24.467063395269562
val,2018-08-26 15:35:00,23.999955536067382,24.47553136940702
val,2018-08-26 15:40:00,23.99995625637158,24.483918716282524
val,2018-08-26 15:45:00,23.99995686543181,24.49229876987873
val,2018-08-26 15:50:00,23.99995452931056,24.500965941451913
val,2018-08-26 15:55:00,23.99995466966284,24.509739116917117
val,2018-08-26 16:00:00,23.99995501683816,24.51849305191754
val,2018-08-26 16:05:00,23.999962823023004,24.527241788158925
val,2018-08-26 16:10:00,23.999963624904417,24.535112269449836
val,2018-08-26 16:15:00,23.99996410428453,24.54221077908059
val,2018-08-26 16:20:00,23.999970628945707,24.548566901265854
val,2018-08-26 16:25:00,23.9999714100736,24.55423470756332
val,2018-08-26 16:30:00,23.99997186662196,24.559296801283157
val,2018-08-26 16:35:00,23.99997284592032,24.563756883111623
val,2018-08-26 16:40:00,23.99997320566977,24.567672169873163
val,2018-08-26 16:45:00,23.999973365422715,24.571124929056158
val,2018-08-26 16:50:00,23.999973709023404,24.574136734822872
val,2018-08-26 16:55:00,23.999973751603694,24.576728859432215
val,2018-08-26 17:00:00,23.999973664170355,24.578942742489353
val,2018-08-26 17:05:00,23.99997062705553,24.581139472952334
val,2018-08-26 17:10:00,23.999970418438952,24.583289987260112
val,2018-08-26 17:15:00,23.9999702871436,24.5853695829373
val,2018-08-26 17:20:00,23.99996075917371,24.586826127769033
val,2018-08-26 17:25:00,23.999960156196643,24.588208546677897
val,2018-08-26 17:30:00,23.999959930245765,24.589429416599142
val,2018-08-26 17:35:00,23.999960382288748,24.59046737448192
val,2018-08-26 17:40:00,23.999960139422,24.59138730752608
val,2018-08-26 17:45:00,23.99995984418208,24.592205487539292
val,2018-08-26 17:50:00,23.99995989772057,24.592884009029117
val,2018-08-26 17:55:00,23.99995960154486,24.593462337045118
val,2018-08-26 18:00:00,23.99995924316164,24.593968349887586
val,2018-08-26 18:05:00,23.99996144925116,24.59438919826281
val,2018-08-26 18:10:00,23.999960872381937,24.59422239258296
val,2018-08-26 18:15:00,23.999960156804725,24.593531602508133
val,2018-08-26 18:20:00,23.99995941509268,24.592361668875842
val,2018-08-26 18:25:00,23.999958663047835,24.59074879275597
val,2018-08-26 18:30:00,23.99995789856517,24.588739018110918
val,2018-08-26 18:35:00,23.99995646021955,24.586299653376827
val,2018-08-26 18:40:00,23.99995593281829,24.583370937275383
val,2018-08-26 18:45:00,23.99995549443679,24.579942968671965
val,2018-08-26 18:50:00,23.999954773812192,24.576078198371448
val,2018-08-26 18:55:00,23.99995441233296,24.57177375644481
val,2018-08-26 19:00:00,23.99995412456548,24.567038083139096
val,2018-08-26 19:05:00,23.99995358962375,24.56105069479242
val,2018-08-26 19:10:00,23.99995366990096,24.554053538630104
val,2018-08-26 19:15:00,23.99995384032617,24.546100694898755
val,2018-08-26 19:20:00,23.99995408679252,24.537243337047045
val,2018-08-26 19:25:00,23.9999544169744,24.5275247357262
val,2018-08-26 19:30:00,23.999954821094217,24.516971009228737
val,2018-08-26 19:35:00,23.99995534113314,24.5056226343943
val,2018-08-26 19:40:00,23.999955930841725,24.493518922677673
val,2018-08-26 19:45:00,23.99995662779051,24.480697097016904
val,2018-08-26 19:50:00,23.999957466202083,24.467184514182108
val,2018-08-26 19:55:00,23.99995840659301,24.453008107195213
val,2018-08-26 20:00:00,23.99995949379341,24.43819093797529
val,2018-08-26 20:05:00,23.99995993182965,24.423697581548787
val,2018-08-26 20:10:00,23.99996089805382,24.40948931964817
val,2018-08-26 20:15:00,23.99996200839874,24.395526545544044
val,2018-08-26 20:20:00,23.999962946391115,24.381757847771336
val,2018-08-26 20:25:00,23.999964233007187,24.3681350110124
val,2018-08-26 20:30:00,23.9999657007682,24.354638562462217
val,2018-08-26 20:35:00,23.99991814459512,24.341443279841943
val,2018-08-26 20:40:00,23.999999137914905,24.328422544972685
val,2018-08-26 20:45:00,23.99999999220954,24.315445810706592
val,2018-08-26 20:50:00,24.00000000124269,24.302601830732424
val,2018-08-26 20:55:00,24.000000001218577,24.289797678699305
val,2018-08-26 21:00:00,24.000000001146795,24.276977375547755
val,2018-08-26 21:05:00,24.169927494659085,24.281543176895653
val,2018-08-26 21:10:00,24.42331704977772,24.28785287294833
val,2018-08-26 21:15:00,24.67562513865343,24.29772205746212
val,2018-08-26 21:20:00,24.892956466579783,24.31109596359209
val,2018-08-26 21:25:00,25.072993519386685,24.327197746040166
val,2018-08-26 21:30:00,25.223296475041096,24.345224305271387
val,2018-08-26 21:35:00,25.348114769594563,24.364293533175047
val,2018-08-26 21:40:00,25.453493187244188,24.384160569595945
val,2018-08-26 21:45:00,25.543850428922937,24.404451180560724
val,2018-08-26 21:50:00,25.620279112036386,24.42475586772459
val,2018-08-26 21:55:00,25.685004356737856,24.44496625112956
val,2018-08-26 22:00:00,25.74000722416661,24.464883917283284
val,2018-08-26 22:05:00,25.78809748883531,24.484688098603968
val,2018-08-26 22:10:00,25.831110235376084,24.50425745028804
val,2018-08-26 22:15:00,25.87011596855657,24.523509722188493
val,2018-08-26 22:20:00,25.90546885042602,24.54238511488857
val,2018-08-26 22:25:00,25.93758738554801,24.56083056375428
val,2018-08-26 22:30:00,25.966997581377903,24.578801181011567
val,2018-08-26 22:35:00,25.992135476360268,24.596111810127617
val,2018-08-26 22:40:00,25.99999491438105,24.611506674253707
val,2018-08-26 22:45:00,25.999999997394543,24.62636260261774
val,2018-08-26 22:50:00,25.99999999999905,24.64046121119519
val,2018-08-26 22:55:00,26.0,24.65350205007915
val,2018-08-26 23:00:00,26.0,24.665671282472278
val,2018-08-26 23:05:00,25.940400421720035,24.67801881098319
val,2018-08-26 23:10:00,25.8461328048064,24.688435383639177
val,2018-08-26 23:15:00,25.7448422836584,24.696220467343604
val,2018-08-26 23:20:00,25.649430039749216,24.7012898317746
val,2018-08-26 23:25:00,25.562514585932835,24.70384121149797
val,2018-08-26 23:30:00,25.48302428439048,24.70412501311027
val,2018-08-26 23:35:00,25.409510725735988,24.702363188008622
val,2018-08-26 23:40:00,25.34087528733337,24.69874166327266
val,2018-08-26 23:45:00,25.276370170085045,24.69341864501859
val,2018-08-26 23:50:00,25.215448192035023,24.686532741761376
val,2018-08-26 23:55:00,25.157658032341857,24.678207658180078
val,2018-08-27 00:00:00,25.102609152234123,24.668554530760378
val,2018-08-27 00:05:00,25.049548423574763,24.657328056744053
val,2018-08-27 00:10:00,24.998057768595874,24.644644430170104
val,2018-08-27 00:15:00,24.94791279253441,24.630595633681665
val,2018-08-27 00:20:00,24.898962788506623,24.615264425637328
val,2018-08-27 00:25:00,24.85107989534185,24.59872639790885
val,2018-08-27 00:30:00,24.80412309175555,24.581050852961656
val,2018-08-27 00:35:00,24.75803256179809,24.56230085963306
val,2018-08-27 00:40:00,24.712718256681644,24.54253530125697
val,2018-08-27 00:45:00,24.668093445721844,24.521808464899003
val,2018-08-27 00:50:00,24.624086423610184,24.500170344967774
val,2018-08-27 00:55:00,24.5806395399405,24.47766717524052
val,2018-08-27 01:00:00,24.53770552588301,24.454341913822443
val,2018-08-27 01:05:00,24.49552068951869,24.43050742594502
val,2018-08-27 01:10:00,24.454810211914488,24.40624741382767
val,2018-08-27 01:15:00,24.41588731698876,24.381597528207458
val,2018-08-27 01:20:00,24.3786966485238,24.356600443551745
val,2018-08-27 01:25:00,24.34303022565149,24.33129762191534
val,2018-08-27 01:30:00,24.30867463485666,24.305725953181984
val,2018-08-27 01:35:00,24.275456542579647,24.279917648049487
val,2018-08-27 01:40:00,24.243240036002543,24.25390111765041
val,2018-08-27 01:45:00,24.211915234302573,24.22770178387022
val,2018-08-27 01:50:00,24.181389944034844,24.201342635337763
val,2018-08-27 01:55:00,24.15158519652933,24.174844599803524
val,2018-08-27 02:00:00,24.122432923378337,24.148226819359873
val,2018-08-27 02:05:00,24.096103128186808,24.12153043796361
val,2018-08-27 02:10:00,24.0734223443927,24.09479457696528
val,2018-08-27 02:15:00,24.054192679233243,24.06809847132447
val,2018-08-27 02:20:00,24.0378583320298,24.041515129477258
val,2018-08-27 02:25:00,24.0238685486634,24.01510395259555
val,2018-08-27 02:30:00,24.01177712653052,23.988911237495888
val,2018-08-27 02:35:00,24.001233165389,23.962972759090263
val,2018-08-27 02:40:00,23.99194054914,23.937316075584825
val,2018-08-27 02:45:00,23.983633916859898,23.911961907085214
val,2018-08-27 02:50:00,23.97606833923367,23.88692496468586
val,2018-08-27 02:55:00,23.96901490448547,23.86221453636407
val,2018-08-27 03:00:00,23.962264976918284,23.83783496207965
val,2018-08-27 03:05:00,23.953175158866262,23.813393966708727
val,2018-08-27 03:10:00,23.940778340850454,23.788918027900248
val,2018-08-27 03:15:00,23.92512002138018,23.764353991778034
val,2018-08-27 03:20:00,23.906516876167508,23.739649340205464
val,2018-08-27 03:25:00,23.885305883824312,23.71475807740081
val,2018-08-27 03:30:00,23.861759582929142,23.68964114188013
val,2018-08-27 03:35:00,23.836095214066205,23.664265005298763
val,2018-08-27 03:40:00,23.80849797052077,23.638600489382878
val,2018-08-27 03:45:00,23.779134950780463,23.612622092411005
val,2018-08-27 03:50:00,23.74816031023985,23.5863076155572
val,2018-08-27 03:55:00,23.71571649982809,23.559637896228818
val,2018-08-27 04:00:00,23.68193468100053,23.532596564135588
val,2018-08-27 04:05:00,23.62483330553605,23.502350870462173
val,2018-08-27 04:10:00,23.555874940033675,23.47200978950645
val,2018-08-27 04:15:00,23.486599679547336,23.441310889716554
val,2018-08-27 04:20:00,23.4223500299685,23.410240741784932
val,2018-08-27 04:25:00,23.364060877045723,23.378898841476644
val,2018-08-27 04:30:00,23.3109349321438,23.347403577792274
val,2018-08-27 04:35:00,23.28117907274325,23.317642439379217
val,2018-08-27 04:40:00,23.266722939483586,23.28825920639911
val,2018-08-27 04:45:00,23.257787745097577,23.259551127420114
val,2018-08-27 04:50:00,23.239704040802508,23.230695930020563
val,2018-08-27 04:55:00,23.214917220382823,23.202411819767367
val,2018-08-27 05:00:00,23.188148377336624,23.17454120450816
val,2018-08-27 05:05:00,23.200203206629304,23.15055230581526
val,2018-08-27 05:10:00,23.23530229854111,23.12727665007134
val,2018-08-27 05:15:00,23.275124126874378,23.10519021013821
val,2018-08-27 05:20:00,23.31963123796463,23.085188110783033
val,2018-08-27 05:25:00,23.36366967741191,23.066503361436737
val,2018-08-27 05:30:00,23.40417875242194,23.049097839105443
val,2018-08-27 05:35:00,23.44538914376108,23.03332255760462
val,2018-08-27 05:40:00,23.485859980192785,23.018703422480893
val,2018-08-27 05:45:00,23.523897642962883,23.005199919551522
val,2018-08-27 05:50:00,23.54067385639393,22.990993687005677
val,2018-08-27 05:55:00,23.543378001706543,22.97739867595539
val,2018-08-27 06:00:00,23.54083380173174,22.964107292827812
val,2018-08-27 06:05:00,23.533399781928328,22.950577944065913
val,2018-08-27 06:10:00,23.524201936280928,22.937146156877684
val,2018-08-27 06:15:00,23.515242985106752,22.923777090355113
val,2018-08-27 06:20:00,23.49257456298849,22.90793005084723
val,2018-08-27 06:25:00,23.463175395991712,22.89193995472356
val,2018-08-27 06:30:00,23.43390440481064,22.875677350808
val,2018-08-27 06:35:00,23.39737393005793,22.8579565780157
val,2018-08-27 06:40:00,23.359158976477765,22.839880212400594
val,2018-08-27 06:45:00,23.32374683097832,22.82142932292045
val,2018-08-27 06:50:00,23.292920092305955,22.802702272775953
val,2018-08-27 06:55:00,23.26663940290053,22.783778387081913
val,2018-08-27 07:00:00,23.244285269281995,22.764759486303454
val,2018-08-27 07:05:00,23.22733252568608,22.74636147651809
val,2018-08-27 07:10:00,23.21432323541164,22.728429157121596
val,2018-08-27 07:15:00,23.20392487280096,22.711020418039332
val,2018-08-27 07:20:00,23.21172155523661,22.696941370606506
val,2018-08-27 07:25:00,23.228779062781754,22.68364399990574
val,2018-08-27 07:30:00,23.24660634283597,22.671295686188376
val,2018-08-27 07:35:00,23.262155566506067,22.65990472397844
val,2018-08-27 07:40:00,23.274999875421315,22.649371898101645
val,2018-08-27 07:45:00,23.28559191073045,22.639615078401608
val,2018-08-27 07:50:00,23.294568993365026,22.63057400728112
val,2018-08-27 07:55:00,23.302312839958628,22.62218569044314
val,2018-08-27 08:00:00,23.30907739899192,22.614406722124382
val,2018-08-27 08:05:00,23.316509489412685,22.60726234461912
val,2018-08-27 08:10:00,23.32498803880804,22.600689162776526
val,2018-08-27 08:15:00,23.334445485075253,22.594695260760336
val,2018-08-27 08:20:00,23.344777665804408,22.58928736098314
test,2018-08-27 08:25:00,23.3560239547279,22.584470052996682
test,2018-08-27 08:30:00,23.36827510049769,22.58024884205398
test,2018-08-27 08:35:00,23.38185016972136,22.576650563930844
test,2018-08-27 08:40:00,23.39661392256864,22.57367052542165
test,2018-08-27 08:45:00,23.41240047636412,22.571320318674836
test,2018-08-27 08:50:00,23.429210165802605,22.569616678568607
test,2018-08-27 08:55:00,23.446990163298647,22.56855812315679
test,2018-08-27 09:00:00,23.465715398212573,22.56815100480337
test,2018-08-27 09:05:00,23.484599599837537,22.569049087420563
test,2018-08-27 09:10:00,23.503406956382708,22.571217831288006
test,2018-08-27 09:15:00,23.522160193836235,22.574600023117547
test,2018-08-27 09:20:00,23.54093902610877,22.579144369082698
test,2018-08-27 09:25:00,23.55980736254517,22.58480604574888
test,2018-08-27 09:30:00,23.578957560554883,22.591545758607687
test,2018-08-27 09:35:00,23.59866249292704,22.599351562666094
test,2018-08-27 09:40:00,23.61887285149234,22.60818818935642
test,2018-08-27 09:45:00,23.639582460287897,22.618038642143198
test,2018-08-27 09:50:00,23.66075935838787,22.62889521885184
test,2018-08-27 09:55:00,23.68226738008949,22.640735418080833
test,2018-08-27 10:00:00,23.704144441241024,22.653543100805635
test,2018-08-27 10:05:00,23.726789861379704,22.666912857915793
test,2018-08-27 10:10:00,23.750959182337407,22.680920353382252
test,2018-08-27 10:15:00,23.77703432570776,22.695598111734903
test,2018-08-27 10:20:00,23.805056257850804,22.710984465717498
test,2018-08-27 10:25:00,23.834960543927053,22.727116379194232
test,2018-08-27 10:30:00,23.86663387927569,22.744027413182636
test,2018-08-27 10:35:00,23.899761735818736,22.76174725335909
test,2018-08-27 10:40:00,23.933967049930423,22.78028580147037
test,2018-08-27 10:45:00,23.96903375968828,22.799648857598804
test,2018-08-27 10:50:00,23.999993328271923,22.819057889025704
test,2018-08-27 10:55:00,23.99999998625099,22.836019354468146
test,2018-08-27 11:00:00,23.999999999982133,22.854617735982124
test,2018-08-27 11:05:00,23.999999999999964,22.87224794078637
test,2018-08-27 11:10:00,24.0,22.889510739221794
test,2018-08-27 11:15:00,24.0,22.90642501992044
test,2018-08-27 11:20:00,24.000000000000004,22.923007757944443
test,2018-08-27 11:25:00,24.0,22.939270243454587
test,2018-08-27 11:30:00,24.0,22.955229998420158
test,2018-08-27 11:35:00,24.000000000000004,22.970892270488275
test,2018-08-27 11:40:00,24.000000000000004,22.98626693175981
test,2018-08-27 11:45:00,24.000000000000007,23.00136997199891
test,2018-08-27 11:50:00,24.0,23.01620608228824
test,2018-08-27 11:55:00,24.000000000000004,23.030782849556974
test,2018-08-27 12:00:00,24.0,23.045096123094886
test,2018-08-27 12:05:00,24.0,23.059627788924168
test,2018-08-27 12:10:00,24.0,23.074354572462166
test,2018-08-27 12:15:00,24.0,23.08926867336932
test,2018-08-27 12:20:00,24.000000000000007,23.104337651683895
test,2018-08-27 12:25:00,24.000000000000007,23.119542573109737
test,2018-08-27 12:30:00,24.0,23.134870482764995
test,2018-08-27 12:35:00,24.000000000000004,23.150288185995702
test,2018-08-27 12:40:00,24.0,23.165806382140474
test,2018-08-27 12:45:00,24.0,23.181416489092186
test,2018-08-27 12:50:00,24.000000000000004,23.197113998471863
test,2018-08-27 12:55:00,24.0,23.212909679530362
test,2018-08-27 13:00:00,24.0,23.228805168699715
test,2018-08-27 13:05:00,24.0,23.244367841673686
test,2018-08-27 13:10:00,24.000000000000004,23.259437088910403
test,2018-08-27 13:15:00,24.000000000000004,23.2740829928364
test,2018-08-27 13:20:00,24.000000001278703,23.288275758442094
test,2018-08-27 13:25:00,24.000000000518263,23.302103600318407
test,2018-08-27 13:30:00,24.00000000015103,23.315627604869146
test,2018-08-27 13:35:00,23.999999999394905,23.328939256446777
test,2018-08-27 13:40:00,23.99999999795276,23.342055371822003
test,2018-08-27 13:45:00,23.99986001549276,23.354965585000688
test,2018-08-27 13:50:00,23.999850312297266,23.367705250163734
test,2018-08-27 13:55:00,23.99988640273824,23.380264030776058
test,2018-08-27 14:00:00,23.99991845637421,23.39264938492575
test,2018-08-27 14:05:00,23.99986626537228,23.403876940971227
test,2018-08-27 14:10:00,23.999998659000024,23.41404560136037
test,2018-08-27 14:15:00,23.9999999865362,23.423184115223027
test,2018-08-27 14:20:00,23.99999999867851,23.431375646948947
test,2018-08-27 14:25:00,23.99999999939564,23.438642248082605
test,2018-08-27 14:30:00,23.99999999982824,23.445055122415965
test,2018-08-27 14:35:00,23.99999999842936,23.450580544185165
test,2018-08-27 14:40:00,24.00000000012846,23.455253889332425
test,2018-08-27 14:45:00,24.0000000023,23.459554756498466
test,2018-08-27 14:50:00,24.000000000436675,23.463489913417863
test,2018-08-27 14:55:00,24.00000000000349,23.467078458669672
test,2018-08-27 15:00:00,24.00000000000003,23.470337094313606
test,2018-08-27 15:05:00,24.0,23.47386879567867
test,2018-08-27 15:10:00,24.000000000000004,23.47761581825155
test,2018-08-27 15:15:00,24.0,23.48155904449798
test,2018-08-27 15:20:00,24.000000000000004,23.485688749543744
test,2018-08-27 15:25:00,24.000000000000004,23.48973416363035
test,2018-08-27 15:30:00,24.0,23.493652194030226
test,2018-08-27 15:35:00,24.0,23.49722761219418
test,2018-08-27 15:40:00,24.0,23.500606828158116
test,2018-08-27 15:45:00,24.0,23.503879810244683
test,2018-08-27 15:50:00,24.000000000000004,23.506955653619425
test,2018-08-27 15:55:00,24.000000000000004,23.509912026874403
test,2018-08-27 16:00:00,24.000000000000004,23.512793903780615
test,2018-08-27 16:05:00,24.0,23.515862569960014
test,2018-08-27 16:10:00,24.0,23.519091452857438
test,2018-08-27 16:15:00,23.99999999999999,23.52245691855055
test,2018-08-27 16:20:00,24.000000000000004,23.52598677137973
test,2018-08-27 16:25:00,24.0,23.529623488767673
test,2018-08-27 16:30:00,24.0,23.533341201066996
test,2018-08-27 16:35:00,24.000000000000004,23.5371245084885
test,2018-08-27 16:40:00,24.0,23.54094654062244
test,2018-08-27 16:45:00,24.0,23.54478870524756
test,2018-08-27 16:50:00,24.0,23.548630990271803
test,2018-08-27 16:55:00,24.0,23.55246830156759
test,2018-08-27 17:00:00,24.0,23.55628511285134
test,2018-08-27 17:05:00,24.0,23.559734307210874
test,2018-08-27 17:10:00,24.0,23.56267542466464
test,2018-08-27 17:15:00,24.0,23.565046557632773
test,2018-08-27 17:20:00,24.0,23.566879989264283
test,2018-08-27 17:25:00,24.0,23.568182945880825
test,2018-08-27 17:30:00,24.0,23.568973558795438
test,2018-08-27 17:35:00,24.0,23.569256414105297
test,2018-08-27 17:40:00,24.0,23.56253448184049
test,2018-08-27 17:45:00,24.0,23.55584539325497
test,2018-08-27 17:50:00,24.0,23.54915582489406
test,2018-08-27 17:55:00,24.0,23.54243872324364
test,2018-08-27 18:00:00,24.0,23.535652681984228
test,2018-08-27 18:05:00,24.0,23.528442524367083
test,2018-08-27 18:10:00,24.000000000000004,23.521881320000283
test,2018-08-27 18:15:00,24.0,23.51589932838487
test,2018-08-27 18:20:00,24.000000000000007,23.510379045770616
test,2018-08-27 18:25:00,24.000000000000004,23.505329147791418
test,2018-08-27 18:30:00,24.0,23.500753408597483
test,2018-08-27 18:35:00,24.000000000000004,23.496428456414073
test,2018-08-27 18:40:00,24.0,23.49253548835261
test,2018-08-27 18:45:00,24.0,23.489049070724604
test,2018-08-27 18:50:00,24.0,23.485859009418956
test,2018-08-27 18:55:00,24.0,23.487681664199037
test,2018-08-27 19:00:00,24.0,23.489317532524726
test,2018-08-27 19:05:00,24.0,23.491167700918425
test,2018-08-27 19:10:00,24.0,23.49256705159786
test,2018-08-27 19:15:00,24.0,23.493543832551364
test,2018-08-27 19:20:00,24.000000000000004,23.494125373951583
test,2018-08-27 19:25:00,24.0,23.494356388633065
test,2018-08-27 19:30:00,24.000000000000004,23.494261919761765
test,2018-08-27 19:35:00,24.000000000000004,23.493849765598206
test,2018-08-27 19:40:00,24.000000000000007,23.493136927916538
test,2018-08-27 19:45:00,24.000000000000004,23.492141356187364
test,2018-08-27 19:50:00,24.0,23.490882194985492
test,2018-08-27 19:55:00,24.000000000000004,23.489378046114393
test,2018-08-27 20:00:00,24.0,23.487642765842626
test,2018-08-27 20:05:00,24.000000000000004,23.485579946615708
test,2018-08-27 20:10:00,24.0,23.48321267673759
test,2018-08-27 20:15:00,24.0,23.48056307821975
test,2018-08-27 20:20:00,24.000000000000007,23.47765161470209
test,2018-08-27 20:25:00,24.0,23.47449875910722
test,2018-08-27 20:30:00,24.000000000000004,23.47112740834353
test,2018-08-27 20:35:00,24.0,23.467783969641133
test,2018-08-27 20:40:00,24.0,23.46433653192199
test,2018-08-27 20:45:00,24.0,23.46072220062996
test,2018-08-27 20:50:00,24.0,23.457051766449375
test,2018-08-27 20:55:00,24.0,23.45326817196285
test,2018-08-27 21:00:00,24.0,23.449353904739173
test,2018-08-27 21:05:00,24.024524505506083,23.448300439324278
test,2018-08-27 21:10:00,24.0613805429116,23.44721910849157
test,2018-08-27 21:15:00,24.098340257710746,23.44639875514963
test,2018-08-27 21:20:00,24.1299576766002,23.445860572684516
test,2018-08-27 21:25:00,24.15546573087524,23.445508198204273
test,2018-08-27 21:30:00,24.17582207256301,23.445229293655864
test,2018-08-27 21:35:00,24.18807224043409,23.444542932619665
test,2018-08-27 21:40:00,24.19451623298625,23.44369543371503
test,2018-08-27 21:45:00,24.19744662038478,23.442584288462083
test,2018-08-27 21:50:00,24.195965080107896,23.440962438997744
test,2018-08-27 21:55:00,24.191310214260188,23.438956031629708
test,2018-08-27 22:00:00,24.184646573448703,23.436519142770482
test,2018-08-27 22:05:00,24.17659046828649,23.43362542907345
test,2018-08-27 22:10:00,24.167447017494087,23.430270432412176
test,2018-08-27 22:15:00,24.157359053575,23.426450418353927
test,2018-08-27 22:20:00,24.14641256136812,23.422163789796063
test,2018-08-27 22:25:00,24.13467952305866,23.41740994563197
test,2018-08-27 22:30:00,24.1222269700893,23.412189056928295
test,2018-08-27 22:35:00,24.109115796555784,23.406502028339887
test,2018-08-27 22:40:00,24.09539920646749,23.40035042629737
test,2018-08-27 22:45:00,24.08112269238257,23.393736368219535
test,2018-08-27 22:50:00,24.06632492916412,23.38666240677392
test,2018-08-27 22:55:00,24.051038856405373,23.379131429264042
test,2018-08-27 23:00:00,24.035292625192863,23.37114657638152
test,2018-08-27 23:05:00,24.0398304538515,23.36339544760413
test,2018-08-27 23:10:00,24.05617488820536,23.3562528762851
test,2018-08-27 23:15:00,24.07508442316813,23.349922678321192
test,2018-08-27 23:20:00,24.09242337756489,23.34441318124037
test,2018-08-27 23:25:00,24.10721578586445,23.33964940381995
test,2018-08-27 23:30:00,24.119476765873408,23.33554122172643
test,2018-08-27 23:35:00,24.12947510800097,23.3320041734704
test,2018-08-27 23:40:00,24.137438237073564,23.328964258681065
test,2018-08-27 23:45:00,24.143547631600764,23.326356459894562
test,2018-08-27 23:50:00,24.14795763870368,23.32412324763399
test,2018-08-27 23:55:00,24.150813328372863,23.322213555224515
test,2018-08-28 00:00:00,24.152258638379937,23.32058218589276
test,2018-08-28 00:05:00,24.15182562316154,23.318509768320894
test,2018-08-28 00:10:00,24.14938574924385,23.316006184068893
test,2018-08-28 00:15:00,24.14503912559099,23.313066182085798
test,2018-08-28 00:20:00,24.13895591864704,23.30968353393651
test,2018-08-28 00:25:00,24.13130962795705,23.305852911757267
test,2018-08-28 00:30:00,24.12225501067243,23.30157026690681
test,2018-08-28 00:35:00,24.111926707925413,23.296832694907085
test,2018-08-28 00:40:00,24.1004424881683,23.291638240494883
test,2018-08-28 00:45:00,24.087905772424698,23.285985745740476
test,2018-08-28 00:50:00,24.074407033135348,23.279874728778346
test,2018-08-28 00:55:00,24.06002475645709,23.27330527189988
test,2018-08-28 01:00:00,24.044826423821288,23.266277912333596
test,2018-08-28 01:05:00,24.028332526586983,23.259068387701973
test,2018-08-28 01:10:00,24.010879969874004,23.251704689262315
test,2018-08-28 01:15:00,23.99278801118417,23.244161888571888
test,2018-08-28 01:20:00,23.974195225611595,23.236423713455356
test,2018-08-28 01:25:00,23.95512352276074,23.228478358250104
test,2018-08-28 01:30:00,23.935558997201184,23.220315774615358
test,2018-08-28 01:35:00,23.915486295047703,23.21192674961438
test,2018-08-28 01:40:00,23.89489395821099,23.203302744392694
test,2018-08-28 01:45:00,23.873772979573467,23.19443586235883
test,2018-08-28 01:50:00,23.85211689105968,23.185318799566918
test,2018-08-28 01:55:00,23.82992455650208,23.17594480854944
test,2018-08-28 02:00:00,23.80719062760428,23.16630773057708
test,2018-08-28 02:05:00,23.784795408597923,23.156089387367793
test,2018-08-28 02:10:00,23.763027252234988,23.145303424515024
test,2018-08-28 02:15:00,23.741859550621307,23.133990225698152
test,2018-08-28 02:20:00,23.721176914228568,23.12218671944791
test,2018-08-28 02:25:00,23.70087347791963,23.109924842946533
test,2018-08-28 02:30:00,23.68086102405384,23.09723207846337
test,2018-08-28 02:35:00,23.678141925796528,23.085740775374312
test,2018-08-28 02:40:00,23.686304808762348,23.074178938440102
test,2018-08-28 02:45:00,23.69748060532033,23.062779413491818
test,2018-08-28 02:50:00,23.716274725870505,23.052406775703503
test,2018-08-28 02:55:00,23.7384792554917,23.042391189299785
test,2018-08-28 03:00:00,23.760320203054256,23.032794922128968
test,2018-08-28 03:05:00,23.77898805539252,23.023207164346992
test,2018-08-28 03:10:00,23.79409094200892,23.01363253958276
test,2018-08-28 03:15:00,23.80603968739678,23.004008753762946
test,2018-08-28 03:20:00,23.81528277978276,22.994281766313854
test,2018-08-28 03:25:00,23.82212754526917,22.984406582545716
test,2018-08-28 03:30:00,23.826772604915075,22.974344253263652
test,2018-08-28 03:35:00,23.829723638709304,22.964089991643892
test,2018-08-28 03:40:00,23.830996051197964,22.95358776404586
test,2018-08-28 03:45:00,23.83054210514449,22.94281259116707
test,2018-08-28 03:50:00,23.828558115759645,22.93175344618543
test,2018-08-28 03:55:00,23.82505496235735,22.920372341140002
test,2018-08-28 04:00:00,23.82003363824804,22.90864703096968
test,2018-08-28 04:05:00,23.764334119727064,22.89128623188592
test,2018-08-28 04:10:00,23.67957245091152,22.8736610947594
test,2018-08-28 04:15:00,23.58953456287258,22.855141367833298
test,2018-08-28 04:20:00,23.503368923736595,22.83544595985525
test,2018-08-28 04:25:00,23.423826942811942,22.814823049648158
test,2018-08-28 04:30:00,23.3507751416392,22.793410968872887
test,2018-08-28 04:35:00,23.28568921679224,22.771562135183327
test,2018-08-28 04:40:00,23.22675168760051,22.749218930906792
test,2018-08-28 04:45:00,23.17226144621525,22.726507225290582
test,2018-08-28 04:50:00,23.12256167871256,22.703627147830897
test,2018-08-28 04:55:00,23.07670164931112,22.680561372944673
test,2018-08-28 05:00:00,23.033750512385605,22.65738560608361
test,2018-08-28 05:05:00,23.01142891375729,22.636721620420747
test,2018-08-28 05:10:00,23.001066664202472,22.615995461616336
test,2018-08-28 05:15:00,22.99375552298789,22.59546812775889
test,2018-08-28 05:20:00,22.983763101590714,22.575041684211854
test,2018-08-28 05:25:00,22.970876658381773,22.554823887366826
test,2018-08-28 05:30:00,22.95665995459209,22.53475965605789
test,2018-08-28 05:35:00,22.94339502773336,22.514918459113446
test,2018-08-28 05:40:00,22.93136354319571,22.495234131243222
test,2018-08-28 05:45:00,22.920237181067588,22.475735758036958
test,2018-08-28 05:50:00,22.910305420386056,22.456488353747194
test,2018-08-28 05:55:00,22.901352339427827,22.43747199624892
test,2018-08-28 06:00:00,22.893145788486454,22.418706493985493
test,2018-08-28 06:05:00,22.88596116855694,22.400271302375383
test,2018-08-28 06:10:00,22.87950746476056,22.38211809484324
test,2018-08-28 06:15:00,22.8735922916291,22.364258796482144
test,2018-08-28 06:20:00,22.86829858290838,22.346700635868604
test,2018-08-28 06:25:00,22.863844506658523,22.329452120501557
test,2018-08-28 06:30:00,22.86027313471455,22.312525877895364
test,2018-08-28 06:35:00,22.85834963578156,22.29596731359023
test,2018-08-28 06:40:00,22.85838295689745,22.27976848589896
test,2018-08-28 06:45:00,22.86037273351792,22.26396169906783
test,2018-08-28 06:50:00,22.885733722827148,22.250625028383187
test,2018-08-28 06:55:00,22.92636379642017,22.238140164790966
test,2018-08-28 07:00:00,22.97257269318532,22.226805216786566
test,2018-08-28 07:05:00,23.031117077259903,22.21807576102051
test,2018-08-28 07:10:00,23.097135460325696,22.21109136769184
test,2018-08-28 07:15:00,23.165728764049994,22.205948408526417
test,2018-08-28 07:20:00,23.209961531084243,22.20028171821557
test,2018-08-28 07:25:00,23.23836599233036,22.195939009730278
test,2018-08-28 07:30:00,23.262197756333123,22.1925448328523
test,2018-08-28 07:35:00,23.275779726234035,22.188902295247896
test,2018-08-28 07:40:00,23.28462428669976,22.185861794323255
test,2018-08-28 07:45:00,23.293119085774943,22.183301514621785
test,2018-08-28 07:50:00,23.301349825240905,22.181005883355255
test,2018-08-28 07:55:00,23.3105222747816,22.179149552100483
test,2018-08-28 08:00:00,23.32127945246033,22.17773809487672
test,2018-08-28 08:05:00,23.3348504565342,22.177188439228303
test,2018-08-28 08:10:00,23.351220457878178,22.177458782588456
test,2018-08-28 08:15:00,23.370086200472148,22.17857252923363
test,2018-08-28 08:20:00,23.39086325070413,22.180548540189854
test,2018-08-28 08:25:00,23.413484629242475,22.183395048347283
test,2018-08-28 08:30:00,23.43807699320321,22.187120585555352
test,2018-08-28 08:35:00,23.46510292453831,22.19174871899651
test,2018-08-28 08:40:00,23.49503836251442,22.197303225713103
test,2018-08-28 08:45:00,23.527797544043512,22.203824737113454
test,2018-08-28 08:50:00,23.5633049364654,22.2113549109106
test,2018-08-28 08:55:00,23.601476329145484,22.21992617903305
test,2018-08-28 09:00:00,23.64207814443919,22.22957213163318
test,2018-08-28 09:05:00,23.68502409866492,22.240298768534274
test,2018-08-28 09:10:00,23.73024455525242,22.25215473002641
test,2018-08-28 09:15:00,23.7776416929484,22.265163829875522
test,2018-08-28 09:20:00,23.82710844092881,22.279347379148447
test,2018-08-28 09:25:00,23.878539863832685,22.29472403305531
test,2018-08-28 09:30:00,23.931845439784453,22.311309885792678
test,2018-08-28 09:35:00,23.98664203679845,22.329117753359917
test,2018-08-28 09:40:00,23.999963151052093,22.343894384990318
test,2018-08-28 09:45:00,23.9999999236238,22.360349432748816
test,2018-08-28 09:50:00,23.99999999974872,22.37679497335655
test,2018-08-28 09:55:00,23.999999999999087,22.393010089804537
test,2018-08-28 10:00:00,24.0,22.40920483780098
test,2018-08-28 10:05:00,24.0,22.42504587192358
test,2018-08-28 10:10:00,24.000000000000004,22.440566365459024
test,2018-08-28 10:15:00,24.0,22.455792525344535
test,2018-08-28 10:20:00,24.0,22.47073067961903
test,2018-08-28 10:25:00,24.000000000000004,22.48541092479839
test,2018-08-28 10:30:00,24.000000000000004,22.49983724339858
test,2018-08-28 10:35:00,24.0,22.513994500352613
test,2018-08-28 10:40:00,24.0,22.527902074740634
test,2018-08-28 10:45:00,24.0,22.541581491916414
test,2018-08-28 10:50:00,24.0,22.555056199471235
test,2018-08-28 10:55:00,24.0,22.56835009725812
test,2018-08-28 11:00:00,24.0,22.581486385984842
test,2018-08-28 11:05:00,24.0,22.594971817808766
test,2018-08-28 11:10:00,24.0,22.608672590505368
test,2018-08-28 11:15:00,24.0,22.622537402837825
test,2018-08-28 11:20:00,24.000000000000004,22.636574471400866
test,2018-08-28 11:25:00,24.000000000000004,22.650770405640245
test,2018-08-28 11:30:00,24.000000000000004,22.665117569553043
test,2018-08-28 11:35:00,24.0,22.67963374437515
test,2018-08-28 11:40:00,24.0,22.694314461833276
test,2018-08-28 11:45:00,24.0,22.709149884377613
test,2018-08-28 11:50:00,24.000000000000004,22.724089486050058
test,2018-08-28 11:55:00,24.0,22.73914838454621
test,2018-08-28 12:00:00,24.000000000000004,22.754322814279792
test,2018-08-28 12:05:00,24.0,22.76876676441114
test,2018-08-28 12:10:00,24.0,22.782637062190368
test,2018-08-28 12:15:00,24.0000000012,22.796017863499593
test,2018-08-28 12:20:00,24.000000000392355,22.808865582125538
test,2018-08-28 12:25:00,23.999999998046327,22.821270196603088
test,2018-08-28 12:30:00,24.000000000113182,22.833294488245084
test,2018-08-28 12:35:00,23.99999999890804,22.844944964582112
test,2018-08-28 12:40:00,24.000000001531703,22.856274652421096
test,2018-08-28 12:45:00,24.000000000219988,22.867304183508253
test,2018-08-28 12:50:00,24.000000002189232,22.87806122214739
test,2018-08-28 12:55:00,23.99999999860104,22.888562257763766
test,2018-08-28 13:00:00,23.999999998057,22.898839457197028
test,2018-08-28 13:05:00,23.999999999835364,22.910016077235916
test,2018-08-28 13:10:00,23.999999997328093,22.921978982997288
test,2018-08-28 13:15:00,23.9999999986298,22.93464755610139
test,2018-08-28 13:20:00,24.000000001461792,22.948220470887527
test,2018-08-28 13:25:00,23.99999999722917,22.962487070687903
test,2018-08-28 13:30:00,23.99999999938083,22.977321346466532
test,2018-08-28 13:35:00,24.000000000677293,22.992680235399025
test,2018-08-28 13:40:00,23.99999999926839,23.008556347893126
test,2018-08-28 13:45:00,23.99999999797344,23.024937212294343
test,2018-08-28 13:50:00,23.99986555870703,23.0417601064714
test,2018-08-28 13:55:00,23.999901031550124,23.059047973266342
test,2018-08-28 14:00:00,23.999941831198967,23.076758626796963
test,2018-08-28 14:05:00,23.999937833438263,23.093938298899115
test,2018-08-28 14:10:00,23.99993258273762,23.11064061622989
test,2018-08-28 14:15:00,23.99992558065913,23.126909920812597
test,2018-08-28 14:20:00,23.999972320489604,23.142742239477613
test,2018-08-28 14:25:00,23.999972909729667,23.158210095703712
test,2018-08-28 14:30:00,23.9999732286198,23.17337498855747
test,2018-08-28 14:35:00,23.9999709628996,23.18816600385782
test,2018-08-28 14:40:00,23.99997086449413,23.202653356408128
test,2018-08-28 14:45:00,23.99997094226411,23.21688968877936
test,2018-08-28 14:50:00,23.999970561548327,23.230879302701787
test,2018-08-28 14:55:00,23.99997062085011,23.24465181085402
test,2018-08-28 15:00:00,23.999970843579536,23.258250810747676
test,2018-08-28 15:05:00,23.99997117230137,23.271363635884526
test,2018-08-28 15:10:00,23.999971513068,23.28401507193978
test,2018-08-28 15:15:00,23.99997197432813,23.296255112822323
test,2018-08-28 15:20:00,23.999972518370186,23.308119560840296
test,2018-08-28 15:25:00,23.99999025888752,23.319637372025547
test,2018-08-28 15:30:00,23.999969867116764,23.330825790204848
test,2018-08-28 15:35:00,24.000083216904603,23.341687040710507
test,2018-08-28 15:40:00,23.99996536743037,23.352207528308167
test,2018-08-28 15:45:00,23.999926864917285,23.362467746958632
test,2018-08-28 15:50:00,23.99991845127453,23.372441424950825
test,2018-08-28 15:55:00,23.999885922243656,23.38215548449682
test,2018-08-28 16:00:00,23.99984924428048,23.39163151558208
test,2018-08-28 16:05:00,23.999998458398228,23.400899033337044
test,2018-08-28 16:10:00,23.999999985486,23.4099245067659
test,2018-08-28 16:15:00,24.00000000120153,23.418751931311302
test,2018-08-28 16:20:00,24.00000000010276,23.427372125431013
test,2018-08-28 16:25:00,24.00000000067969,23.435793211652605
test,2018-08-28 16:30:00,23.999999999447063,23.44401957990472
test,2018-08-28 16:35:00,23.99999999829092,23.451934066288604
test,2018-08-28 16:40:00,24.00000000031972,23.459526809881144
test,2018-08-28 16:45:00,23.99999999825145,23.466808656839603
test,2018-08-28 16:50:00,23.999999998626,23.473786809266077
test,2018-08-28 16:55:00,23.99999999982009,23.480490151122456
test,2018-08-28 17:00:00,23.999999998901583,23.486937799753235
test,2018-08-28 17:05:00,24.000000001454115,23.492767709880965
test,2018-08-28 17:10:00,24.000000001518544,23.498043556240017
test,2018-08-28 17:15:00,24.000000001716668,23.50279610659907
test,2018-08-28 17:20:00,24.0000000002059,23.50702880646965
test,2018-08-28 17:25:00,23.99999999821229,23.51077272115299
test,2018-08-28 17:30:00,23.99999999989896,23.51404449253418
test,2018-08-28 17:35:00,23.999969487804485,23.516672099754
test,2018-08-28 17:40:00,23.99996896675448,23.518861030660045
test,2018-08-28 17:45:00,23.999969180859864,23.52070608897043
test,2018-08-28 17:50:00,23.99996546200184,23.522072362665952
test,2018-08-28 17:55:00,23.99996539172581,23.52304806928894
test,2018-08-28 18:00:00,23.99996553899876,23.523682266777932
test,2018-08-28 18:05:00,23.999999641846784,23.524409412206694
test,2018-08-28 18:10:00,23.99999999531408,23.52517204041417
test,2018-08-28 18:15:00,24.000000001858897,23.525880986159247
test,2018-08-28 18:20:00,23.999999999567365,23.526569737504573
test,2018-08-28 18:25:00,24.000000000552507,23.527182175915755
test,2018-08-28 18:30:00,23.9999999981706,23.527677105201516
test,2018-08-28 18:35:00,24.00000000047748,23.52796087726439
test,2018-08-28 18:40:00,23.99999999964012,23.527996408208594
test,2018-08-28 18:45:00,23.999999999797808,23.52780176450828
test,2018-08-28 18:50:00,23.99999999968088,23.527354363037123
test,2018-08-28 18:55:00,23.99999999889572,23.526685079583928
test,2018-08-28 19:00:00,24.0000000008203,23.52581851497078
test,2018-08-28 19:05:00,23.999999999456573,23.52474655410721
test,2018-08-28 19:10:00,23.99999999899356,23.523269705567394
test,2018-08-28 19:15:00,24.00000000171684,23.521409775525715
test,2018-08-28 19:20:00,24.00000000126689,23.51918907265749
test,2018-08-28 19:25:00,23.999999998057195,23.51662699993716
test,2018-08-28 19:30:00,24.00000000232913,23.513740118193294
test,2018-08-28 19:35:00,24.00000000001828,23.510653789847993
test,2018-08-28 19:40:00,24.000000000000146,23.50731140951014
test,2018-08-28 19:45:00,24.000000000000004,23.50368203042895
test,2018-08-28 19:50:00,24.0,23.499821044347247
test,2018-08-28 19:55:00,24.0,23.495698877878343
test,2018-08-28 20:00:00,24.0,23.491300208651126
test,2018-08-28 20:05:00,24.0,23.487218509619584
test,2018-08-28 20:10:00,24.0,23.483412856295782
test,2018-08-28 20:15:00,24.0,23.47984807792975
test,2018-08-28 20:20:00,24.0,23.476491279291622
test,2018-08-28 20:25:00,24.0,23.473314562305504
test,2018-08-28 20:30:00,24.0,23.47029273513243
test,2018-08-28 20:35:00,24.0,23.467564904443307
test,2018-08-28 20:40:00,24.0,23.46501644716645
test,2018-08-28 20:45:00,24.0,23.462574246354315
test,2018-08-28 20:50:00,24.000000000000004,23.460290229796
test,2018-08-28 20:55:00,24.0,23.458097575580517
test,2018-08-28 21:00:00,24.0,23.455953635161112
test,2018-08-28 21:05:00,24.071686683851294,23.460500193922247
test,2018-08-28 21:10:00,24.180072792633872,23.465184115110684
test,2018-08-28 21:15:00,24.29022129062396,23.470843438168174
test,2018-08-28 21:20:00,24.38761187013853,23.47754862787968
test,2018-08-28 21:25:00,24.470717845113043,23.485057462442217
test,2018-08-28 21:30:00,24.54244201371293,23.493097880566673
test,2018-08-28 21:35:00,24.602745279652066,23.501205091385128
test,2018-08-28 21:40:00,24.654310829504617,23.509435584547468
test,2018-08-28 21:45:00,24.69912065810024,23.517639811387102
test,2018-08-28 21:50:00,24.735442409004225,23.525449148330047
test,2018-08-28 21:55:00,24.76465087550558,23.53298654961978
test,2018-08-28 22:00:00,24.788295893136365,23.540136222191755
test,2018-08-28 22:05:00,24.80700872455796,23.547417400827197
test,2018-08-28 22:10:00,24.821818153352297,23.554779528206794
test,2018-08-28 22:15:00,24.83345240175075,23.562128189775247
test,2018-08-28 22:20:00,24.8423966706976,23.56938844186063
test,2018-08-28 22:25:00,24.848765356620863,23.576499021392532
test,2018-08-28 22:30:00,24.852630570447342,23.583404040917788
test,2018-08-28 22:35:00,24.85410629016767,23.590051824294715
test,2018-08-28 22:40:00,24.85324353856438,23.596395549343317
test,2018-08-28 22:45:00,24.850078091085464,23.602391677773575
test,2018-08-28 22:50:00,24.844670230138004,23.607999440835986
test,2018-08-28 22:55:00,24.83712064736297,23.613181183225176
test,2018-08-28 23:00:00,24.827559527961483,23.617903039069596
test,2018-08-28 23:05:00,24.763117607318897,23.62214958871319
test,2018-08-28 23:10:00,24.66693943972776,23.624767032561188
test,2018-08-28 23:15:00,24.56383190114417,23.625136645148576
test,2018-08-28 23:20:00,24.46533152889248,23.623179319439043
test,2018-08-28 23:25:00,24.37431809417937,23.619060556256255
test,2018-08-28 23:30:00,24.2901416013338,23.61300128463556
test,2018-08-28 23:35:00,24.211542950841263,23.605202095217145
test,2018-08-28 23:40:00,24.13756936763248,23.595831106209904
test,2018-08-28 23:45:00,24.06761127800537,23.5850314107476
test,2018-08-28 23:50:00,24.001252200776744,23.572929059502318
test,2018-08-28 23:55:00,23.93814236176864,23.559637638998524
test,2018-08-29 00:00:00,23.87798187453285,23.545260051411717
test,2018-08-29 00:05:00,23.821874348982785,23.529546172942126
test,2018-08-29 00:10:00,23.770325510167776,23.512642723885378
test,2018-08-29 00:15:00,23.72312208241493,23.494692209580275
test,2018-08-29 00:20:00,23.679736858373364,23.47582647126261
test,2018-08-29 00:25:00,23.639614035630785,23.456160702435962
test,2018-08-29 00:30:00,23.602281217314964,23.43579358970023
test,2018-08-29 00:35:00,23.567377948156373,23.414809761045756
test,2018-08-29 00:40:00,23.53473092315992,23.39328272729857
test,2018-08-29 00:45:00,23.504014679008268,23.37127928646857
test,2018-08-29 00:50:00,23.474910818336145,23.34885665843445
test,2018-08-29 00:55:00,23.44717275847844,23.326063029608306
test,2018-08-29 01:00:00,23.420612465447537,23.30293942378799
test,2018-08-29 01:05:00,23.39442493833964,23.27979867058832
test,2018-08-29 01:10:00,23.36870635313413,23.256693397213017
test,2018-08-29 01:15:00,23.343644617695148,23.23362054985425
test,2018-08-29 01:20:00,23.31930473972288,23.210582711740788
test,2018-08-29 01:25:00,23.29565453386425,23.187585172800485
test,2018-08-29 01:30:00,23.272625417878004,23.16463365051081
test,2018-08-29 01:35:00,23.25014798188904,23.141733373305836
test,2018-08-29 01:40:00,23.228163488625537,23.11888895311891
test,2018-08-29 01:45:00,23.20662420894119,23.096104516448783
test,2018-08-29 01:50:00,23.1854910241585,23.073383850524618
test,2018-08-29 01:55:00,23.16473138167872,23.050730505513492
test,2018-08-29 02:00:00,23.14431802367232,23.028147860338173
test,2018-08-29 02:05:00,23.125216336413253,23.005325801639138
test,2018-08-29 02:10:00,23.107697318735987,22.98228947667476
test,2018-08-29 02:15:00,23.0916212022864,22.959089364832412
test,2018-08-29 02:20:00,23.076737444960504,22.93577001562007
test,2018-08-29 02:25:00,23.06281642284773,22.912368094499058
test,2018-08-29 02:30:00,23.049670352521822,22.888913219057443
test,2018-08-29 02:35:00,23.036808801190578,22.865397055022097
test,2018-08-29 02:40:00,23.024222191067985,22.841864478008574
test,2018-08-29 02:45:00,23.01193245372109,22.818326078075078
test,2018-08-29 02:50:00,22.999739279932086,22.794776694630922
test,2018-08-29 02:55:00,22.98758711249654,22.77123687019593
test,2018-08-29 03:00:00,22.975496552784712,22.747709707362503
test,2018-08-29 03:05:00,22.96289189684392,22.72447847629878
test,2018-08-29 03:10:00,22.949859287516425,22.701566154724713
test,2018-08-29 03:15:00,22.93659576697121,22.678943595280302
test,2018-08-29 03:20:00,22.923221901525128,22.656588217247307
test,2018-08-29 03:25:00,22.90979540514192,22.63448202608066
test,2018-08-29 03:30:00,22.896347959564764,22.612609997567372
test,2018-08-29 03:35:00,22.883271401512765,22.590990092024924
test,2018-08-29 03:40:00,22.870483378488306,22.569587453474984
test,2018-08-29 03:45:00,22.8577401003018,22.548398027094684
test,2018-08-29 03:50:00,22.84506026984887,22.52742883308894
test,2018-08-29 03:55:00,22.83230288591329,22.50665715891865
test,2018-08-29 04:00:00,22.819342445469875,22.486073834415123
test,2018-08-29 04:05:00,22.78239684357733,22.461730648038465
test,2018-08-29 04:10:00,22.730660544924724,22.436461599613473
test,2018-08-29 04:15:00,22.674637856348784,22.41001382636411
test,2018-08-29 04:20:00,22.61927706372513,22.382354201713465
test,2018-08-29 04:25:00,22.56599520612709,22.35354907710057
test,2018-08-29 04:30:00,22.514546175623646,22.32368910882113
test,2018-08-29 04:35:00,22.462686357670822,22.292672977698558
test,2018-08-29 04:40:00,22.41088084997203,22.26071645348578
test,2018-08-29 04:45:00,22.359809696732725,22.22785565334281
test,2018-08-29 04:50:00,22.30890068537488,22.194047831850206
test,2018-08-29 04:55:00,22.258540031960028,22.159417913790836
test,2018-08-29 05:00:00,22.209021543849893,22.124004096988
test,2018-08-29 05:05:00,22.18978792289903,22.09302228556189
test,2018-08-29 05:10:00,22.18927119158172,22.06315818637466
test,2018-08-29 05:15:00,22.19443606340672,22.034723690571226
test,2018-08-29 05:20:00,22.19911946496986,22.007753266820455
test,2018-08-29 05:25:00,22.20187148787088,21.98215677415995
test,2018-08-29 05:30:00,22.20315701949291,21.957823861950192
test,2018-08-29 05:35:00,22.204139985226465,21.93470676444888
test,2018-08-29 05:40:00,22.20532678374425,21.91270136041527
test,2018-08-29 05:45:00,22.20680376192695,21.891764036971725
test,2018-08-29 05:50:00,22.20872631389278,21.87187934769694
test,2018-08-29 05:55:00,22.210929209899483,21.852995052258184
test,2018-08-29 06:00:00,22.213039294505045,21.835081171845985
test,2018-08-29 06:05:00,22.21593014795677,21.818505990212596
test,2018-08-29 06:10:00,22.219543166679266,21.80316280382079
test,2018-08-29 06:15:00,22.223686802372704,21.789017887139156
test,2018-08-29 06:20:00,22.22828192791606,21.776037895949777
test,2018-08-29 06:25:00,22.233345557019224,21.76419180216665
test,2018-08-29 06:30:00,22.238941609781023,21.75345247266433
test,2018-08-29 06:35:00,22.245786892690514,21.7438168953687
test,2018-08-29 06:40:00,22.254201129264565,21.73526860519822
test,2018-08-29 06:45:00,22.26469616878768,21.72781605024118
test,2018-08-29 06:50:00,22.27761089838152,21.721489235692346
test,2018-08-29 06:55:00,22.29300967213372,21.71630516713893
test,2018-08-29 07:00:00,22.31102380859941,21.712292455467797
test,2018-08-29 07:05:00,22.332494961673127,21.70917039560525
test,2018-08-29 07:10:00,22.357386203929813,21.70698697584527
test,2018-08-29 07:15:00,22.385256388638,21.705809973480722
test,2018-08-29 07:20:00,22.415783214904145,21.70569439795451
test,2018-08-29 07:25:00,22.448816572993785,21.70668553920593
test,2018-08-29 07:30:00,22.484352751430823,21.708823024661267
test,2018-08-29 07:35:00,22.519591259615115,21.711892738799527
test,2018-08-29 07:40:00,22.55513839751852,21.716120368954847
test,2018-08-29 07:45:00,22.59192707155833,21.7214901753574
test,2018-08-29 07:50:00,22.62932621722622,21.727882247493962
test,2018-08-29 07:55:00,22.66783423130638,21.73541397128248
test,2018-08-29 08:00:00,22.70787179910013,21.744086226464592
test,2018-08-29 08:05:00,22.74976183173426,21.75329896293663
test,2018-08-29 08:10:00,22.792772459773147,21.763052160078225
test,2018-08-29 08:15:00,22.83657206249209,21.773387215697568
test,2018-08-29 08:20:00,22.881004019302253,21.784333403426825
test,2018-08-29 08:25:00,22.92626904940776,21.79591238091909
test,2018-08-29 08:30:00,22.9725334458995,21.808146338501043
test,2018-08-29 08:35:00,23.01978242507069,21.821062075609788
test,2018-08-29 08:40:00,23.067888070040432,21.834666992347664
test,2018-08-29 08:45:00,23.11690128169997,21.848970824057858
test,2018-08-29 08:50:00,23.166861911147848,21.86398609135731
test,2018-08-29 08:55:00,23.21747136886751,21.879717588356524
test,2018-08-29 09:00:00,23.26867796750716,21.896165983540985
test,2018-08-29 09:05:00,23.337968911412386,21.91561760201133
test,2018-08-29 09:10:00,23.41915002955541,21.93673485155296
test,2018-08-29 09:15:00,23.504308950273128,21.95970091246601
test,2018-08-29 09:20:00,23.57903859873429,21.98354663183042
test,2018-08-29 09:25:00,23.646262807602888,22.00899357397862
test,2018-08-29 09:30:00,23.71072110527997,22.03582719998793
test,2018-08-29 09:35:00,23.76819010029797,22.06329105399257
test,2018-08-29 09:40:00,23.821944980836047,22.091866685662904
test,2018-08-29 09:45:00,23.87494474653315,22.121442900950417
test,2018-08-29 09:50:00,23.92837573985836,22.151977256152144
test,2018-08-29 09:55:00,23.982349852555583,22.183449852962852
test,2018-08-29 10:00:00,23.99996064933576,22.212180877275394
test,2018-08-29 10:05:00,23.99999991942444,22.242133320791545
test,2018-08-29 10:10:00,23.99999999983288,22.27253230939785
test,2018-08-29 10:15:00,23.999999999999552,22.302371181566844
test,2018-08-29 10:20:00,24.0,22.332001264414366
test,2018-08-29 10:25:00,24.0,22.361456637945597
test,2018-08-29 10:30:00,24.000000000000004,22.39075856488506
test,2018-08-29 10:35:00,24.0,22.420113208027164
test,2018-08-29 10:40:00,24.0,22.449686454656735
test,2018-08-29 10:45:00,24.000000000000004,22.479464146373473
test,2018-08-29 10:50:00,24.0,22.50943117552486
test,2018-08-29 10:55:00,24.0,22.53958066876485
test,2018-08-29 11:00:00,24.000000000000007,22.569904996799668
test,2018-08-29 11:05:00,24.000000000000004,22.600269130158686
test,2018-08-29 11:10:00,24.000000000000004,22.630671349230436
test,2018-08-29 11:15:00,24.0,22.661120954955095
test,2018-08-29 11:20:00,24.0,22.691623028217492
test,2018-08-29 11:25:00,24.0,22.722181163543617
test,2018-08-29 11:30:00,24.000000000000004,22.752797929549477
test,2018-08-29 11:35:00,24.0,22.783468208505884
test,2018-08-29 11:40:00,24.0,22.814193618313098
test,2018-08-29 11:45:00,24.000000000000004,22.844960971686362
test,2018-08-29 11:50:00,24.0,22.87577431503929
test,2018-08-29 11:55:00,24.000000000000004,22.906642375311566
test,2018-08-29 12:00:00,24.0,22.937544521423767
test,2018-08-29 12:05:00,24.0,22.96743845350429
test,2018-08-29 12:10:00,24.0,22.99639165757003
test,2018-08-29 12:15:00,24.0,23.024459291846345
test,2018-08-29 12:20:00,24.000000000000004,23.051684675082726
test,2018-08-29 12:25:00,24.000000000000004,23.078127672181154
test,2018-08-29 12:30:00,24.000000000909,23.10383256612765
test,2018-08-29 12:35:00,23.99999999937989,23.128852943453918
test,2018-08-29 12:40:00,23.99999999962948,23.15322828236312
test,2018-08-29 12:45:00,24.000000001060368,23.1769930762216
test,2018-08-29 12:50:00,23.99987104361222,23.200165737839605
test,2018-08-29 12:55:00,23.999928977081137,23.222814278776575
test,2018-08-29 13:00:00,24.00000739506057,23.24492808325297
test,2018-08-29 13:05:00,23.99997902122986,23.266207992410123
test,2018-08-29 13:10:00,23.999977076996025,23.28672030757664
test,2018-08-29 13:15:00,23.999975477523112,23.30649813047593
test,2018-08-29 13:20:00,23.99997407950731,23.3255891922031
test,2018-08-29 13:25:00,23.99997284196911,23.344033697839684
test,2018-08-29 13:30:00,23.999971785692622,23.3618743161126
test,2018-08-29 13:35:00,23.999968233468795,23.37910902712521
test,2018-08-29 13:40:00,23.999967447211628,23.39581553718936
test,2018-08-29 13:45:00,23.99996692340899,23.41204888643846
test,2018-08-29 13:50:00,23.999965415714115,23.42781383542222
test,2018-08-29 13:55:00,23.99996503883764,23.443148285030215
test,2018-08-29 14:00:00,23.999964800766,23.458083317930903
test,2018-08-29 14:05:00,23.999966815700184,23.470355292231325
test,2018-08-29 14:10:00,23.999968962219945,23.480127677277352
test,2018-08-29 14:15:00,23.99997115751441,23.487523910799187
test,2018-08-29 14:20:00,23.999970918725545,23.492620695793498
test,2018-08-29 14:25:00,23.999953983971928,23.495577634698428
test,2018-08-29 14:30:00,23.999999519169258,23.49651045202433
test,2018-08-29 14:35:00,23.99996729909608,23.49517324066828
test,2018-08-29 14:40:00,23.99996776220125,23.4918445756467
test,2018-08-29 14:45:00,23.99996894141412,23.486693769129342
test,2018-08-29 14:50:00,23.99999966632805,23.479935468918317
test,2018-08-29 14:55:00,23.99999999550049,23.47157293775132
test,2018-08-29 15:00:00,23.99999999847885,23.461644223212833
test,2018-08-29 15:05:00,24.00000000034974,23.452242867129936
test,2018-08-29 15:10:00,24.000000000008924,23.443217729949172
test,2018-08-29 15:15:00,23.99999999998964,23.43444473146262
test,2018-08-29 15:20:00,24.00000000023828,23.425861807033453
test,2018-08-29 15:25:00,23.99999999846697,23.417407554461562
test,2018-08-29 15:30:00,23.99999999998744,23.409019395296717
test,2018-08-29 15:35:00,23.9999999999999,23.4005119519098
test,2018-08-29 15:40:00,24.0,23.391867535513388
test,2018-08-29 15:45:00,24.0,23.38304105005017
test,2018-08-29 15:50:00,24.0,23.37400285985943
test,2018-08-29 15:55:00,24.000000000000004,23.367944500155655
test,2018-08-29 16:00:00,24.000000000000004,23.36144215965194
test,2018-08-29 16:05:00,24.0,23.355728737553576
test,2018-08-29 16:10:00,24.0,23.35138850942982
test,2018-08-29 16:15:00,24.000000000000004,23.3446510745977
test,2018-08-29 16:20:00,24.0,23.33876448752853
test,2018-08-29 16:25:00,24.0,23.333604013252685
test,2018-08-29 16:30:00,24.0,23.329091491894324
test,2018-08-29 16:35:00,24.0,23.32526295717177
test,2018-08-29 16:40:00,24.000000000000007,23.322143313830175
test,2018-08-29 16:45:00,24.0,23.3197317028773
test,2018-08-29 16:50:00,24.0,23.31798059192658
test,2018-08-29 16:55:00,24.0,23.316872778081816
test,2018-08-29 17:00:00,24.0,23.31642542094719
test,2018-08-29 17:05:00,24.0,23.31564989829277
test,2018-08-29 17:10:00,24.000000000000004,23.31457466688752
test,2018-08-29 17:15:00,24.0,23.313224068909673
test,2018-08-29 17:20:00,24.000000000000004,23.311616673687556
test,2018-08-29 17:25:00,24.0,23.30978354571795
test,2018-08-29 17:30:00,24.0,23.307733447498112
test,2018-08-29 17:35:00,24.0,23.305326234555995
test,2018-08-29 17:40:00,24.000000000000004,23.30258711464748
test,2018-08-29 17:45:00,24.0,23.299551439742554
test,2018-08-29 17:50:00,24.000000000000007,23.296197014061757
test,2018-08-29 17:55:00,24.0,23.29201220254103
test,2018-08-29 18:00:00,24.0,23.287530890742097
test,2018-08-29 18:05:00,24.0,23.28227358543051
test,2018-08-29 18:10:00,24.0,23.27699419675374
test,2018-08-29 18:15:00,24.000000000000007,23.27172225307042
test,2018-08-29 18:20:00,24.0,23.26642265929047
test,2018-08-29 18:25:00,24.0,23.261112320666655
test,2018-08-29 18:30:00,24.000000000000004,23.255813659682143
test,2018-08-29 18:35:00,24.0,23.25025214171846
test,2018-08-29 18:40:00,24.0,23.244511882956044
test,2018-08-29 18:45:00,24.0,23.238650219143704
test,2018-08-29 18:50:00,24.0,23.23386838395595
test,2018-08-29 18:55:00,24.000000000000004,23.228773481090343
test,2018-08-29 19:00:00,24.0,23.223439123894803
test,2018-08-29 19:05:00,24.000000000000004,23.21645094906128
test,2018-08-29 19:10:00,24.0,23.209242579889583
test,2018-08-29 19:15:00,24.0,23.201814152009142
test,2018-08-29 19:20:00,24.0,23.19418207794561
test,2018-08-29 19:25:00,24.000000000000004,23.186369252737876
test,2018-08-29 19:30:00,24.0,23.178382506373822
test,2018-08-29 19:35:00,24.000000000000004,23.17032516187074
test,2018-08-29 19:40:00,24.000000000000004,23.16216088849236
test,2018-08-29 19:45:00,24.000000000000004,23.153878744494826
test,2018-08-29 19:50:00,24.0,23.14680382746294
test,2018-08-29 19:55:00,24.000000000000004,23.139829745719155
test,2018-08-29 20:00:00,24.000000000000004,23.13286970079168
test,2018-08-29 20:05:00,24.000000000000004,23.126540767099094
test,2018-08-29 20:10:00,24.0,23.120750189307902
test,2018-08-29 20:15:00,24.0,23.115445625725748
test,2018-08-29 20:20:00,24.000000000000004,23.11058086782733
test,2018-08-29 20:25:00,24.0,23.106117164026852
test,2018-08-29 20:30:00,24.000000000000004,23.1020216230277
test,2018-08-29 20:35:00,24.0,23.09832595879959
test,2018-08-29 20:40:00,24.0,23.094964767968765
test,2018-08-29 20:45:00,24.000000000000004,23.091896483632414
test,2018-08-29 20:50:00,24.0,23.089125443549666
test,2018-08-29 20:55:00,24.000000000000004,23.086614294242704
test,2018-08-29 21:00:00,24.0,23.08433850808467
test,2018-08-29 21:05:00,24.0347745092676,23.085127703699253
test,2018-08-29 21:10:00,24.08805804628713,23.08588152566125
test,2018-08-29 21:15:00,24.14297004809238,23.08704131446107
test,2018-08-29 21:20:00,24.192065810589824,23.088674111398994
test,2018-08-29 21:25:00,24.234121494666866,23.090683248464085
test,2018-08-29 21:30:00,24.270110595773467,23.092944543108466
test,2018-08-29 21:35:00,24.294043961964285,23.0947044026076
test,2018-08-29 21:40:00,24.309266922397217,23.096398493602923
test,2018-08-29 21:45:00,24.31959156990317,23.097869270617576
test,2018-08-29 21:50:00,24.299045173915182,23.098715368097285
test,2018-08-29 21:55:00,24.259924284123272,23.09864897415436
test,2018-08-29 22:00:00,24.215353406095875,23.09732199123141
test,2018-08-29 22:05:00,24.17214824561172,23.095000879193343
test,2018-08-29 22:10:00,24.13212639086113,23.091744493764327
test,2018-08-29 22:15:00,24.09505176034844,23.08764418491163
test,2018-08-29 22:20:00,24.06030780297248,23.082784149882343
test,2018-08-29 22:25:00,24.02742723004712,23.077233596773493
test,2018-08-29 22:30:00,23.996124010241896,23.071050274865744
test,2018-08-29 22:35:00,23.965015327381167,23.064175031172788
test,2018-08-29 22:40:00,23.934385058650367,23.0567404496261
test,2018-08-29 22:45:00,23.90464591142264,23.04877224928663
test,2018-08-29 22:50:00,23.87536671167947,23.040250681443275
test,2018-08-29 22:55:00,23.84670388723301,23.031254797330114
test,2018-08-29 23:00:00,23.818790244157647,23.02181133332641
test,2018-08-29 23:05:00,23.807380893231347,23.011267564571778
test,2018-08-29 23:10:00,23.804998997574483,23.000042056993124
test,2018-08-29 23:15:00,23.80359241462029,22.988369020142333
test,2018-08-29 23:20:00,23.79939999504245,22.976292983752078
test,2018-08-29 23:25:00,23.79171908347741,22.96379443317324
test,2018-08-29 23:30:00,23.78102124016789,22.950827087509087
test,2018-08-29 23:35:00,23.767864041167496,22.93735345827328
test,2018-08-29 23:40:00,23.752508752365845,22.92334669006861
test,2018-08-29 23:45:00,23.735124527443336,22.908784277482287
test,2018-08-29 23:50:00,23.71585383198088,22.893646230306267
test,2018-08-29 23:55:00,23.694830747137345,22.87791464085201
test,2018-08-30 00:00:00,23.67218080356084,22.861573624327626
test,2018-08-30 00:05:00,23.648263105637263,22.84493695598124
test,2018-08-30 00:10:00,23.62340033332549,22.827981244795662
test,2018-08-30 00:15:00,23.59776084757259,22.81068409966456
test,2018-08-30 00:20:00,23.571414393503787,22.79302853440034
test,2018-08-30 00:25:00,23.544392951399136,22.775000574881563
test,2018-08-30 00:30:00,23.516720409559365,22.756588238231068
test,2018-08-30 00:35:00,23.48842073346893,22.737781185016598
test,2018-08-30 00:40:00,23.459518001376185,22.71857056977192
test,2018-08-30 00:45:00,23.43003517717694,22.698948910765175
test,2018-08-30 00:50:00,23.39999353849968,22.678909950052606
test,2018-08-30 00:55:00,23.36941270598804,22.658448516262467
test,2018-08-30 01:00:00,23.338310885176085,22.637560401220625
test,2018-08-30 01:05:00,23.306458825841663,22.616520040927472
test,2018-08-30 01:10:00,23.274310540296806,22.595354641395247
test,2018-08-30 01:15:00,23.242201005480467,22.57404499580282
test,2018-08-30 01:20:00,23.21024626038946,22.5525817779321
test,2018-08-30 01:25:00,23.17844392384532,22.530960349734702
test,2018-08-30 01:30:00,23.14675736013076,22.50917788075962
test,2018-08-30 01:35:00,23.11515269491668,22.487232360346923
test,2018-08-30 01:40:00,23.08360185562391,22.465122447154442
test,2018-08-30 01:45:00,23.05209663434484,22.442847410623
test,2018-08-30 01:50:00,23.020630972497173,22.420407391023385
test,2018-08-30 01:55:00,22.98920055672746,22.3978032954764
test,2018-08-30 02:00:00,22.957803658555736,22.375036703775187
test,2018-08-30 02:05:00,22.92631620812801,22.351796182633144
test,2018-08-30 02:10:00,22.89445841332629,22.328083644232805
test,2018-08-30 02:15:00,22.862095209702417,22.303915231098816
test,2018-08-30 02:20:00,22.829217752904345,22.27930225375705
test,2018-08-30 02:25:00,22.79587013664101,22.254254189054098
test,2018-08-30 02:30:00,22.762143727154363,22.228780015729566
test,2018-08-30 02:35:00,22.728035283768,22.20288936948484
test,2018-08-30 02:40:00,22.693579523747072,22.176590648875372
test,2018-08-30 02:45:00,22.65881382476769,22.149891962350182
test,2018-08-30 02:50:00,22.623768712498908,22.122801287933587
test,2018-08-30 02:55:00,22.588467948635685,22.095326415562226
test,2018-08-30 03:00:00,22.552930508909505,22.067474882897322
test,2018-08-30 03:05:00,22.51690592044829,22.039534828255892
test,2018-08-30 03:10:00,22.48080334527009,22.01153942851724
test,2018-08-30 03:15:00,22.444933013635296,21.98347686012967
test,2018-08-30 03:20:00,22.40940322310399,21.95534386066462
test,2018-08-30 03:25:00,22.37420939443696,21.927141001420352
test,2018-08-30 03:30:00,22.33931338725693,21.898870009948116
test,2018-08-30 03:35:00,22.30467839835361,21.870532872481764
test,2018-08-30 03:40:00,22.27027647553389,21.84213172045647
test,2018-08-30 03:45:00,22.2360866309615,21.813668895707732
test,2018-08-30 03:50:00,22.20209206026387,21.78514698796918
test,2018-08-30 03:55:00,22.16827480905605,21.756568824791735
test,2018-08-30 04:00:00,22.13462135811269,21.727937359669756
test,2018-08-30 04:05:00,22.073599005540387,21.695082369332088
test,2018-08-30 04:10:00,21.99334566587763,21.661729912348925
test,2018-08-30 04:15:00,21.90813182375376,21.627493935175703
test,2018-08-30 04:20:00,21.825445811084805,21.592296723791222
test,2018-08-30 04:25:00,21.74704606105551,21.55621887232418
test,2018-08-30 04:30:00,21.67260839459186,21.519375351046918
test,2018-08-30 04:35:00,21.60219327605001,21.4819429797996
test,2018-08-30 04:40:00,21.53506611489089,21.44395120404638
test,2018-08-30 04:45:00,21.470580306697883,21.405484944638708
test,2018-08-30 04:50:00,21.40876934818271,21.366650267885916
test,2018-08-30 04:55:00,21.3492530561668,21.32747684992464
test,2018-08-30 05:00:00,21.291647368694203,21.28802252464535
test,2018-08-30 05:05:00,21.26117789742901,21.25214492788084
test,2018-08-30 05:10:00,21.24672172169292,21.216499887591517
test,2018-08-30 05:15:00,21.23638643970137,21.181419542554828
test,2018-08-30 05:20:00,21.22384907769488,21.146899029767717
test,2018-08-30 05:25:00,21.208219755112697,21.112947656765506
test,2018-08-30 05:30:00,21.19079244741012,21.079494269423723
test,2018-08-30 05:35:00,21.17357058541379,21.04658110934608
test,2018-08-30 05:40:00,21.156785229296823,21.014123570752645
test,2018-08-30 05:45:00,21.140276228196896,20.982123970609614
test,2018-08-30 05:50:00,21.12089586181201,20.950269829558994
test,2018-08-30 05:55:00,21.105019242956143,20.91881135621123
test,2018-08-30 06:00:00,21.09223117714046,20.887817032321912
test,2018-08-30 06:05:00,21.08194210632629,20.858350454464578
test,2018-08-30 06:10:00,21.073761494911707,20.83038225707992
test,2018-08-30 06:15:00,21.067501371665657,20.80388143474568
test,2018-08-30 06:20:00,21.06378436349668,20.77887829270326
test,2018-08-30 06:25:00,21.062602852236783,20.755302940902336
test,2018-08-30 06:30:00,21.064043958586915,20.73315033208351
test,2018-08-30 06:35:00,21.06982629226147,20.7125691821484
test,2018-08-30 06:40:00,21.07962764713008,20.693438992285525
test,2018-08-30 06:45:00,21.092950183648565,20.675790240965824
test,2018-08-30 06:50:00,21.11044012087605,20.65972094184752
test,2018-08-30 06:55:00,21.13191575062752,20.645191605136
test,2018-08-30 07:00:00,21.15721954952154,20.63223805553452
test,2018-08-30 07:05:00,21.18708812997405,20.621259673765294
test,2018-08-30 07:10:00,21.221429505248324,20.612251715927076
test,2018-08-30 07:15:00,21.259400162980025,20.605241769464424
test,2018-08-30 07:20:00,21.300295767274008,20.60024231422666
test,2018-08-30 07:25:00,21.343760988859746,20.597253704644768
test,2018-08-30 07:30:00,21.389647002667388,20.596271539483183
test,2018-08-30 07:35:00,21.455335589894705,20.598946676563703
test,2018-08-30 07:40:00,21.53408193165909,20.603946575240148
test,2018-08-30 07:45:00,21.61776141654856,20.611486195156683
test,2018-08-30 07:50:00,21.71127432392792,20.622430473512047
test,2018-08-30 07:55:00,21.81041762549756,20.63607666735823
test,2018-08-30 08:00:00,21.911444912952625,20.652477311042084
test,2018-08-30 08:05:00,21.99225001157461,20.669363458339596
test,2018-08-30 08:10:00,22.05982123345868,20.688214520672265
test,2018-08-30 08:15:00,22.123522248530364,20.708717458171314
test,2018-08-30 08:20:00,22.178869522498708,20.72987552872611
test,2018-08-30 08:25:00,22.23078234388485,20.75239721867273
test,2018-08-30 08:30:00,22.283497462238625,20.776189795483848
test,2018-08-30 08:35:00,22.336751243099844,20.801060158829436
test,2018-08-30 08:40:00,22.391542398553803,20.82719406900016
test,2018-08-30 08:45:00,22.4485705177422,20.854602748806737
test,2018-08-30 08:50:00,22.50808710803318,20.883314739368558
test,2018-08-30 08:55:00,22.57003058238102,20.91335560864587
test,2018-08-30 09:00:00,22.634274752165727,20.94475177473744
test,2018-08-30 09:05:00,22.70047653483386,20.97749805242113
test,2018-08-30 09:10:00,22.768659747486595,21.011637134080594
test,2018-08-30 09:15:00,22.83885994148284,21.047182732648174
test,2018-08-30 09:20:00,22.911071130391864,21.084148510105262
test,2018-08-30 09:25:00,22.985263982709856,21.122547226319135
test,2018-08-30 09:30:00,23.06128182005018,21.16239029572235
test,2018-08-30 09:35:00,23.13899936202085,21.203690342192345
test,2018-08-30 09:40:00,23.218250501573404,21.246448216026227
test,2018-08-30 09:45:00,23.29888808687408,21.290665331252047
test,2018-08-30 09:50:00,23.38503379381879,21.336748660026288
test,2018-08-30 09:55:00,23.47497213761558,21.38436621191333
test,2018-08-30 10:00:00,23.56666316241541,21.4335644747341
test,2018-08-30 10:05:00,23.66031213977399,21.4838242829992
test,2018-08-30 10:10:00,23.75481035182194,21.535042836377674
test,2018-08-30 10:15:00,23.84934159252913,21.58724144917279
test,2018-08-30 10:20:00,23.946317768604303,21.640666194038793
test,2018-08-30 10:25:00,23.999844024162684,21.69058548799771
test,2018-08-30 10:30:00,23.99999926133123,21.73805534293683
test,2018-08-30 10:35:00,23.99999999673001,21.78713496485875
test,2018-08-30 10:40:00,23.99999999998265,21.834298524903325
test,2018-08-30 10:45:00,23.999999999999908,21.880581378701294
test,2018-08-30 10:50:00,24.0,21.926039297236667
test,2018-08-30 10:55:00,24.0,21.97070070454245
test,2018-08-30 11:00:00,24.0,22.014605326817804
test,2018-08-30 11:05:00,24.000000000000004,22.05775432138783
test,2018-08-30 11:10:00,24.0,22.100157990190432
test,2018-08-30 11:15:00,24.0,22.141828014419655
test,2018-08-30 11:20:00,24.0,22.182784849865033
test,2018-08-30 11:25:00,24.000000000000004,22.223069221421397
test,2018-08-30 11:30:00,24.0,22.262707199219847
test,2018-08-30 11:35:00,24.0,22.30173372101042
test,2018-08-30 11:40:00,24.0,22.340134558735123
test,2018-08-30 11:45:00,24.0,22.37792963251435
test,2018-08-30 11:50:00,24.000000000000004,22.41505345306367
test,2018-08-30 11:55:00,24.0,22.45160107842333
test,2018-08-30 12:00:00,24.0,22.487508526131215
test,2018-08-30 12:05:00,24.0,22.52276957565088
test,2018-08-30 12:10:00,24.0,22.557418060730512
test,2018-08-30 12:15:00,24.0,22.591475546977325
test,2018-08-30 12:20:00,24.0,22.6249499414855
test,2018-08-30 12:25:00,24.0,22.65786782309674
test,2018-08-30 12:30:00,24.0,22.690231963848877
test,2018-08-30 12:35:00,23.99987545451372,22.72180199835201
test,2018-08-30 12:40:00,24.0000342573061,22.752815781839526
test,2018-08-30 12:45:00,23.999975067914303,22.783313944176818
test,2018-08-30 12:50:00,23.99996600978524,22.813267451923753
test,2018-08-30 12:55:00,23.999964005244987,22.84274879673695
test,2018-08-30 13:00:00,23.999962517878625,22.871832619743653
test,2018-08-30 13:05:00,23.999970405551583,22.900478377968994
test,2018-08-30 13:10:00,23.99996974863867,22.928564042456543
test,2018-08-30 13:15:00,23.99996866781036,22.956032857887074
test,2018-08-30 13:20:00,23.99997030911016,22.98296350900992
test,2018-08-30 13:25:00,23.999969452664107,23.0093401793411
test,2018-08-30 13:30:00,23.999968531895405,23.03516559236355
test,2018-08-30 13:35:00,23.999967322856147,23.06043768349295
test,2018-08-30 13:40:00,23.999966414396138,23.085178155998396
test,2018-08-30 13:45:00,23.999965640775702,23.109423674252852
test,2018-08-30 13:50:00,23.999964802069275,23.133188837527292
test,2018-08-30 13:55:00,23.99996413271612,23.156493270317405
test,2018-08-30 14:00:00,23.999963523610976,23.1793546838642
test,2018-08-30 14:05:00,23.99996296615468,23.201781453013695
test,2018-08-30 14:10:00,23.99996244001516,23.22379099684119
test,2018-08-30 14:15:00,23.999961978397767,23.245405167640545
test,2018-08-30 14:20:00,23.99996155004506,23.266634921548537
test,2018-08-30 14:25:00,23.999961170938256,23.28749499554829
test,2018-08-30 14:30:00,23.99996080455753,23.307990181310686
test,2018-08-30 14:35:00,23.99996017728077,23.32812232202673
test,2018-08-30 14:40:00,23.99995986433076,23.347906270620097
test,2018-08-30 14:45:00,23.99995958044077,23.367349460358763
test,2018-08-30 14:50:00,23.99995916570141,23.38644405849453
test,2018-08-30 14:55:00,23.99995886494959,23.405184323900784
test,2018-08-30 15:00:00,23.9999586219426,23.423592652861554
test,2018-08-30 15:05:00,23.999958352548568,23.44165985847261
test,2018-08-30 15:10:00,23.999958090584872,23.459379151039172
test,2018-08-30 15:15:00,23.999957829493983,23.476748578977254
test,2018-08-30 15:20:00,23.999957574082902,23.493767793173348
test,2018-08-30 15:25:00,23.99995732434021,23.510437528375355
test,2018-08-30 15:30:00,23.999957070819736,23.526751922231437
test,2018-08-30 15:35:00,23.99995467561904,23.54244283115169
test,2018-08-30 15:40:00,23.99995447248152,23.55768122449886
test,2018-08-30 15:45:00,23.999954368645746,23.572567658676174
test,2018-08-30 15:50:00,23.99995422077299,23.586993190557436
test,2018-08-30 15:55:00,23.999954281442907,23.601044339267986
test,2018-08-30 16:00:00,23.999954357988177,23.61477487094713
test,2018-08-30 16:05:00,23.999954452515105,23.628192568937404
test,2018-08-30 16:10:00,23.99995456225067,23.641304064875218
test,2018-08-30 16:15:00,23.99995469222717,23.65411422917796
test,2018-08-30 16:20:00,23.999954843260475,23.66661335657694
test,2018-08-30 16:25:00,23.999955004872344,23.67881736506577
test,2018-08-30 16:30:00,23.99995517339968,23.690736887015017
test,2018-08-30 16:35:00,23.999955467874983,23.702416645415173
test,2018-08-30 16:40:00,23.999955588375908,23.713907339664793
test,2018-08-30 16:45:00,23.999955612386287,23.725307331675523
test,2018-08-30 16:50:00,23.999955730326803,23.73657709088366
test,2018-08-30 16:55:00,23.99995573827877,23.747739510838297
test,2018-08-30 17:00:00,23.9999557117115,23.7588114001992
test,2018-08-30 17:05:00,23.99995572643577,23.769487489956926
test,2018-08-30 17:10:00,23.999955689843805,23.77979581630822
test,2018-08-30 17:15:00,23.999955637239907,23.789758359411493
test,2018-08-30 17:20:00,23.999955530225986,23.79945054678596
test,2018-08-30 17:25:00,23.999955445938497,23.80885092113731
test,2018-08-30 17:30:00,23.999955362474,23.817964590255787
test,2018-08-30 17:35:00,23.99995551794604,23.826716586694747
test,2018-08-30 17:40:00,23.999955483795503,23.83514627437469
test,2018-08-30 17:45:00,23.999955428975195,23.843282475093215
test,2018-08-30 17:50:00,23.999954634852696,23.851486723487614
test,2018-08-30 17:55:00,23.99995471425889,23.859550471676457
test,2018-08-30 18:00:00,23.999954851097787,23.86738729121544
test,2018-08-30 18:05:00,23.999954872883286,23.874290312863252
test,2018-08-30 18:10:00,23.999955207016672,23.88007867271021
test,2018-08-30 18:15:00,23.999955649195783,23.884834139723637
test,2018-08-30 18:20:00,23.999956209738706,23.888620643027156
test,2018-08-30 18:25:00,23.999956896091724,23.891487743630385
test,2018-08-30 18:30:00,23.999957717321056,23.893478083178753
test,2018-08-30 18:35:00,23.99995820189136,23.894528043543875
test,2018-08-30 18:40:00,23.999959070748897,23.89469312267915
test,2018-08-30 18:45:00,23.99996008082736,23.894026546377596
test,2018-08-30 18:50:00,23.9999609246536,23.892535147184493
test,2018-08-30 18:55:00,23.999962116428648,23.890265163737116
test,2018-08-30 19:00:00,23.99996347571285,23.887253736081554
test,2018-08-30 19:05:00,23.999963878803182,23.88461734914013
test,2018-08-30 19:10:00,23.999964827480103,23.88222264054932
test,2018-08-30 19:15:00,23.999965898135528,23.88003600807628
test,2018-08-30 19:20:00,23.99996707103644,23.87802000088637
test,2018-08-30 19:25:00,23.999968348471857,23.87614037151352
test,2018-08-30 19:30:00,23.999969737102106,23.874366172001942
test,2018-08-30 19:35:00,24.000130657371244,23.87267305835332
test,2018-08-30 19:40:00,23.999880288502705,23.87098143016967
test,2018-08-30 19:45:00,23.99999873990588,23.869383424669667
test,2018-08-30 19:50:00,23.999999985149778,23.86773493455762
test,2018-08-30 19:55:00,23.99999999761848,23.86607516687497
test,2018-08-30 20:00:00,23.999999999124693,23.864384195721374
test,2018-08-30 20:05:00,23.99999999994668,23.862636466031564
test,2018-08-30 20:10:00,23.999999997923712,23.860819274012282
test,2018-08-30 20:15:00,24.00000000022857,23.858919900181245
test,2018-08-30 20:20:00,24.000000001003773,23.85692746174839
test,2018-08-30 20:25:00,24.00000000024262,23.85483205175871
test,2018-08-30 20:30:00,23.999999999716284,23.852624771227596
test,2018-08-30 20:35:00,23.999999999997804,23.850481057782435
test,2018-08-30 20:40:00,23.999999999999982,23.848287914778307
test,2018-08-30 20:45:00,24.0,23.84597307568852
test,2018-08-30 20:50:00,24.0,23.84360807492382
test,2018-08-30 20:55:00,24.000000000000004,23.841130854051382
test,2018-08-30 21:00:00,24.000000000000004,23.838502618772292
test,2018-08-30 21:05:00,24.116078241285475,23.847923027586802
test,2018-08-30 21:10:00,24.29139693847784,23.8587438672225
test,2018-08-30 21:15:00,24.469278095264183,23.87223448370196
test,2018-08-30 21:20:00,24.626352334691457,23.888423415838695
test,2018-08-30 21:25:00,24.7603512108757,23.90684262820406
test,2018-08-30 21:30:00,24.87584009913112,23.92698811138461
test,2018-08-30 21:35:00,24.97452752627981,23.948207893575866
test,2018-08-30 21:40:00,25.060568016584,23.970415190260134
test,2018-08-30 21:45:00,25.13727750097676,23.993354855843734
test,2018-08-30 21:50:00,25.20540393501561,24.01671627076757
test,2018-08-30 21:55:00,25.26711964843323,24.04047006935472
test,2018-08-30 22:00:00,25.323439483880065,24.06450126624696
test,2018-08-30 22:05:00,25.37478786570011,24.088379603357822
test,2018-08-30 22:10:00,25.421523559294563,24.112047043890758
test,2018-08-30 22:15:00,25.46410170341221,24.135448323229717
test,2018-08-30 22:20:00,25.503051150574617,24.1585349845654
test,2018-08-30 22:25:00,25.53877358514385,24.18126709445783
test,2018-08-30 22:30:00,25.57134853792672,24.203610671543274
test,2018-08-30 22:35:00,25.599254309381493,24.22540024260085
test,2018-08-30 22:40:00,25.62297906912304,24.24670118724911
test,2018-08-30 22:45:00,25.64327214949664,24.26745423427053
test,2018-08-30 22:50:00,25.65992032919913,24.287549824953405
test,2018-08-30 22:55:00,25.673390149481182,24.30700564477089
test,2018-08-30 23:00:00,25.684038643108043,24.325781669595028
test,2018-08-30 23:05:00,25.62605213554724,24.34419598786721
test,2018-08-30 23:10:00,25.52835478323857,24.360780356215404
test,2018-08-30 23:15:00,25.42163683234033,24.37473726972071
test,2018-08-30 23:20:00,25.31968038588656,24.385943301750196
test,2018-08-30 23:25:00,25.22612226587256,24.39457171439798
test,2018-08-30 23:30:00,25.14025918841111,24.400868923562435
test,2018-08-30 23:35:00,25.06061852611509,24.405060317408513
test,2018-08-30 23:40:00,24.98608098290502,24.40733444187109
test,2018-08-30 23:45:00,24.915931614815022,24.407851438112505
test,2018-08-30 23:50:00,24.849677263300872,24.406752325307256
test,2018-08-30 23:55:00,24.786915714620328,24.404164156036817
test,2018-08-31 00:00:00,24.727283557477715,24.400202261179
test,2018-08-31 00:05:00,24.672021084741125,24.39462644743215
test,2018-08-31 00:10:00,24.6217159168138,24.38759879088271
test,2018-08-31 00:15:00,24.57623441585056,24.379277697692633
test,2018-08-31 00:20:00,24.535090245321545,24.36981237791822
test,2018-08-31 00:25:00,24.49771555075544,24.359335886056577
test,2018-08-31 00:30:00,24.463590767864574,24.34796406884441
test,2018-08-31 00:35:00,24.43228028147133,24.33579725991136
test,2018-08-31 00:40:00,24.403422131654843,24.32292265443005
test,2018-08-31 00:45:00,24.37670925081288,24.309416377037277
test,2018-08-31 00:50:00,24.351876569286,24.29534507676326
test,2018-08-31 00:55:00,24.3286935145226,24.280767189478052
test,2018-08-31 01:00:00,24.30695925838028,24.265733993439724
test,2018-08-31 01:05:00,24.28579294267224,24.25022870944175
test,2018-08-31 01:10:00,24.265270320366422,24.234339516197313
test,2018-08-31 01:15:00,24.24556402758506,24.218091615569612
test,2018-08-31 01:20:00,24.22672069270802,24.20151277244295
test,2018-08-31 01:25:00,24.208696023506945,24.184630628613686
test,2018-08-31 01:30:00,24.19141626303804,24.16747083383327
test,2018-08-31 01:35:00,24.17477862956704,24.150056521909114
test,2018-08-31 01:40:00,24.158686778599684,24.132407808476774
test,2018-08-31 01:45:00,24.14305813169433,24.114542044974954
test,2018-08-31 01:50:00,24.127821883920685,24.096474215106486
test,2018-08-31 01:55:00,24.112915767758626,24.07821727418205
test,2018-08-31 02:00:00,24.098283853893307,24.05978240741358
test,2018-08-31 02:05:00,24.083769683595342,24.041538333815634
test,2018-08-31 02:10:00,24.0690574847886,24.023442866030898
test,2018-08-31 02:15:00,24.05399256718528,24.005473971902507
test,2018-08-31 02:20:00,24.03855872351204,23.987608891278203
test,2018-08-31 02:25:00,24.022797806189427,23.96982684662232
test,2018-08-31 02:30:00,24.00676089782333,23.952110009310907
test,2018-08-31 02:35:00,23.99015482085167,23.93441130348199
test,2018-08-31 02:40:00,23.97312501057568,23.916744157592127
test,2018-08-31 02:45:00,23.95582427102991,23.899093680062904
test,2018-08-31 02:50:00,23.93822723157757,23.88143428760645
test,2018-08-31 02:55:00,23.92060560087805,23.86377174143983
test,2018-08-31 03:00:00,23.90301561426457,23.846102864691588
test,2018-08-31 03:05:00,23.885242369082142,23.828369785177923
test,2018-08-31 03:10:00,23.86768926424575,23.810625255739232
test,2018-08-31 03:15:00,23.85063302293676,23.792873068143425
test,2018-08-31 03:20:00,23.834246306411327,23.77512309208983
test,2018-08-31 03:25:00,23.81862751905378,23.75738887356249
test,2018-08-31 03:30:00,23.803638101157933,23.739685933875077
test,2018-08-31 03:35:00,23.789487250953886,23.722057096092158
test,2018-08-31 03:40:00,23.77599523115345,23.704487938061384
test,2018-08-31 03:45:00,23.762986030950533,23.68699114901178
test,2018-08-31 03:50:00,23.750534044307702,23.669590827244832
test,2018-08-31 03:55:00,23.73851625077449,23.652281632187698
test,2018-08-31 04:00:00,23.72679947468699,23.63507114900901
test,2018-08-31 04:05:00,23.697626588778235,23.61511853739361
test,2018-08-31 04:10:00,23.65799031412946,23.59448954247749
test,2018-08-31 04:15:00,23.615723896491364,23.57300849335469
test,2018-08-31 04:20:00,23.574504003260017,23.550662662455476
test,2018-08-31 04:25:00,23.53515783583332,23.52751258550952
test,2018-08-31 04:30:00,23.4974472297626,23.503631796345896
test,2018-08-31 04:35:00,23.4592660967024,23.478903884917052
test,2018-08-31 04:40:00,23.42111646682378,23.45353216039407
test,2018-08-31 04:45:00,23.38363366805721,23.427542661467935
test,2018-08-31 04:50:00,23.346210672966848,23.400882062190156
test,2018-08-31 04:55:00,23.30921067860245,23.37366515963094
test,2018-08-31 05:00:00,23.27303253987148,23.34591995092454
test,2018-08-31 05:05:00,23.26321403252848,23.32070639696647
test,2018-08-31 05:10:00,23.268904917251188,23.295780193361082
test,2018-08-31 05:15:00,23.278177252758447,23.271447250244197
test,2018-08-31 05:20:00,23.285460301984955,23.24775639840383
test,2018-08-31 05:25:00,23.28955440745439,23.22463973675015
test,2018-08-31 05:30:00,23.29150835022208,23.20201746284332
test,2018-08-31 05:35:00,23.292844844556846,23.17988106560061
test,2018-08-31 05:40:00,23.29394705075521,23.15816186602171
test,2018-08-31 05:45:00,23.294831301648685,23.136844184434608
test,2018-08-31 05:50:00,23.29574696769289,23.11593490744659
test,2018-08-31 05:55:00,23.29676080130396,23.095402525028177
test,2018-08-31 06:00:00,23.29785615665665,23.07523949701828
test,2018-08-31 06:05:00,23.30051201554461,23.0567106549846
test,2018-08-31 06:10:00,23.30501705401985,23.03968689612036
test,2018-08-31 06:15:00,23.31130271241011,23.02412081578528
test,2018-08-31 06:20:00,23.31558223329319,23.00960088063721
test,2018-08-31 06:25:00,23.319376673626603,22.99639481440119
test,2018-08-31 06:30:00,23.32442238841633,22.98443044336548
test,2018-08-31 06:35:00,23.329682407569827,22.973490134599615
test,2018-08-31 06:40:00,23.3362369011446,22.96371415806962
test,2018-08-31 06:45:00,23.345152743580247,22.955080277604484
test,2018-08-31 06:50:00,23.37843174221998,22.949621170878853
test,2018-08-31 06:55:00,23.428426414002093,22.945726445620434
test,2018-08-31 07:00:00,23.485305633019166,22.943694670960234
test,2018-08-31 07:05:00,23.535752578645752,22.942842578652698
test,2018-08-31 07:10:00,23.581281972236106,22.943767797963517
test,2018-08-31 07:15:00,23.6251637861046,22.94631791671219
test,2018-08-31 07:20:00,23.662104192590693,22.949758320386668
test,2018-08-31 07:25:00,23.69531080984041,22.954576543271546
test,2018-08-31 07:30:00,23.728213284603644,22.960661022363162
test,2018-08-31 07:35:00,23.76233812807807,22.967982080448635
test,2018-08-31 07:40:00,23.797886809040307,22.976528041858995
test,2018-08-31 07:45:00,23.83457496812927,22.98630011734685
test,2018-08-31 07:50:00,23.87242281454505,22.99729782757222
test,2018-08-31 07:55:00,23.91143494992137,23.00951522489642
test,2018-08-31 08:00:00,23.95160582739052,23.02295064767552
test,2018-08-31 08:05:00,23.99442418055657,23.037664546933478
test,2018-08-31 08:10:00,23.9999872433406,23.049546834144962
test,2018-08-31 08:15:00,23.999999978676264,23.063255215144675
test,2018-08-31 08:20:00,23.99999999995229,23.076452507558667
test,2018-08-31 08:25:00,23.999999999999872,23.089426576634256
test,2018-08-31 08:30:00,24.0,23.10231077453535
test,2018-08-31 08:35:00,24.0,23.115155913301386
test,2018-08-31 08:40:00,24.000000000000004,23.128001117570818
test,2018-08-31 08:45:00,24.0,23.141124554109606
test,2018-08-31 08:50:00,24.000000000000007,23.154524220890544
test,2018-08-31 08:55:00,24.0,23.168199400111874
test,2018-08-31 09:00:00,24.0,23.182148582246185
test,2018-08-31 09:05:00,24.000000000000007,23.196056488310486
test,2018-08-31 09:10:00,24.0,23.20994078810549
test,2018-08-31 09:15:00,24.000000000000004,23.223814713212406
test,2018-08-31 09:20:00,24.0,23.237689840236623
test,2018-08-31 09:25:00,24.000000000000004,23.251579340677605
test,2018-08-31 09:30:00,24.0,23.265492121193507
test,2018-08-31 09:35:00,24.0,23.279431353007986
test,2018-08-31 09:40:00,24.000000000000004,23.293422857662478
test,2018-08-31 09:45:00,24.0,23.30747962271023
test,2018-08-31 09:50:00,24.0,23.32161108846234
test,2018-08-31 09:55:00,24.0,23.33582825506329
test,2018-08-31 10:00:00,24.0,23.35013942550292
test,2018-08-31 10:05:00,24.0,23.364559790167498
test,2018-08-31 10:10:00,24.0,23.37909389177012
test,2018-08-31 10:15:00,24.000000000000004,23.393747659647158
test,2018-08-31 10:20:00,24.0,23.40852508977557
test,2018-08-31 10:25:00,24.0,23.42343134125688
test,2018-08-31 10:30:00,24.000000000000004,23.4384715782282
test,2018-08-31 10:35:00,23.999999999292854,23.453656664586067
test,2018-08-31 10:40:00,24.00000000069572,23.46899303608898
test,2018-08-31 10:45:00,24.000000000127013,23.48448546173294
test,2018-08-31 10:50:00,23.999999999552266,23.500137196591457
test,2018-08-31 10:55:00,23.99986896621875,23.51593688828998
test,2018-08-31 11:00:00,23.999950635481508,23.53191241555967
test,2018-08-31 11:05:00,23.99998019201401,23.5477088744706
test,2018-08-31 11:10:00,23.999978620798,23.563379735626903
test,2018-08-31 11:15:00,23.99997684173031,23.578938361322678
test,2018-08-31 11:20:00,23.99997515521144,23.594398829704758
test,2018-08-31 11:25:00,23.999973568982472,23.60977490937289
test,2018-08-31 11:30:00,23.999972070208035,23.625077108927073
test,2018-08-31 11:35:00,23.999969511147984,23.640270301934194
test,2018-08-31 11:40:00,23.999968070812702,23.65538558607827
test,2018-08-31 11:45:00,23.999966797327687,23.670446399660225
test,2018-08-31 11:50:00,23.99996515791756,23.685440381929887
test,2018-08-31 11:55:00,23.999964019086267,23.700385700481633
test,2018-08-31 12:00:00,23.999962915643994,23.715276147561756
test,2018-08-31 12:05:00,23.99996200667092,23.72979509401158
test,2018-08-31 12:10:00,23.999961154524915,23.743971719659765
test,2018-08-31 12:15:00,23.99996037641832,23.757834895971772
test,2018-08-31 12:20:00,23.999959617022576,23.771391811461655
test,2018-08-31 12:25:00,23.99995886646796,23.78464420743612
test,2018-08-31 12:30:00,23.999958202294376,23.79762176543261
test,2018-08-31 12:35:00,23.99995757333608,23.81034477769666
test,2018-08-31 12:40:00,23.99995702928732,23.822830146368634
test,2018-08-31 12:45:00,23.99995653924041,23.835093715346662
test,2018-08-31 12:50:00,23.999955296413408,23.84709641146108
test,2018-08-31 12:55:00,23.99995489197329,23.85888648506067
test,2018-08-31 13:00:00,23.99995456677819,23.870496428667973
test,2018-08-31 13:05:00,23.999954079926475,23.88195032200128
test,2018-08-31 13:10:00,23.999953869757803,23.893273220522524
test,2018-08-31 13:15:00,23.999953697791945,23.904481472710657
test,2018-08-31 13:20:00,23.99995354926722,23.915582822175722
test,2018-08-31 13:25:00,23.99995342175668,23.926583142199927
test,2018-08-31 13:30:00,23.99995331107017,23.93748776209393
test,2018-08-31 13:35:00,23.99995316086241,23.948288922404394
test,2018-08-31 13:40:00,23.999953081267467,23.959000416915135
test,2018-08-31 13:45:00,23.999953015409424,23.9696312847891
test,2018-08-31 13:50:00,23.99995293592864,23.98017417057348
test,2018-08-31 13:55:00,23.999952878903027,23.99061489591465
test,2018-08-31 14:00:00,23.999952832035788,24.000964935889744
test,2018-08-31 14:05:00,23.99995273744621,24.01153399912621
test,2018-08-31 14:10:00,23.999952649565618,24.02229796368016
test,2018-08-31 14:15:00,23.999952565825115,24.03323501911609
test,2018-08-31 14:20:00,23.999952486611846,24.04432460649148
test,2018-08-31 14:25:00,23.99995241868217,24.05555304882313
test,2018-08-31 14:30:00,23.999952351139697,24.066897806687972
test,2018-08-31 14:35:00,23.99995228396715,24.0783172545206
test,2018-08-31 14:40:00,23.999952237057453,24.089806882392804
test,2018-08-31 14:45:00,23.999952195656792,24.101360323031454
test,2018-08-31 14:50:00,23.99995217318093,24.11295072326771
test,2018-08-31 14:55:00,23.999952151676496,24.124571540439945
test,2018-08-31 15:00:00,23.99995213881453,24.136206067668894
test,2018-08-31 15:05:00,23.99995217694184,24.14751032126775
test,2018-08-31 15:10:00,23.999952229607363,24.15848904631016
test,2018-08-31 15:15:00,23.99995229597576,24.16914798900183
test,2018-08-31 15:20:00,23.999952374309576,24.17949333008342
test,2018-08-31 15:25:00,23.999952468298407,24.189534281296122
test,2018-08-31 15:30:00,23.99995258143076,24.19927369977912
test,2018-08-31 15:35:00,23.99995281277234,24.208734276004158
test,2018-08-31 15:40:00,23.9999529353011,24.217953610407314
test,2018-08-31 15:45:00,23.99995304556893,24.226952542604096
test,2018-08-31 15:50:00,23.99995323566331,24.2357256509911
test,2018-08-31 15:55:00,23.99995332494157,24.24433009420132
test,2018-08-31 16:00:00,23.999953417880395,24.252756989485285
test,2018-08-31 16:05:00,23.99995349531905,24.26101870006494
test,2018-08-31 16:10:00,23.999953575549977,24.26912647438394
test,2018-08-31 16:15:00,23.99995359193893,24.27714683587253
test,2018-08-31 16:20:00,23.99995361371241,24.285065201597256
test,2018-08-31 16:25:00,23.99995362331688,24.292890828626895
test,2018-08-31 16:30:00,23.9999535696334,24.300687791094013
test,2018-08-31 16:35:00,23.999953910913693,24.308305184000375
test,2018-08-31 16:40:00,23.99995397467937,24.31578610552727
test,2018-08-31 16:45:00,23.99995398307429,24.323184589202047
test,2018-08-31 16:50:00,23.999954150081887,24.330483142159693
test,2018-08-31 16:55:00,23.99995414303123,24.33771968465067
test,2018-08-31 17:00:00,23.999954090831896,24.344934817505738
test,2018-08-31 17:05:00,23.99995407732227,24.35151865761096
test,2018-08-31 17:10:00,23.99995400589804,24.357536028654703
test,2018-08-31 17:15:00,23.999953911864765,24.363041515861184
test,2018-08-31 17:20:00,23.99995382170509,24.36806312328753
test,2018-08-31 17:25:00,23.99995375869848,24.37259866502683
test,2018-08-31 17:30:00,23.999953662713605,24.37672590973882
test,2018-08-31 17:35:00,23.99995325315371,24.38052164059968
test,2018-08-31 17:40:00,23.99995315573029,24.383962106419258
test,2018-08-31 17:45:00,23.999953062395225,24.387092340377766
test,2018-08-31 17:50:00,23.99995290381605,24.389922990635043
test,2018-08-31 17:55:00,23.999952864783,24.39245108526083
test,2018-08-31 18:00:00,23.9999528541386,24.394685591859087
test,2018-08-31 18:05:00,23.999953348079305,24.396201238176264
test,2018-08-31 18:10:00,23.99995336983877,24.396570497128064
test,2018-08-31 18:15:00,23.999953448649595,24.395865469131536
test,2018-08-31 18:20:00,23.999953601864853,24.394137490014803
test,2018-08-31 18:25:00,23.999953856372056,24.39143149716445
test,2018-08-31 18:30:00,23.99995422007156,24.387778302495644
test,2018-08-31 18:35:00,23.99995455306428,24.383115225158832
test,2018-08-31 18:40:00,23.999955036276283,24.377493389392114
test,2018-08-31 18:45:00,23.99995562396228,24.370963354005017
test,2018-08-31 18:50:00,23.999956187788488,24.363524164411224
test,2018-08-31 18:55:00,23.999956945847227,24.355217229121262
test,2018-08-31 19:00:00,23.999957835768,24.346076002197183
test,2018-08-31 19:05:00,23.999960154278416,24.337662702624044
test,2018-08-31 19:10:00,23.99996125828244,24.32981921957281
test,2018-08-31 19:15:00,23.999962392127824,24.322429856070485
test,2018-08-31 19:20:00,23.99996477926886,24.31550537720217
test,2018-08-31 19:25:00,23.999966498004188,24.308954516148184
test,2018-08-31 19:30:00,23.999968334886034,24.302708259917175
test,2018-08-31 19:35:00,23.999966547525087,24.296560121797523
test,2018-08-31 19:40:00,23.999967902566578,24.290571579327125
test,2018-08-31 19:45:00,23.999969631627035,24.28477143142008
test,2018-08-31 19:50:00,23.99996947089292,24.279062222088665
test,2018-08-31 19:55:00,23.999971166226885,24.273472083794086
test,2018-08-31 20:00:00,23.99994390939837,24.26800750851168
test,2018-08-31 20:05:00,23.99990742141056,24.263074409294674
test,2018-08-31 20:10:00,23.99985903821153,24.258623458469852
test,2018-08-31 20:15:00,23.99980994309272,24.254613508567864
test,2018-08-31 20:20:00,23.999998087893125,24.251029132943913
test,2018-08-31 20:25:00,23.99999997872238,24.247783092914702
test,2018-08-31 20:30:00,23.999999998785977,24.244891267910532
test,2018-08-31 20:35:00,23.99999999828745,24.242410239088635
test,2018-08-31 20:40:00,23.999999998165343,24.240257554988638
test,2018-08-31 20:45:00,24.00000000013041,24.238372572549217
test,2018-08-31 20:50:00,24.000000000040725,24.236779902918745
test,2018-08-31 20:55:00,24.000000001440853,24.235429998231222
test,2018-08-31 21:00:00,23.99999999933732,24.23428780273841
test,2018-08-31 21:05:00,24.1599383810843,24.2491917985513
test,2018-08-31 21:10:00,24.398625001735983,24.265349543969865
test,2018-08-31 21:15:00,24.636386678897967,24.28450549504705
test,2018-08-31 21:20:00,24.841030580834342,24.30666114984017
test,2018-08-31 21:25:00,25.01007317836461,24.331131287513283
test,2018-08-31 21:30:00,25.150498422176703,24.357190801352377
test,2018-08-31 21:35:00,25.26322111078608,24.383758532812635
test,2018-08-31 21:40:00,25.354925206638725,24.41082769734947
test,2018-08-31 21:45:00,25.43118817202353,24.43801117052641
test,2018-08-31 21:50:00,25.49236888460284,24.464784714738155
test,2018-08-31 21:55:00,25.54134597356872,24.49115625457731
test,2018-08-31 22:00:00,25.580655603553687,24.51693007467263
test,2018-08-31 22:05:00,25.6117454602986,24.54192879842232
test,2018-08-31 22:10:00,25.63662230747348,24.56604153785891
test,2018-08-31 22:15:00,25.65697757043333,24.58919631178731
test,2018-08-31 22:20:00,25.673719247512075,24.611353816705456
test,2018-08-31 22:25:00,25.68727961135096,24.632490469163248
test,2018-08-31 22:30:00,25.69791128555872,24.652588411736435
test,2018-08-31 22:35:00,25.702914935661823,24.671371690548497
test,2018-08-31 22:40:00,25.70353492421948,24.689031576461645
test,2018-08-31 22:45:00,25.70130201301316,24.705518180741052
test,2018-08-31 22:50:00,25.695646001104592,24.720684144059806
test,2018-08-31 22:55:00,25.687422257732155,24.734629845821715
test,2018-08-31 23:00:00,25.677407717553564,24.747340721537974
test,2018-08-31 23:05:00,25.66624282718096,24.758866695170106
test,2018-08-31 23:10:00,25.654078687291168,24.769202902338
test,2018-08-31 23:15:00,25.6409051313545,24.77836248498932
test,2018-08-31 23:20:00,25.626693705617534,24.786357426553838
test,2018-08-31 23:25:00,25.61145863236278,24.793198313082254
test,2018-08-31 23:30:00,25.595239884367725,24.798895376731178
test,2018-08-31 23:35:00,25.57808506103152,24.80345913067735
test,2018-08-31 23:40:00,25.560034355436315,24.80690058442119
test,2018-08-31 23:45:00,25.54113367132796,24.80923112007709
test,2018-08-31 23:50:00,25.52139942842982,24.81046264043939
test,2018-08-31 23:55:00,25.50084262224758,24.810606956261008
